seg_id,u,v,key,street,highway,length_m,lat,lon,light,encl_frontage,encl_height,poi_density,poi_night_density,transit_night_400m,vis_sidewalk,vis_vegetation,vis_sky,vis_building,vis_pole,has_visual,car_free,traffic_class,maxspeed_mph,lanes,traffic_exposure,sidewalk_present,crossing_near,day_safety,comfort_night,geometry_wkt
0,126143170,6746387794,0,nan,footway,65.9,43.6087,-116.204,0.0,0.0,0.0,3,0,2,,,,,,False,1.0,0.0,25.0,2.0,0.0,1.0,1.0,0.92,0.2227,"LINESTRING (-116.204333 43.608591, -116.204298 43.608627, -116.204235 43.608673, -116.20419 43.608687, -116.204139 43.608696, -116.20391 43.608696, -116.20382 43.608703, -116.203767 43.60871, -116.203712 43.608739, -116.203638 43.608812)"
1,126143176,9451654287,0,West Julia Davis Drive,unclassified,134.4,43.6102,-116.2048,0.0,0.75,5.0603,6,0,3,0.0786,0.3655,0.1599,0.0028,0.004,True,0.0,2.0,15.0,2.0,0.107,0.5,4.0,0.974,0.1804,"LINESTRING (-116.205634 43.610284, -116.205468 43.610286, -116.205304 43.61028, -116.205162 43.610263, -116.205007 43.610225, -116.204801 43.61014, -116.204637 43.610035, -116.204562 43.609986, -116.204233 43.609738)"
2,126171718,126260474,0,East Holly Street,residential,74.6,43.6058,-116.1868,0.0,1.0,4.8849,2,0,0,,,,,,False,0.0,2.0,25.0,2.0,0.179,0.5,5.0,0.881,0.0,"LINESTRING (-116.186363 43.605582, -116.187141 43.605946)"
3,126177390,957703931,0,nan,footway,80.9,43.6104,-116.2161,0.0,0.0,0.0,2,1,1,,,,,,False,1.0,0.0,25.0,2.0,0.0,1.0,2.0,0.92,0.2911,"LINESTRING (-116.21624 43.610775, -116.216199 43.610745, -116.216158 43.610712, -116.21613 43.610658, -116.216118 43.610603, -116.216113 43.610552, -116.216103 43.610466, -116.21607 43.610412, -116.216009 43.610293, -116.216008 43.610231, -116.216017 43.610162, -116.216029 43.610128, -116.216044 43.610092)"
4,126177451,898395076,0,nan,footway,93.5,43.608,-116.2181,0.0,0.0,0.0,0,0,0,,,,,,False,1.0,0.0,25.0,2.0,0.0,1.0,1.0,0.92,0.2136,"LINESTRING (-116.218675 43.608035, -116.218436 43.608035, -116.218329 43.608027, -116.218222 43.608009, -116.218095 43.607982, -116.218006 43.60795, -116.217861 43.607873, -116.21783 43.607831, -116.217824 43.607785, -116.217833 43.607736, -116.21786 43.60767)"
5,126177451,898394987,0,nan,footway,297.7,43.6067,-116.2168,0.0,0.2353,4.3921,1,0,0,,,,,,False,1.0,0.0,25.0,2.0,0.0,1.0,1.0,0.92,0.2648,"LINESTRING (-116.215309 43.605978, -116.215509 43.606007, -116.215603 43.606044, -116.215698 43.606112, -116.215775 43.60617, -116.215884 43.606218, -116.215978 43.606254, -116.216091 43.606277, -116.216202 43.606304, -116.216314 43.606354, -116.216405 43.606406, -116.216498 43.606464, -116.216581 43.60653, -116.216643 43.606589, -116.216759 43.606712, -116.216836 43.606778, -116.216945 43.606851, -116.217056 43.606908, -116.217225 43.60699, -116.217389 43.607069, -116.217584 43.607171, -116.217712 43.607238, -116.217818 43.607308, -116.217867 43.60736, -116.217891 43.607418, -116.217909 43.607519, -116.217901 43.607575, -116.217883 43.60762, -116.21786 43.60767)"
6,126186876,6212506114,0,West Julia Davis Drive,unclassified,72.7,43.6095,-116.2037,0.0,0.0,0.0,3,0,3,,,,,,False,0.0,2.0,15.0,2.0,0.107,0.5,3.0,0.974,0.2759,"LINESTRING (-116.204125 43.609675, -116.203981 43.6096, -116.203758 43.609516, -116.203447 43.609442, -116.203304 43.609421)"
7,126186876,7075988418,0,West Julia Davis Drive,unclassified,138.0,43.6093,-116.2025,0.0,0.375,3.9526,4,0,3,,,,,,False,0.0,2.0,15.0,2.0,0.107,0.5,2.0,0.974,0.3055,"LINESTRING (-116.201648 43.609145, -116.201843 43.609172, -116.202003 43.609206, -116.202293 43.609288, -116.202509 43.609351, -116.202738 43.609399, -116.202958 43.609411, -116.203304 43.609421)"
8,126194312,126239103,0,South Walnut Street,tertiary,66.8,43.6037,-116.1854,0.0362,0.75,5.0322,0,0,0,0.0112,0.3209,0.1256,0.0118,0.0012,True,0.0,3.0,30.0,2.0,0.321,0.5,3.0,0.773,0.171,"LINESTRING (-116.185584 43.603489, -116.185137 43.603995)"
9,126195636,126195640,0,West Yale Court,residential,55.9,43.6017,-116.2043,0.0259,1.0,2.6014,0,0,0,,,,,,False,0.0,2.0,25.0,2.0,0.179,0.5,0.0,0.881,0.0311,"LINESTRING (-116.204199 43.601954, -116.2045 43.601501)"
10,126195640,126195643,0,West Yale Court,residential,26.6,43.6021,-116.2041,0.0708,1.0,3.0294,1,0,0,,,,,,False,0.0,2.0,25.0,2.0,0.179,0.5,0.0,0.881,0.0117,"LINESTRING (-116.204056 43.60217, -116.204199 43.601954)"
11,126195640,126409436,0,West Yale Court,residential,67.8,43.6021,-116.2046,0.0962,1.0,3.3181,2,0,0,,,,,,False,0.0,2.0,25.0,2.0,0.179,0.5,1.0,0.881,0.0004,"LINESTRING (-116.204951 43.602228, -116.204199 43.601954)"
12,126215811,9592909212,0,nan,footway,44.1,43.6119,-116.2189,0.0,0.0,0.0,0,0,0,,,,,,False,1.0,0.0,25.0,2.0,0.0,1.0,1.0,0.92,0.2136,"LINESTRING (-116.218955 43.612128, -116.218846 43.611866, -116.218789 43.611848, -116.218788 43.61177)"
13,126222229,5763093970,0,West Fairview Avenue,secondary,72.0,43.6206,-116.2165,0.2869,0.2,7.6314,4,1,5,,,,,,False,0.0,4.0,35.0,4.0,1.0,0.5,3.0,0.55,0.7408,"LINESTRING (-116.216092 43.620583, -116.216986 43.620598)"
14,126222229,7056068384,0,West Fairview Avenue,secondary,104.6,43.6206,-116.2176,0.4908,0.8333,6.9297,3,1,4,,,,,,False,0.0,4.0,35.0,3.0,0.75,0.5,7.0,0.587,0.5667,"LINESTRING (-116.218284 43.620628, -116.217911 43.620619, -116.21789 43.620619, -116.217377 43.620607, -116.217257 43.620604, -116.217172 43.620602, -116.216986 43.620598)"
15,126228643,2292636655,0,West Fort Street,tertiary,34.3,43.6149,-116.1922,0.2148,0.0,0.0,12,0,5,0.0012,0.1764,0.2728,0.0517,0.0062,True,0.0,3.0,30.0,1.0,0.161,0.5,7.0,0.796,0.3833,"LINESTRING (-116.192193 43.614715, -116.192164 43.614799, -116.19217 43.614891, -116.192191 43.614963, -116.192221 43.615015)"
16,126228643,2292636655,1,West Fort Street,tertiary,106.1,43.6152,-116.1924,0.0781,0.1667,7.6343,15,0,5,0.0101,0.1582,0.289,0.049,0.0056,True,0.0,3.0,30.0,2.0,0.321,0.5,7.0,0.773,0.4872,"LINESTRING (-116.192193 43.614715, -116.192227 43.614816, -116.19224 43.614901, -116.19227 43.614957, -116.192288 43.61499, -116.192352 43.615064, -116.192432 43.61515, -116.192502 43.61521, -116.192517 43.615268, -116.192445 43.615249, -116.192383 43.615192, -116.19233 43.615136, -116.192303 43.615107, -116.192221 43.615015)"
17,126228673,12483966357,0,West Fort Street,tertiary,48.8,43.6213,-116.1968,0.0225,1.0,6.9563,8,2,2,,,,,,False,0.0,3.0,30.0,2.0,0.321,0.5,3.0,0.773,0.2259,"LINESTRING (-116.197076 43.621471, -116.19658 43.621219)"
18,126228673,8223343199,0,North 6th Street,tertiary,105.2,43.6209,-116.196,0.0472,0.8333,6.2433,6,0,2,,,,,,False,0.0,2.0,25.0,2.0,0.179,0.5,7.0,0.881,0.1371,"LINESTRING (-116.195557 43.620833, -116.195648 43.620737, -116.195744 43.620798, -116.196432 43.621144, -116.19658 43.621219)"
19,126229807,126229813,0,West Shoreline Lane,unclassified,149.4,43.6134,-116.2177,0.0,1.0,6.7215,16,1,1,0.0263,0.2286,0.2305,0.0358,0.0018,True,0.0,2.0,25.0,2.0,0.179,0.5,5.0,0.881,0.0567,"LINESTRING (-116.218335 43.613905, -116.218166 43.613727, -116.218087 43.613627, -116.217586 43.613274, -116.217445 43.613236, -116.217246 43.613107, -116.217148 43.613094, -116.216975 43.613135)"
20,126229807,6208619120,0,West Shoreline Lane,unclassified,48.5,43.6129,-116.2168,0.0,0.6667,9.252,4,1,1,,,,,,False,0.0,2.0,25.0,2.0,0.179,0.5,0.0,0.881,0.2815,"LINESTRING (-116.216585 43.612935, -116.216626 43.612948, -116.216763 43.612902, -116.216826 43.612913, -116.216975 43.613135)"
21,126231315,126308022,0,South Capitol Boulevard,primary,41.6,43.6045,-116.2123,0.184,0.0,0.0,3,2,3,0.0258,0.2456,0.2599,0.0196,0.0053,True,0.0,5.0,40.0,3.0,1.0,0.5,4.0,0.425,0.5084,"LINESTRING (-116.212475 43.604345, -116.212304 43.60454, -116.212187 43.604656)"
22,126231929,7234149296,0,West River Street,secondary,40.1,43.6116,-116.2105,0.2642,1.0,7.1324,10,0,5,0.027,0.0704,0.2097,0.2848,0.0024,True,0.0,4.0,30.0,3.0,0.643,0.5,4.0,0.75,0.3072,"LINESTRING (-116.21033 43.611542, -116.210729 43.611757)"
23,126231929,6208619111,0,West River Street,secondary,109.8,43.612,-116.2113,0.1436,0.1429,7.1324,16,0,4,0.0656,0.1754,0.2611,0.0939,0.0021,True,0.0,4.0,30.0,3.0,0.643,0.5,10.0,0.75,0.4568,"LINESTRING (-116.211851 43.612319, -116.210729 43.611757)"
24,126231935,6208619113,0,West River Street,secondary,98.0,43.6126,-116.2125,0.2048,1.0,6.3519,9,0,2,0.0144,0.2727,0.189,0.0336,0.009,True,0.0,4.0,30.0,3.0,0.643,0.5,8.0,0.75,0.1205,"LINESTRING (-116.21198 43.612386, -116.212975 43.612894)"
25,126231935,6208619115,0,West River Street,secondary,62.8,43.6131,-116.2133,0.3214,0.0,0.0,3,0,2,0.0118,0.2268,0.2434,0.0229,0.013,True,0.0,4.0,30.0,3.0,0.643,0.5,6.0,0.75,0.348,"LINESTRING (-116.213532 43.613285, -116.213499 43.613242, -116.213256 43.613057, -116.212975 43.612894)"
26,126231958,8324061590,0,South Americana Boulevard,secondary,32.0,43.6178,-116.217,0.4027,0.0,0.0,10,0,2,0.03,0.2067,0.2554,0.3674,0.0023,True,0.0,4.0,30.0,3.0,0.643,0.5,10.0,0.75,0.3086,"LINESTRING (-116.217142 43.617768, -116.216784 43.617893)"
27,126232402,12677636546,0,East Lewis Street,residential,111.8,43.6075,-116.1883,0.0023,1.0,5.6964,1,0,0,,,,,,False,0.0,2.0,25.0,2.0,0.179,0.5,3.0,0.881,0.0383,"LINESTRING (-116.187746 43.607217, -116.188573 43.607575, -116.188767 43.607659, -116.188938 43.607733)"
28,126233217,6208568575,0,South 23rd Street,unclassified,138.1,43.6194,-116.2165,0.0043,0.25,5.1684,2,0,5,,,,,,False,0.0,2.0,25.0,2.0,0.179,0.5,1.0,0.881,0.5134,"LINESTRING (-116.217345 43.619362, -116.217163 43.619368, -116.216798 43.619364, -116.216471 43.61936, -116.216133 43.619352, -116.215892 43.619349, -116.21563 43.619342)"
29,126233217,6208568549,0,West Front Street,tertiary,49.9,43.6193,-116.2153,0.0293,0.0,0.0,2,0,5,,,,,,False,0.0,3.0,30.0,2.0,0.321,0.5,3.0,0.773,0.414,"LINESTRING (-116.215046 43.61919, -116.215125 43.619213, -116.21563 43.619342)"
30,126233251,7056068224,0,South 23rd Street,unclassified,33.8,43.6204,-116.2184,0.3311,1.0,5.8773,2,0,5,,,,,,False,0.0,2.0,25.0,2.0,0.179,0.5,5.0,0.881,0.407,"LINESTRING (-116.218395 43.620536, -116.218399 43.620418, -116.218387 43.620231)"
31,126235901,8582170110,0,West Horizon Drive,residential,40.7,43.6252,-116.1885,0.0121,1.0,0.0,0,0,0,,,,,,False,0.0,2.0,25.0,2.0,0.179,0.5,0.0,0.881,0.0,"LINESTRING (-116.188492 43.625416, -116.188493 43.62505)"
32,126235901,6905774157,0,West Horizon Drive,residential,132.2,43.6253,-116.1892,0.0,1.0,5.1889,1,1,0,,,,,,False,0.0,2.0,25.0,2.0,0.179,0.5,0.0,0.881,0.1306,"LINESTRING (-116.189639 43.625792, -116.189011 43.625155, -116.188944 43.625109, -116.188853 43.625067, -116.188648 43.62505, -116.188493 43.62505)"
33,126235901,6918666000,0,West Horizon Drive,residential,172.0,43.625,-116.1874,0.0,1.0,5.7359,0,0,0,,,,,,False,0.0,2.0,25.0,2.0,0.179,0.5,0.0,0.881,0.0867,"LINESTRING (-116.186374 43.625159, -116.186612 43.62511, -116.186821 43.625071, -116.187046 43.625049, -116.188493 43.62505)"
34,126235910,6905774157,0,West Horizon Drive,residential,40.3,43.6259,-116.1898,0.0,0.6667,0.0,0,0,0,,,,,,False,0.0,2.0,25.0,2.0,0.179,0.5,0.0,0.881,0.0,"LINESTRING (-116.189639 43.625792, -116.189944 43.626079)"
35,126235910,126235929,0,West Horizon Drive,residential,65.7,43.6258,-116.1901,0.0,0.75,3.752,0,0,0,,,,,,False,0.0,2.0,25.0,2.0,0.179,0.5,0.0,0.881,0.1319,"LINESTRING (-116.190062 43.62554, -116.190076 43.625646, -116.190129 43.625791, -116.190131 43.625844, -116.190121 43.625917, -116.190062 43.625991, -116.189944 43.626079)"
36,126235910,126272993,0,West East Way,residential,219.4,43.6262,-116.1886,0.0,0.7692,4.904,1,1,0,,,,,,False,0.0,2.0,25.0,2.0,0.179,0.5,0.0,0.881,0.2011,"LINESTRING (-116.187279 43.625942, -116.187812 43.626035, -116.188417 43.626158, -116.189636 43.626158, -116.189812 43.62613, -116.189944 43.626079)"
37,126235929,126235942,0,West Horizon Drive,residential,131.3,43.625,-116.1902,0.0205,0.75,4.0573,1,0,0,,,,,,False,0.0,2.0,25.0,2.0,0.179,0.5,0.0,0.881,0.0977,"LINESTRING (-116.190785 43.624795, -116.190651 43.624708, -116.190586 43.624695, -116.190519 43.624702, -116.190406 43.624727, -116.190357 43.624755, -116.19028 43.624829, -116.190231 43.62492, -116.190072 43.625493, -116.190062 43.62554)"
38,126235942,126409388,0,West Circle Way Drive,residential,59.5,43.6245,-116.1908,0.0518,0.75,3.7801,2,0,0,,,,,,False,0.0,2.0,25.0,2.0,0.179,0.5,0.0,0.881,0.0755,"LINESTRING (-116.190679 43.624266, -116.190764 43.624564, -116.190785 43.624795)"
39,126235942,126312540,0,West O'Farrell Street,residential,86.7,43.6248,-116.1913,0.0049,1.0,3.7133,2,0,0,,,,,,False,0.0,2.0,25.0,2.0,0.179,0.5,0.0,0.881,0.0,"LINESTRING (-116.191846 43.62485, -116.190961 43.624845, -116.19087 43.62483, -116.190785 43.624795)"
40,126239103,6945763999,0,South Walnut Street,tertiary,91.0,43.6031,-116.1859,0.0658,0.6667,3.9376,0,0,0,0.0209,0.3815,0.0774,0.0316,0.0084,True,0.0,3.0,30.0,2.0,0.321,0.5,4.0,0.773,0.1888,"LINESTRING (-116.186196 43.602802, -116.185584 43.603489)"
41,126239113,11049572074,0,South Walnut Street,tertiary,55.3,43.6024,-116.1865,0.1483,0.25,6.6904,17,2,0,0.0905,0.1257,0.188,0.0787,0.0039,True,0.0,3.0,30.0,2.0,0.321,0.5,4.0,0.773,0.3615,"LINESTRING (-116.186335 43.602644, -116.186547 43.602401, -116.186702 43.602224)"
42,126241121,8444326772,0,South VA Hospital Loop,unclassified,49.2,43.6193,-116.1902,0.0,1.0,0.0,0,0,3,,,,,,False,0.0,2.0,25.0,2.0,0.179,0.5,4.0,0.881,0.0462,"LINESTRING (-116.190474 43.619407, -116.190298 43.619357, -116.190174 43.619295, -116.18997 43.619166)"
43,126241121,126290520,0,South VA Hospital Loop,unclassified,53.8,43.619,-116.1897,0.0,0.0,0.0,1,1,3,,,,,,False,0.0,2.0,25.0,2.0,0.179,0.5,7.0,0.881,0.426,"LINESTRING (-116.189491 43.618828, -116.18959 43.618893, -116.18997 43.619166)"
44,126241127,126241130,0,South VA Hospital Loop,unclassified,51.7,43.6194,-116.1909,0.0,0.0,0.0,0,0,3,,,,,,False,0.0,2.0,25.0,2.0,0.179,0.5,1.0,0.881,0.3733,"LINESTRING (-116.191247 43.619433, -116.190605 43.619424)"
45,126241130,8225216498,0,South VA Hospital Loop,unclassified,83.3,43.6196,-116.1917,0.0,0.0,0.0,0,0,3,,,,,,False,0.0,2.0,25.0,2.0,0.179,0.5,1.0,0.881,0.3733,"LINESTRING (-116.192172 43.619758, -116.191682 43.619571, -116.191571 43.619508, -116.191247 43.619433)"
46,126241146,8225216537,0,South VA Hospital Loop,unclassified,25.4,43.62,-116.1936,0.0,0.0,0.0,1,1,1,,,,,,False,0.0,2.0,25.0,2.0,0.179,0.5,4.0,0.881,0.3196,"LINESTRING (-116.193805 43.620009, -116.19349 43.619999)"
47,126241146,6228253315,0,South VA Hospital Loop,unclassified,102.4,43.6199,-116.1929,0.0,0.5,8.5162,1,1,3,,,,,,False,0.0,2.0,25.0,2.0,0.179,0.5,4.0,0.881,0.499,"LINESTRING (-116.192258 43.619783, -116.192683 43.61989, -116.192997 43.619946, -116.193265 43.619981, -116.19349 43.619999)"
48,126241170,6206412320,0,North VA Hospital Loop,unclassified,89.2,43.6211,-116.193,0.0,0.0,0.0,0,0,1,,,,,,False,0.0,2.0,25.0,2.0,0.179,0.5,3.0,0.881,0.2668,"LINESTRING (-116.193291 43.620744, -116.19301 43.621045, -116.192634 43.62139)"
49,126241174,8225216554,0,nan,footway,108.0,43.6216,-116.1915,0.0,1.0,6.1404,1,0,1,,,,,,False,1.0,0.0,25.0,2.0,0.0,1.0,3.0,0.92,0.0974,"LINESTRING (-116.191297 43.621138, -116.191799 43.622039)"
50,126241174,6206412348,0,North VA Hospital Loop,unclassified,38.3,43.6221,-116.1916,0.0,1.0,6.0148,0,0,1,,,,,,False,0.0,2.0,25.0,2.0,0.179,0.5,2.0,0.881,0.1442,"LINESTRING (-116.191354 43.622163, -116.191426 43.622144, -116.191799 43.622039)"
51,126241174,6206412325,0,North VA Hospital Loop,unclassified,77.8,43.6218,-116.1922,0.0,0.6,6.7991,0,0,1,,,,,,False,0.0,2.0,25.0,2.0,0.179,0.5,4.0,0.881,0.2862,"LINESTRING (-116.192473 43.621549, -116.192286 43.621735, -116.192146 43.621856, -116.191974 43.621961, -116.191799 43.622039)"
52,126241179,3579614461,0,North VA Hospital Loop,unclassified,25.3,43.6222,-116.191,0.0,0.5,5.7637,0,0,1,,,,,,False,0.0,2.0,25.0,2.0,0.179,0.5,2.0,0.881,0.3039,"LINESTRING (-116.19083 43.622216, -116.190981 43.622212, -116.191144 43.622199)"
53,126241192,8225216355,0,Access Road,unclassified,40.7,43.6205,-116.1892,0.0,1.0,0.0,2,0,1,,,,,,False,0.0,2.0,25.0,2.0,0.179,0.5,3.0,0.881,0.0,"LINESTRING (-116.18922 43.620306, -116.189261 43.620671)"
54,126241591,6317290259,0,East Front Street,secondary,91.7,43.6036,-116.188,0.2082,0.6667,9.1852,33,0,0,0.0359,0.1145,0.2348,0.151,0.0072,True,0.0,4.0,35.0,4.0,1.0,0.5,5.0,0.55,0.0726,"LINESTRING (-116.187678 43.603967, -116.187694 43.603948, -116.188039 43.603518, -116.188196 43.603234)"
55,126242035,126409436,0,South Joyce Street,residential,118.6,43.6018,-116.2053,0.0519,1.0,3.7899,2,0,0,,,,,,False,0.0,2.0,25.0,2.0,0.179,0.5,1.0,0.881,0.0,"LINESTRING (-116.204951 43.602228, -116.205605 43.601272)"
56,126242035,126242039,0,West Potter Drive,residential,29.6,43.6013,-116.2058,0.0352,1.0,3.5294,0,0,0,,,,,,False,0.0,2.0,25.0,2.0,0.179,0.5,0.0,0.881,0.0588,"LINESTRING (-116.205952 43.601195, -116.205793 43.601253, -116.205605 43.601272)"
57,126242039,126242041,0,West Potter Drive,residential,120.0,43.6014,-116.2066,0.0317,1.0,4.2741,1,0,0,,,,,,False,0.0,2.0,25.0,2.0,0.179,0.5,2.0,0.881,0.0247,"LINESTRING (-116.207283 43.601681, -116.205952 43.601195)"
58,126242039,7516052851,0,South Joyce Street,residential,46.8,43.601,-116.2061,0.0026,1.0,3.2651,0,0,0,,,,,,False,0.0,2.0,25.0,2.0,0.179,0.5,1.0,0.881,0.0398,"LINESTRING (-116.206127 43.600808, -116.20613 43.600895, -116.206108 43.600992, -116.206057 43.601099, -116.205952 43.601195)"
59,126242041,126287403,0,South Juanita Street,residential,65.6,43.6019,-116.2071,0.0709,1.0,4.3392,0,0,0,,,,,,False,0.0,2.0,15.0,2.0,0.107,0.5,0.0,0.974,0.09,"LINESTRING (-116.206889 43.602196, -116.207283 43.601681)"
60,126242041,7046057409,0,South Juanita Street,residential,53.8,43.6015,-116.2075,0.1309,1.0,5.3173,1,0,0,,,,,,False,0.0,2.0,25.0,2.0,0.179,0.5,2.0,0.881,0.0823,"LINESTRING (-116.20764 43.601272, -116.207283 43.601681)"
61,126244485,2468418285,0,North Bruce Avenue,residential,27.0,43.6114,-116.1861,0.0181,1.0,5.4851,1,0,0,,,,,,False,0.0,2.0,25.0,2.0,0.179,0.5,4.0,0.881,0.0411,"LINESTRING (-116.186168 43.611321, -116.186099 43.611435, -116.186058 43.611549)"
62,126244485,8235235619,0,nan,footway,127.1,43.6115,-116.1868,0.0128,1.0,6.3444,1,0,0,0.0984,0.4058,0.0947,0.0362,0.0045,True,1.0,0.0,25.0,2.0,0.0,1.0,7.0,0.92,0.0521,"LINESTRING (-116.187637 43.611536, -116.186189 43.61155, -116.186149 43.61155, -116.186058 43.611549)"
63,126247681,8223397387,0,North Flume Street,residential,49.7,43.6113,-116.1877,0.002,1.0,4.173,1,0,0,0.0054,0.4538,0.1105,0.0138,0.0008,True,0.0,2.0,25.0,2.0,0.179,0.5,4.0,0.881,0.0111,"LINESTRING (-116.187707 43.611535, -116.187712 43.611088)"
64,126247681,8235235679,0,North Flume Street,residential,71.5,43.6108,-116.1877,0.0173,1.0,5.1578,1,0,0,,,,,,False,0.0,2.0,25.0,2.0,0.179,0.5,1.0,0.881,0.0354,"LINESTRING (-116.187728 43.610446, -116.187719 43.610501, -116.187712 43.611088)"
65,126247688,8235235621,0,East Flume Court,residential,59.9,43.6111,-116.1873,0.0,1.0,3.2703,2,0,0,,,,,,False,0.0,2.0,25.0,2.0,0.179,0.5,2.0,0.881,0.0,"LINESTRING (-116.187622 43.611088, -116.187437 43.611088, -116.186878 43.611086)"
66,126255264,126255274,1,West Rose Park Circle,residential,58.3,43.6259,-116.1915,0.0499,1.0,4.084,0,0,0,,,,,,False,0.0,2.0,25.0,2.0,0.179,0.5,0.0,0.881,0.0766,"LINESTRING (-116.19185 43.626017, -116.191635 43.626016, -116.191615 43.626011, -116.191597 43.626004, -116.191579 43.625993, -116.191565 43.62598, -116.191555 43.625964, -116.19155 43.625947, -116.19155 43.625928, -116.191557 43.62591, -116.191568 43.625894, -116.191584 43.625881, -116.191607 43.625869, -116.191635 43.625862, -116.191849 43.625862)"
67,126256405,7369614698,0,West State Street,residential,153.9,43.6289,-116.2186,0.2367,1.0,5.976,4,0,4,,,,,,False,0.0,2.0,25.0,2.0,0.179,0.5,9.0,0.881,0.2826,"LINESTRING (-116.217847 43.628483, -116.217888 43.628492, -116.219253 43.629416)"
68,126264008,5089990193,0,Friendship Lane,residential,40.8,43.605,-116.2039,0.0,0.0,0.0,5,0,0,0.0,0.3857,0.049,0.0899,0.0002,True,0.0,2.0,15.0,1.0,0.054,0.5,2.0,0.977,0.0877,"LINESTRING (-116.20364 43.604931, -116.203728 43.604948, -116.203885 43.604999, -116.204 43.605044, -116.204087 43.605097)"
69,126264016,6404887120,0,Friendship Lane,residential,63.9,43.6048,-116.2009,0.0,1.0,8.2571,5,1,0,,,,,,False,0.0,2.0,15.0,1.0,0.054,0.5,0.0,0.977,0.0957,"LINESTRING (-116.200525 43.604891, -116.201093 43.604823, -116.201304 43.604784)"
70,126264016,126460499,0,South Theatre Lane,unclassified,89.9,43.6044,-116.2014,0.0,1.0,8.2571,4,1,0,,,,,,False,0.0,2.0,25.0,2.0,0.179,0.5,0.0,0.881,0.1085,"LINESTRING (-116.201738 43.604076, -116.201291 43.604594, -116.201264 43.604654, -116.201268 43.604711, -116.201304 43.604784)"
71,126264038,6101000940,0,Friendship Lane,residential,62.1,43.603,-116.1941,0.0112,0.5,5.3649,1,0,3,,,,,,False,0.0,2.0,15.0,2.0,0.107,0.5,3.0,0.974,0.3597,"LINESTRING (-116.194163 43.603307, -116.194114 43.602963, -116.194079 43.602899, -116.194013 43.602839, -116.193928 43.602811)"
72,126266643,126266683,0,East Strawberry Lane,residential,64.3,43.6039,-116.1864,0.0,1.0,5.9498,0,0,0,,,,,,False,0.0,2.0,25.0,2.0,0.179,0.5,6.0,0.881,0.09,"LINESTRING (-116.186021 43.603697, -116.186684 43.60402)"
73,126266643,11232563430,0,East Strawberry Lane,residential,35.4,43.6041,-116.1869,0.031,1.0,4.846,0,0,0,,,,,,False,0.0,2.0,25.0,2.0,0.179,0.5,3.0,0.881,0.0839,"LINESTRING (-116.187054 43.604191, -116.186684 43.60402)"
74,126266683,8015012013,0,East Strawberry Lane,residential,32.2,43.6036,-116.1859,0.0668,1.0,5.0322,0,0,0,0.0534,0.4106,0.0388,0.052,0.0094,True,0.0,2.0,25.0,2.0,0.179,0.5,3.0,0.881,0.1012,"LINESTRING (-116.185687 43.603538, -116.186021 43.603697)"
75,126267194,9529570191,0,West Sherman Street,residential,233.1,43.628,-116.1919,0.006,1.0,5.4907,0,0,0,,,,,,False,0.0,2.0,25.0,2.0,0.179,0.5,2.0,0.881,0.0852,"LINESTRING (-116.193271 43.628362, -116.193171 43.628339, -116.192481 43.628094, -116.192292 43.628055, -116.192101 43.62805, -116.190549 43.62805, -116.190475 43.628076)"
76,126267194,8223342927,0,West Sherman Street,residential,108.2,43.6283,-116.1899,0.0224,1.0,4.8418,1,0,0,,,,,,False,0.0,2.0,25.0,2.0,0.179,0.5,3.0,0.881,0.0318,"LINESTRING (-116.189366 43.628552, -116.189396 43.628502, -116.189487 43.628408, -116.189537 43.628349, -116.189621 43.62831, -116.190264 43.628155, -116.190402 43.628108, -116.190475 43.628076)"
77,126267236,6364039731,0,West Chalet Lane,unclassified,41.2,43.6046,-116.21,0.0,1.0,7.4637,2,1,3,,,,,,False,0.0,2.0,25.0,2.0,0.179,0.5,9.0,0.881,0.2946,"LINESTRING (-116.210202 43.604661, -116.209721 43.604534)"
78,126269370,5263966053,0,West Julia Davis Drive,unclassified,47.2,43.6102,-116.2061,0.0,0.3333,7.1754,5,0,5,0.0158,0.1338,0.3614,0.0328,0.003,True,0.0,2.0,15.0,2.0,0.107,0.5,7.0,0.974,0.4654,"LINESTRING (-116.205807 43.610268, -116.206074 43.610226, -116.206205 43.610218, -116.206381 43.610252)"
79,126269489,126349984,0,East Lenz Street,residential,87.2,43.6081,-116.1876,0.0196,1.0,5.7284,0,0,0,,,,,,False,0.0,2.0,25.0,2.0,0.179,0.5,1.0,0.881,0.0943,"LINESTRING (-116.188018 43.608265, -116.187093 43.607858)"
80,126269489,6208705042,0,South Straughan Avenue,residential,64.8,43.6076,-116.1873,0.0355,1.0,3.7279,0,0,0,,,,,,False,0.0,2.0,25.0,2.0,0.179,0.5,3.0,0.881,0.0634,"LINESTRING (-116.187496 43.607354, -116.187357 43.607524, -116.187093 43.607858)"
81,126269489,7974918160,0,South Straughan Avenue,residential,96.0,43.6082,-116.1868,0.1359,1.0,5.0639,1,0,0,,,,,,False,0.0,2.0,25.0,2.0,0.179,0.5,5.0,0.881,0.08,"LINESTRING (-116.186489 43.608603, -116.186573 43.608499, -116.187093 43.607858)"
82,126269495,8323711808,0,East Holly Street,residential,95.3,43.6062,-116.1877,0.0155,1.0,4.8442,0,0,0,,,,,,False,0.0,2.0,25.0,2.0,0.179,0.5,3.0,0.881,0.0778,"LINESTRING (-116.187228 43.605987, -116.188223 43.606452)"
83,126269495,6208705038,0,East Holly Street,residential,33.4,43.6065,-116.1884,0.0177,1.0,4.8442,0,0,0,,,,,,False,0.0,2.0,25.0,2.0,0.179,0.5,2.0,0.881,0.0787,"LINESTRING (-116.188572 43.606615, -116.188223 43.606452)"
84,126269943,126312562,0,West Ada Street,residential,25.2,43.6275,-116.1912,0.0763,1.0,4.4694,0,0,0,,,,,,False,0.0,2.0,25.0,2.0,0.179,0.5,0.0,0.881,0.0946,"LINESTRING (-116.191368 43.627508, -116.191055 43.627508)"
85,126269943,8223342860,0,West Ada Street,residential,84.1,43.6277,-116.1906,0.0112,1.0,4.8624,0,0,0,,,,,,False,0.0,2.0,25.0,2.0,0.179,0.5,1.0,0.881,0.0765,"LINESTRING (-116.190453 43.628007, -116.190445 43.627972, -116.190457 43.627867, -116.190499 43.627773, -116.19054 43.627698, -116.190631 43.627629, -116.190758 43.627552, -116.19088 43.62752, -116.191055 43.627508)"
86,126269943,126269960,0,West Sky Drive,residential,138.8,43.6272,-116.1905,0.003,1.0,4.9045,0,0,0,,,,,,False,0.0,2.0,25.0,2.0,0.179,0.5,0.0,0.881,0.074,"LINESTRING (-116.189819 43.627479, -116.189935 43.627391, -116.190083 43.627298, -116.190259 43.62722, -116.190452 43.627165, -116.190644 43.627151, -116.190794 43.627149, -116.190853 43.627156, -116.190903 43.627182, -116.190941 43.627214, -116.190979 43.627276, -116.191011 43.62738, -116.191055 43.627508)"
87,126272142,8235235831,0,East Warm Springs Avenue,tertiary,123.8,43.609,-116.1872,0.2122,1.0,4.0786,19,1,0,0.003,0.3481,0.1188,0.066,0.0046,True,0.0,3.0,30.0,2.0,0.321,0.5,8.0,0.773,0.0308,"LINESTRING (-116.186531 43.608737, -116.187851 43.609308)"
88,126272142,7046340284,0,East Warm Springs Avenue,tertiary,63.3,43.6095,-116.1882,0.2685,1.0,5.7728,1,0,0,0.012,0.3762,0.0292,0.0598,0.0049,True,0.0,3.0,30.0,2.0,0.321,0.5,3.0,0.773,0.1433,"LINESTRING (-116.188495 43.609635, -116.187851 43.609308)"
89,126272176,5556611567,0,East Warm Springs Avenue,secondary,29.8,43.611,-116.1931,0.5476,0.0,0.0,7,2,6,0.0687,0.1994,0.2746,0.0378,0.0107,True,0.0,4.0,25.0,2.0,0.357,0.5,8.0,0.881,0.7611,"LINESTRING (-116.19287 43.611037, -116.193238 43.611062)"
90,126272176,6208705062,0,East Warm Springs Avenue,secondary,38.9,43.6111,-116.1935,0.3017,0.6667,3.222,25,2,6,0.1114,0.3107,0.1518,0.0462,0.0064,True,0.0,4.0,25.0,3.0,0.536,0.5,7.0,0.869,0.5156,"LINESTRING (-116.193716 43.611109, -116.193556 43.611086, -116.19343 43.611076, -116.193238 43.611062)"
91,126272181,126272185,0,East Warm Springs Avenue,secondary,54.4,43.6112,-116.1943,0.8056,1.0,5.6134,24,1,6,0.0502,0.2126,0.2815,0.0331,0.0106,True,0.0,4.0,25.0,3.0,0.536,0.5,4.0,0.869,0.5936,"LINESTRING (-116.194596 43.611234, -116.193934 43.611135)"
92,126273242,3579611784,0,North Robbins Road,unclassified,28.3,43.6166,-116.1921,0.228,0.0,0.0,1,0,4,,,,,,False,0.0,2.0,25.0,3.0,0.268,0.5,4.0,0.869,0.4667,"LINESTRING (-116.191915 43.616643, -116.192187 43.616576, -116.192249 43.616562)"
93,126275286,126275327,0,West Skylark Drive,residential,541.9,43.6285,-116.1887,0.0086,0.871,4.8831,2,0,0,,,,,,False,0.0,2.0,25.0,2.0,0.179,0.5,2.0,0.881,0.0409,"LINESTRING (-116.188383 43.626699, -116.188393 43.626754, -116.188449 43.626804, -116.18862 43.626885, -116.18888 43.626961, -116.189312 43.627125, -116.189419 43.627179, -116.189494 43.627233, -116.189549 43.627308, -116.189583 43.627399, -116.189592 43.627509, -116.189576 43.627594, -116.189513 43.627688, -116.189452 43.627752, -116.189189 43.627999, -116.188857 43.628348, -116.188605 43.628545, -116.188508 43.628594, -116.188402 43.628618, -116.188275 43.628624, -116.187402 43.628555, -116.187334 43.628522, -116.187315 43.628484, -116.187349 43.628443, -116.187423 43.628402, -116.187684 43.62835, -116.187822 43.628302, -116.188154 43.628032, -116.188573 43.627584)"
94,126275327,126312559,0,West Skylark Drive,residential,244.0,43.6266,-116.1899,0.0225,0.9286,5.0624,1,0,0,,,,,,False,0.0,2.0,20.0,2.0,0.143,0.5,2.0,0.943,0.0591,"LINESTRING (-116.191379 43.626644, -116.18848 43.626642, -116.188422 43.626656, -116.188383 43.626699)"
95,126275327,11272175815,0,nan,path,48.8,43.6268,-116.1882,0.0031,0.0,0.0,1,0,0,,,,,,False,1.0,0.0,25.0,2.0,0.0,1.0,0.0,0.92,0.1661,"LINESTRING (-116.187887 43.626819, -116.187973 43.626843, -116.188033 43.626837, -116.188165 43.626776, -116.188239 43.626774, -116.188259 43.626704, -116.188383 43.626699)"
96,126276292,126302290,0,West Main Street,secondary,80.4,43.6212,-116.2145,0.1653,1.0,5.3002,21,5,5,,,,,,False,0.0,4.0,35.0,2.0,0.5,0.5,5.0,0.625,0.4554,"LINESTRING (-116.214086 43.621001, -116.214911 43.621408)"
97,126276292,7056068311,0,West Main Street,secondary,88.9,43.6211,-116.2146,0.3143,1.0,5.4984,23,4,6,,,,,,False,0.0,4.0,35.0,2.0,0.5,0.5,6.0,0.625,0.5372,"LINESTRING (-116.21455 43.620685, -116.214544 43.620779, -116.21455 43.620902, -116.214575 43.62102, -116.214622 43.621125, -116.214672 43.62119, -116.214746 43.621264, -116.214911 43.621408)"
98,126276292,5763093976,0,West Main Street,secondary,45.2,43.6215,-116.2151,0.0596,0.6667,4.8554,13,4,6,,,,,,False,0.0,4.0,35.0,3.0,0.75,0.5,2.0,0.587,0.5738,"LINESTRING (-116.215372 43.621641, -116.215274 43.621593, -116.214911 43.621408)"
99,126284108,7516052713,0,South Martha Street,residential,102.1,43.6027,-116.2087,0.013,1.0,4.394,0,0,1,,,,,,False,0.0,2.0,25.0,2.0,0.179,0.5,2.0,0.881,0.1217,"LINESTRING (-116.2081 43.602651, -116.209346 43.602821)"
100,126284108,6913398344,0,South Martha Street,residential,121.8,43.6027,-116.2101,0.0659,1.0,4.5362,3,0,2,,,,,,False,0.0,2.0,25.0,2.0,0.179,0.5,3.0,0.881,0.1009,"LINESTRING (-116.210667 43.602406, -116.210063 43.602758, -116.209777 43.602832, -116.209577 43.60284, -116.209346 43.602821)"
101,126284110,7516052687,0,South Martha Circle,residential,38.6,43.6026,-116.2094,0.0156,1.0,3.8023,0,0,1,,,,,,False,0.0,2.0,25.0,2.0,0.179,0.5,1.0,0.881,0.1105,"LINESTRING (-116.209359 43.60277, -116.209445 43.602429)"
102,126287400,11733513748,0,West Verna Lane,residential,65.1,43.602,-116.2065,0.085,1.0,4.39,0,0,0,,,,,,False,0.0,2.0,25.0,2.0,0.179,0.5,0.0,0.881,0.0965,"LINESTRING (-116.206813 43.602168, -116.206467 43.602041, -116.206093 43.601902)"
103,126287403,126412186,0,South Juanita Street,residential,74.1,43.6025,-116.2067,0.0498,0.8,5.9893,0,0,0,0.1274,0.4064,0.112,0.0558,0.0001,True,0.0,2.0,15.0,2.0,0.107,0.5,1.0,0.974,0.1754,"LINESTRING (-116.206493 43.602798, -116.206889 43.602196)"
104,126289498,7504083243,0,South Eiden Drive,residential,221.4,43.6018,-116.2194,0.0278,1.0,5.2698,0,0,0,,,,,,False,0.0,2.0,25.0,2.0,0.179,0.5,1.0,0.881,0.09,"LINESTRING (-116.219396 43.600854, -116.2194 43.602845)"
105,126289501,126336317,0,West Rose Hill Street,tertiary,64.3,43.6008,-116.219,0.1313,0.5,6.6551,0,0,0,0.0345,0.5194,0.1886,0.0108,0.0028,True,0.0,3.0,30.0,2.0,0.321,0.5,2.0,0.773,0.3149,"LINESTRING (-116.218605 43.600849, -116.218996 43.600822, -116.219396 43.600771)"
106,126296259,126360019,0,West Fairview Avenue,secondary,36.8,43.6205,-116.2131,0.273,1.0,5.8609,21,2,6,,,,,,False,0.0,4.0,30.0,4.0,0.857,0.5,3.0,0.727,0.4581,"LINESTRING (-116.213319 43.620504, -116.213101 43.620461, -116.2129 43.620379)"
107,126296259,2292623985,0,North 16th Street,secondary,53.7,43.6206,-116.2127,0.1943,0.6667,5.745,16,2,7,,,,,,False,0.0,4.0,35.0,4.0,1.0,0.5,5.0,0.55,0.606,"LINESTRING (-116.212554 43.62079, -116.212641 43.620654, -116.2129 43.620379)"
108,126299062,2468324751,0,North 4th Street,residential,28.8,43.6238,-116.1915,0.0,1.0,4.8444,1,0,0,,,,,,False,0.0,2.0,25.0,2.0,0.179,0.5,0.0,0.881,0.0231,"LINESTRING (-116.191532 43.623698, -116.191541 43.623957)"
109,126299062,2468324753,0,North 4th Street,residential,49.3,43.6242,-116.1915,0.0,1.0,3.5861,1,0,0,,,,,,False,0.0,2.0,25.0,2.0,0.179,0.5,0.0,0.881,0.0,"LINESTRING (-116.19154 43.6244, -116.191541 43.623957)"
110,126299457,126321655,0,East Garrison Road,unclassified,72.6,43.6159,-116.189,0.0899,0.0,0.0,0,0,3,,,,,,False,0.0,2.0,25.0,2.0,0.179,0.5,1.0,0.881,0.4083,"LINESTRING (-116.188558 43.61607, -116.189395 43.615826)"
111,126299457,6206412705,0,East Garrison Road,unclassified,90.9,43.6157,-116.1899,0.0,0.0,0.0,4,0,3,,,,,,False,0.0,2.0,25.0,2.0,0.179,0.5,4.0,0.881,0.2602,"LINESTRING (-116.190443 43.615523, -116.189395 43.615826)"
112,126302290,7056068301,0,South 17th Street,residential,42.6,43.6208,-116.2142,0.5296,1.0,6.2765,23,3,4,,,,,,False,0.0,2.0,25.0,2.0,0.179,0.5,7.0,0.881,0.4939,"LINESTRING (-116.214389 43.620686, -116.214086 43.621001)"
113,126304589,126304597,0,North Robbins Road,unclassified,73.2,43.6173,-116.1897,0.0336,0.8,4.4149,0,0,4,,,,,,False,0.0,2.0,25.0,3.0,0.268,0.5,0.0,0.869,0.3552,"LINESTRING (-116.189278 43.617378, -116.190126 43.617141)"
114,126304597,3579611787,0,North Collins Road,unclassified,34.2,43.6172,-116.1892,0.0576,0.5,4.4149,0,0,4,,,,,,False,0.0,2.0,25.0,2.0,0.179,0.5,0.0,0.881,0.4627,"LINESTRING (-116.18912 43.617092, -116.189278 43.617378)"
115,126305732,8333940190,0,North 7th Street,residential,46.4,43.6224,-116.1964,0.0917,1.0,6.4855,1,0,2,,,,,,False,0.0,2.0,25.0,2.0,0.179,0.5,0.0,0.881,0.1913,"LINESTRING (-116.196363 43.622622, -116.196363 43.622205)"
116,126308051,126382553,0,South Capitol Boulevard,primary,79.0,43.603,-116.2136,0.2162,0.0,0.0,0,0,4,0.0223,0.245,0.2594,0.0809,0.0036,True,0.0,5.0,35.0,4.0,1.0,0.5,0.0,0.55,0.5108,"LINESTRING (-116.213553 43.603367, -116.213631 43.603146, -116.213634 43.60292, -116.213527 43.602676)"
117,126309846,7504083191,0,South Ruby Street,residential,170.6,43.6015,-116.2167,0.0727,1.0,4.6442,1,0,2,,,,,,False,0.0,2.0,25.0,2.0,0.179,0.5,1.0,0.881,0.1543,"LINESTRING (-116.21669 43.600782, -116.216696 43.602316)"
118,126309849,126336299,0,West Rose Hill Street,tertiary,93.9,43.6007,-116.2161,0.0771,1.0,3.5851,2,0,2,0.0596,0.2314,0.264,0.0415,0.0054,True,0.0,3.0,30.0,2.0,0.321,0.5,2.0,0.773,0.1057,"LINESTRING (-116.215524 43.600708, -116.21669 43.600706)"
119,126309849,126336305,0,West Rose Hill Street,tertiary,97.7,43.6007,-116.2173,0.0493,0.8333,4.4025,0,0,2,0.0102,0.2702,0.386,0.0257,0.0152,True,0.0,3.0,30.0,2.0,0.321,0.5,3.0,0.773,0.2438,"LINESTRING (-116.217896 43.600774, -116.21764 43.600736, -116.217326 43.600709, -116.21669 43.600706)"
120,126309857,126309860,0,South Ruby Street,residential,112.0,43.6036,-116.2167,0.024,0.8571,5.1122,0,0,0,0.0712,0.1557,0.417,0.0322,0.0052,True,0.0,2.0,25.0,2.0,0.179,0.5,0.0,0.881,0.1326,"LINESTRING (-116.216686 43.603054, -116.216685 43.603288, -116.216682 43.604061)"
121,126310967,8235235676,0,East Bannock Street,residential,32.6,43.6104,-116.1881,0.0355,1.0,0.0,0,0,0,,,,,,False,0.0,2.0,25.0,2.0,0.179,0.5,0.0,0.881,0.0,"LINESTRING (-116.187855 43.610372, -116.187895 43.610366, -116.18826 43.610361)"
122,126310967,8235235628,0,nan,footway,81.5,43.6103,-116.1888,0.0652,0.6,8.3435,0,0,1,,,,,,False,1.0,0.0,25.0,2.0,0.0,1.0,1.0,0.92,0.3306,"LINESTRING (-116.189258 43.610312, -116.189161 43.610309, -116.188926 43.610331, -116.188737 43.610309, -116.18864 43.610304, -116.18826 43.610361)"
123,126310973,8235235679,0,East Bannock Street,path,61.9,43.6103,-116.1875,0.0641,1.0,4.178,1,0,0,,,,,,False,1.0,0.0,25.0,2.0,0.0,1.0,2.0,0.92,0.0354,"LINESTRING (-116.187728 43.610446, -116.187666 43.610418, -116.187625 43.610383, -116.187635 43.610318, -116.187243 43.610146, -116.187162 43.610132)"
124,126311004,3470327950,0,East Bannock Street,unclassified,40.4,43.6123,-116.1924,0.0,1.0,12.8001,220,3,5,,,,,,False,0.0,2.0,25.0,2.0,0.179,0.5,9.0,0.881,0.2519,"LINESTRING (-116.19224 43.612176, -116.192591 43.612354, -116.192663 43.612365)"
125,126312533,10131217778,0,West Union Street,residential,202.2,43.6232,-116.1927,0.0226,1.0,4.0533,2,0,0,,,,,,False,0.0,2.0,25.0,2.0,0.179,0.5,4.0,0.881,0.0,"LINESTRING (-116.193975 43.623055, -116.193119 43.623081, -116.192623 43.623181, -116.19232 43.623242, -116.191623 43.623426, -116.191585 43.62344, -116.191556 43.623462)"
126,126312540,2468324755,0,North 4th Street,residential,49.7,43.6251,-116.1918,0.0,1.0,4.4572,1,0,0,,,,,,False,0.0,2.0,25.0,2.0,0.179,0.5,0.0,0.881,0.0159,"LINESTRING (-116.191848 43.625297, -116.191847 43.624914, -116.191846 43.62485)"
127,126312540,2468324753,0,North 4th Street,residential,56.6,43.6246,-116.1916,0.0,1.0,4.1688,2,0,0,,,,,,False,0.0,2.0,25.0,2.0,0.179,0.5,0.0,0.881,0.0,"LINESTRING (-116.19154 43.6244, -116.191564 43.624497, -116.19159 43.624554, -116.191649 43.624642, -116.191777 43.624785, -116.191846 43.62485)"
128,126312540,8583447170,0,West O'Farrell Street,residential,168.0,43.6249,-116.1929,0.0406,1.0,4.7375,2,0,0,,,,,,False,0.0,2.0,25.0,2.0,0.179,0.5,4.0,0.881,0.0085,"LINESTRING (-116.193934 43.624852, -116.193914 43.624852, -116.191846 43.62485)"
129,126312543,2468324755,0,North 4th Street,residential,50.3,43.6255,-116.1918,0.0229,1.0,3.7066,1,0,0,,,,,,False,0.0,2.0,25.0,2.0,0.179,0.5,0.0,0.881,0.0094,"LINESTRING (-116.191848 43.625297, -116.191849 43.625749)"
130,126312546,126312559,0,West Resseguie Street,residential,38.0,43.6266,-116.1916,0.0243,1.0,4.6072,0,0,0,,,,,,False,0.0,2.0,20.0,2.0,0.143,0.5,2.0,0.943,0.0769,"LINESTRING (-116.191379 43.626644, -116.191851 43.626644)"
131,126312546,8225216612,0,West Resseguie Street,residential,167.8,43.6266,-116.1929,0.0276,1.0,4.5152,0,0,0,,,,,,False,0.0,2.0,20.0,2.0,0.143,0.5,6.0,0.943,0.0765,"LINESTRING (-116.193936 43.626645, -116.193916 43.626645, -116.191851 43.626644)"
132,126312562,2468418223,0,North 4th Street,residential,49.9,43.6273,-116.1914,0.0576,1.0,4.6098,0,0,0,,,,,,False,0.0,2.0,25.0,2.0,0.179,0.5,1.0,0.881,0.09,"LINESTRING (-116.191369 43.62706, -116.191368 43.627508)"
133,126312562,126425806,0,West Ada Street,residential,152.6,43.6275,-116.1923,0.0049,1.0,4.7452,0,0,0,,,,,,False,0.0,2.0,25.0,2.0,0.179,0.5,1.0,0.881,0.0719,"LINESTRING (-116.193264 43.627509, -116.191368 43.627508)"
134,126313441,13887141167,0,West Alpine Street,residential,81.4,43.6032,-116.2183,0.0026,0.8,3.8675,1,0,0,,,,,,False,0.0,2.0,25.0,2.0,0.179,0.5,3.0,0.881,0.0703,"LINESTRING (-116.218749 43.603383, -116.218356 43.603221, -116.217869 43.603023)"
135,126313441,7504071672,0,South Peasley Street,residential,240.6,43.6019,-116.2179,0.0743,1.0,4.6013,1,0,1,,,,,,False,0.0,2.0,25.0,2.0,0.179,0.5,4.0,0.881,0.1009,"LINESTRING (-116.217894 43.600859, -116.217876 43.602405, -116.217869 43.603023)"
136,126315932,9591312192,0,West Royal Boulevard,residential,52.3,43.6095,-116.214,0.2203,1.0,9.048,5,0,2,,,,,,False,0.0,2.0,25.0,2.0,0.179,0.5,3.0,0.881,0.1952,"LINESTRING (-116.214268 43.60961, -116.213661 43.609443)"
137,126315936,2503250949,0,South Dale Street,residential,55.1,43.6079,-116.2144,0.3726,1.0,11.194,2,0,3,,,,,,False,0.0,2.0,25.0,2.0,0.179,0.5,5.0,0.881,0.3768,"LINESTRING (-116.214562 43.60769, -116.214323 43.608155)"
138,126316981,2423568483,0,South Capitol Boulevard,secondary,55.8,43.6021,-116.2126,0.1833,0.0,0.0,1,0,3,0.0086,0.2064,0.2841,0.0048,0.0064,True,0.0,4.0,35.0,4.0,1.0,0.5,4.0,0.55,0.396,"LINESTRING (-116.212928 43.602251, -116.212345 43.60198)"
139,126321655,126351509,0,East Garrison Road,unclassified,45.5,43.6161,-116.1883,0.0084,0.0,0.0,3,2,3,,,,,,False,0.0,2.0,25.0,2.0,0.179,0.5,0.0,0.881,0.4399,"LINESTRING (-116.187996 43.616112, -116.188558 43.61607)"
140,126321655,3579611787,0,North Collins Road,unclassified,122.3,43.6166,-116.1888,0.0341,0.0,0.0,1,1,4,,,,,,False,0.0,2.0,25.0,2.0,0.179,0.5,1.0,0.881,0.4925,"LINESTRING (-116.18912 43.617092, -116.188558 43.61607)"
141,126326538,6208705038,0,East Holly Street,residential,95.4,43.6068,-116.1891,0.0,1.0,5.5361,2,0,1,,,,,,False,0.0,2.0,25.0,2.0,0.179,0.5,1.0,0.881,0.0596,"LINESTRING (-116.188572 43.606615, -116.189302 43.606956, -116.189452 43.607027, -116.189567 43.60708)"
142,126335155,126335157,0,South Vista Avenue,primary,46.6,43.6003,-116.2136,0.1872,1.0,3.8659,3,2,4,0.0337,0.1672,0.4682,0.0336,0.0037,True,0.0,5.0,35.0,4.0,1.0,0.5,4.0,0.55,0.4019,"LINESTRING (-116.213632 43.600088, -116.213603 43.600507)"
143,126335155,3469038806,0,West Rose Hill Street,primary,32.1,43.6006,-116.2136,0.232,0.0,0.0,5,2,4,0.0253,0.1615,0.4082,0.0481,0.0074,True,0.0,3.0,35.0,4.0,0.75,0.5,3.0,0.55,0.5518,"LINESTRING (-116.213736 43.600682, -116.21355 43.600653, -116.213572 43.600592, -116.213603 43.600507)"
144,126336296,6802831937,0,West Rose Hill Street,tertiary,47.0,43.6007,-116.2146,0.1339,1.0,3.5112,6,2,4,0.0411,0.2018,0.2889,0.0489,0.013,True,0.0,3.0,30.0,4.0,0.643,0.5,3.0,0.727,0.3339,"LINESTRING (-116.214915 43.600708, -116.214542 43.600708, -116.214331 43.600708)"
145,126336317,8271477537,0,West Rose Hill Street,tertiary,45.8,43.6008,-116.2183,0.1847,0.0,0.0,0,0,2,0.0437,0.4962,0.1857,0.0068,0.0018,True,0.0,3.0,30.0,2.0,0.321,0.5,3.0,0.773,0.3921,"LINESTRING (-116.218042 43.600798, -116.21811 43.600809, -116.218361 43.600839, -116.218605 43.600849)"
146,126338123,6208704566,0,South 8th Street,residential,55.1,43.6104,-116.2084,0.3434,0.25,8.1151,7,0,6,0.0098,0.2566,0.0,0.0764,0.0022,True,0.0,2.0,25.0,2.0,0.179,0.5,7.0,0.881,0.671,"LINESTRING (-116.208235 43.610632, -116.208632 43.610228)"
147,126338123,6208704575,0,South 8th Street,residential,30.2,43.6103,-116.2087,0.35,0.0,0.0,4,0,6,0.0107,0.3209,0.0,0.0202,0.0008,True,0.0,2.0,25.0,2.0,0.179,0.5,4.0,0.881,0.5564,"LINESTRING (-116.208553 43.610418, -116.20871 43.610257, -116.208698 43.610236, -116.208667 43.610223, -116.208632 43.610228)"
148,126344657,6208568591,0,West Grand Avenue,residential,58.8,43.615,-116.2126,0.5227,1.0,9.3841,3,0,1,,,,,,False,0.0,2.0,25.0,2.0,0.179,0.5,3.0,0.881,0.2918,"LINESTRING (-116.212735 43.615248, -116.212421 43.61477)"
149,126344657,126378768,0,West Grand Avenue,residential,55.4,43.6145,-116.2123,0.5171,1.0,5.8073,8,1,1,,,,,,False,0.0,2.0,25.0,2.0,0.179,0.5,5.0,0.881,0.2898,"LINESTRING (-116.212118 43.614323, -116.212158 43.614384, -116.212421 43.61477)"
150,126344772,6791772244,0,South Chrisway Drive,residential,46.3,43.6036,-116.2072,0.2533,1.0,5.295,7,1,1,,,,,,False,0.0,2.0,15.0,2.0,0.107,1.0,8.0,0.983,0.187,"LINESTRING (-116.207118 43.603775, -116.207378 43.603404)"
151,126344776,7516052708,0,South Chrisway Drive,residential,140.0,43.6021,-116.2084,0.0648,1.0,4.5754,1,0,0,,,,,,False,0.0,2.0,15.0,2.0,0.107,1.0,3.0,0.983,0.0435,"LINESTRING (-116.208864 43.601533, -116.207981 43.602618)"
152,126344776,6743333905,0,South Chrisway Drive,residential,62.0,43.6029,-116.2078,0.023,0.5,5.2022,0,0,0,,,,,,False,0.0,2.0,15.0,2.0,0.107,1.0,4.0,0.983,0.2506,"LINESTRING (-116.207581 43.603094, -116.207981 43.602618)"
153,126351507,6209720676,0,East Garrison Road,unclassified,55.4,43.6152,-116.1917,0.0,0.75,0.0,38,0,4,,,,,,False,0.0,2.0,25.0,2.0,0.179,0.5,3.0,0.881,0.0,"LINESTRING (-116.191346 43.615262, -116.191985 43.615077)"
154,126351509,126351516,0,East Garrison Road,unclassified,37.4,43.6161,-116.1878,0.0,0.3333,5.1425,4,2,3,,,,,,False,0.0,2.0,25.0,2.0,0.179,0.5,0.0,0.881,0.5025,"LINESTRING (-116.187532 43.616115, -116.187996 43.616112)"
155,126351516,3579614409,0,North Scout Lane,unclassified,82.8,43.6158,-116.1873,0.0,0.2,5.1425,4,2,2,,,,,,False,0.0,2.0,25.0,2.0,0.179,0.5,0.0,0.881,0.4929,"LINESTRING (-116.187133 43.615434, -116.187355 43.615863, -116.187437 43.616031, -116.187532 43.616115)"
156,126355312,2829746238,0,South Capitol Boulevard,primary,99.7,43.6066,-116.2105,0.3087,0.0,0.0,4,0,4,0.0054,0.1919,0.2549,0.0713,0.0018,True,0.0,5.0,40.0,4.0,1.0,0.5,8.0,0.373,0.4338,"LINESTRING (-116.210879 43.606252, -116.210752 43.606395, -116.210545 43.606628, -116.210238 43.607019)"
157,126355315,7234143973,0,West Island Avenue,residential,47.3,43.6076,-116.2125,0.0044,1.0,5.0778,8,3,4,,,,,,False,0.0,2.0,25.0,2.0,0.179,0.5,1.0,0.881,0.3391,"LINESTRING (-116.212763 43.607719, -116.212215 43.607567)"
158,126355315,6298733815,0,West Island Avenue,residential,58.1,43.6075,-116.2119,0.0467,0.5,5.0778,5,2,4,,,,,,False,0.0,2.0,25.0,2.0,0.179,0.5,1.0,0.881,0.5055,"LINESTRING (-116.21154 43.60738, -116.212215 43.607567)"
159,126355315,6298733816,0,South Lusk Street,residential,65.8,43.6078,-116.2121,0.0084,1.0,6.1409,8,3,5,,,,,,False,0.0,2.0,25.0,2.0,0.179,0.5,3.0,0.881,0.4108,"LINESTRING (-116.211934 43.608123, -116.212215 43.607567)"
160,126355318,7234143978,0,West Island Avenue,residential,28.4,43.6078,-116.2131,0.1447,1.0,6.2834,5,4,4,,,,,,False,0.0,2.0,25.0,2.0,0.179,0.5,1.0,0.881,0.4739,"LINESTRING (-116.212978 43.607779, -116.213307 43.607871)"
161,126355318,126370680,0,South La Pointe Street,residential,94.9,43.6075,-116.2135,0.1332,1.0,8.2395,6,2,4,,,,,,False,0.0,2.0,25.0,2.0,0.179,0.5,2.0,0.881,0.4088,"LINESTRING (-116.213709 43.607068, -116.213307 43.607871)"
162,126355318,8816237593,0,South La Pointe Street,residential,134.6,43.6084,-116.213,0.0607,1.0,5.0394,11,6,5,,,,,,False,0.0,2.0,25.0,2.0,0.179,0.5,3.0,0.881,0.4753,"LINESTRING (-116.212739 43.609009, -116.213307 43.607871)"
163,126358572,12677637365,0,East Krall Street,residential,100.6,43.613,-116.1896,0.0041,1.0,3.9665,17,0,2,0.0038,0.3446,0.1029,0.0368,0.0028,True,0.0,2.0,25.0,2.0,0.179,0.5,5.0,0.881,0.0,"LINESTRING (-116.189015 43.612817, -116.189624 43.613037, -116.190079 43.613285)"
164,126358579,8235235569,0,North Avenue E,residential,53.8,43.6138,-116.1875,0.0648,1.0,2.156,0,0,0,0.0058,0.277,0.1996,0.0049,0.0088,True,0.0,2.0,25.0,2.0,0.179,0.5,0.0,0.881,0.0324,"LINESTRING (-116.187504 43.613579, -116.187506 43.614063)"
165,126358587,11684991006,0,North Mountain Cove Road,unclassified,74.8,43.6148,-116.186,0.2662,0.0,0.0,0,0,0,0.017,0.1827,0.2499,0.0364,0.0162,True,0.0,2.0,15.0,2.0,0.107,0.5,1.0,0.974,0.3174,"LINESTRING (-116.185972 43.615119, -116.186034 43.614448)"
166,126360019,6208568526,0,West Fairview Avenue,secondary,51.2,43.6205,-116.2136,0.0125,1.0,5.9994,21,1,6,,,,,,False,0.0,4.0,30.0,4.0,0.857,0.5,3.0,0.727,0.2993,"LINESTRING (-116.213954 43.620526, -116.213319 43.620504)"
167,126360025,8642249034,0,South 18th Street,unclassified,29.5,43.6205,-116.2159,0.0439,1.0,8.5194,3,0,5,,,,,,False,0.0,2.0,25.0,2.0,0.179,0.5,1.0,0.881,0.3089,"LINESTRING (-116.216013 43.620438, -116.215697 43.620573)"
168,126360025,5763093970,0,West Fairview Avenue,secondary,31.9,43.6206,-116.2159,0.0803,0.0,0.0,3,0,5,,,,,,False,0.0,4.0,35.0,4.0,1.0,0.5,1.0,0.55,0.4137,"LINESTRING (-116.216092 43.620583, -116.215697 43.620573)"
169,126360025,5763093983,0,West Fairview Avenue,secondary,61.6,43.6206,-116.2153,0.0245,0.75,7.5124,4,0,6,,,,,,False,0.0,4.0,35.0,4.0,1.0,0.5,4.0,0.55,0.409,"LINESTRING (-116.214932 43.620553, -116.215107 43.62056, -116.215697 43.620573)"
170,126360027,6331220025,0,West Fairview Avenue,secondary,62.7,43.6206,-116.2194,0.0801,0.75,3.3882,2,0,5,,,,,,False,0.0,4.0,35.0,3.0,0.75,0.5,4.0,0.587,0.3437,"LINESTRING (-116.218975 43.620642, -116.219753 43.620657)"
171,126368933,6575648698,0,South 9th Street,primary,74.3,43.6143,-116.2065,0.7943,1.0,0.0,25,6,5,0.0195,0.0975,0.0456,0.4102,0.0049,True,0.0,5.0,25.0,4.0,0.893,0.5,7.0,0.857,0.5182,"LINESTRING (-116.206744 43.614049, -116.206217 43.614598)"
172,126368958,3470455888,0,South Broadway Avenue,primary,185.9,43.607,-116.1933,0.3738,0.0,0.0,31,4,3,0.0172,0.1673,0.3126,0.0302,0.0017,True,0.0,5.0,35.0,3.0,0.938,0.5,12.0,0.587,0.5111,"LINESTRING (-116.193312 43.606122, -116.19331 43.606661, -116.193314 43.607735, -116.193327 43.607793)"
173,126370676,7234143972,0,West Sherwood Street,residential,49.0,43.6068,-116.2129,0.1975,1.0,5.0778,4,1,4,,,,,,False,0.0,2.0,25.0,2.0,0.179,0.5,4.0,0.881,0.3542,"LINESTRING (-116.213188 43.606922, -116.21262 43.606764)"
174,126370676,6100980326,0,South Lusk Street,residential,74.7,43.6071,-116.2125,0.0478,1.0,6.3246,4,2,4,,,,,,False,0.0,2.0,25.0,2.0,0.179,0.5,4.0,0.881,0.3748,"LINESTRING (-116.212302 43.607395, -116.21262 43.606764)"
175,126370680,6365444772,0,West Sherwood Street,residential,36.1,43.607,-116.2135,0.2563,1.0,10.2054,2,0,4,,,,,,False,0.0,2.0,25.0,2.0,0.179,0.5,1.0,0.881,0.3758,"LINESTRING (-116.21329 43.606951, -116.213709 43.607068)"
176,126370680,2503250949,0,West Sherwood Street,residential,125.0,43.6073,-116.2144,0.1798,1.0,10.2551,5,1,3,,,,,,False,0.0,2.0,25.0,2.0,0.179,0.5,3.0,0.881,0.346,"LINESTRING (-116.214562 43.60769, -116.214701 43.60742, -116.214696 43.607357, -116.214616 43.607321, -116.213709 43.607068)"
177,126370828,8223342859,0,East Sherman Street,residential,125.7,43.6292,-116.1888,0.0063,0.7143,3.58,0,0,0,,,,,,False,0.0,2.0,25.0,2.0,0.179,0.5,2.0,0.881,0.1421,"LINESTRING (-116.1893 43.628824, -116.189058 43.62913, -116.18898 43.629161, -116.188748 43.629183, -116.188559 43.629223, -116.188503 43.629227, -116.188012 43.629165)"
178,126370840,8223342927,0,West Sherman Street,residential,27.0,43.6287,-116.1893,0.0103,1.0,4.2644,0,0,0,,,,,,False,0.0,2.0,25.0,2.0,0.179,0.5,2.0,0.881,0.0648,"LINESTRING (-116.189366 43.628552, -116.189337 43.628602, -116.189315 43.628692, -116.189331 43.628789)"
179,126370862,9529570191,0,West Sherman Street,residential,61.4,43.6284,-116.1937,0.0439,1.0,4.7473,0,0,0,,,,,,False,0.0,2.0,25.0,2.0,0.179,0.5,4.0,0.881,0.0872,"LINESTRING (-116.193271 43.628362, -116.193318 43.628371, -116.193513 43.628382, -116.193915 43.628383, -116.194032 43.628383)"
180,126370889,8223171319,0,North 21st Street,residential,90.5,43.6288,-116.2145,0.0212,1.0,4.5201,0,0,2,,,,,,False,0.0,2.0,20.0,2.0,0.143,0.5,5.0,0.943,0.1806,"LINESTRING (-116.214541 43.629217, -116.214544 43.628403)"
181,126370889,8228573519,0,North 21st Street,residential,93.8,43.628,-116.2145,0.0383,1.0,5.3972,0,0,3,,,,,,False,0.0,2.0,20.0,2.0,0.143,0.5,5.0,0.943,0.2559,"LINESTRING (-116.214547 43.627559, -116.214544 43.628403)"
182,126371837,126371843,0,West Eastover Terrace,unclassified,27.5,43.6023,-116.2145,0.4778,0.5,6.7313,2,0,3,,,,,,False,0.0,2.0,25.0,2.0,0.179,0.5,2.0,0.881,0.5335,"LINESTRING (-116.214346 43.602215, -116.214636 43.602346)"
183,126371837,6946072495,0,West Eastover Terrace,unclassified,104.1,43.6025,-116.2152,0.2027,0.1667,4.6538,2,0,2,,,,,,False,0.0,2.0,25.0,2.0,0.179,0.5,3.0,0.881,0.4492,"LINESTRING (-116.21546 43.602901, -116.215473 43.602879, -116.215495 43.60279, -116.215494 43.602708, -116.21541 43.602618, -116.215212 43.602506, -116.215036 43.602479, -116.21479 43.602401, -116.214636 43.602346)"
184,126371843,6988808124,0,West Eastover Terrace,unclassified,35.5,43.6021,-116.2142,0.3491,0.5,6.7313,2,0,3,,,,,,False,0.0,2.0,25.0,2.0,0.179,0.5,2.0,0.881,0.4833,"LINESTRING (-116.214029 43.601994, -116.214151 43.60209, -116.214346 43.602215)"
185,126372445,8223342961,0,West Union Street,residential,32.3,43.6231,-116.1944,0.0401,1.0,5.5247,0,0,1,,,,,,False,0.0,2.0,25.0,2.0,0.179,0.5,5.0,0.881,0.1522,"LINESTRING (-116.194167 43.623052, -116.194568 43.623051)"
186,126378768,6208568581,0,West Miller Street,residential,64.8,43.6144,-116.2117,0.4888,1.0,4.5924,9,1,2,,,,,,False,0.0,2.0,25.0,2.0,0.179,0.5,5.0,0.881,0.3039,"LINESTRING (-116.211385 43.614215, -116.211707 43.61437, -116.211748 43.614375, -116.212118 43.614323)"
187,126378771,6210845401,0,South Ash Street,residential,102.9,43.6137,-116.2126,0.4307,1.0,7.4878,9,1,1,,,,,,False,0.0,2.0,25.0,2.0,0.179,0.5,7.0,0.881,0.2718,"LINESTRING (-116.212769 43.613312, -116.212558 43.613741, -116.21234 43.614184)"
188,126379397,7507516519,0,West Grover Court,residential,92.4,43.6001,-116.2144,0.0835,1.0,4.5549,3,2,4,0.1041,0.0589,0.3298,0.1044,0.0134,True,0.0,2.0,25.0,2.0,0.179,0.5,1.0,0.881,0.3753,"LINESTRING (-116.213801 43.600088, -116.214949 43.600093)"
189,126382115,7046057414,0,West Boise Avenue,tertiary,68.4,43.6005,-116.2078,0.0417,0.5,6.8559,1,0,0,0.0304,0.3204,0.1904,0.0526,0.0044,True,0.0,3.0,30.0,2.0,0.321,0.5,2.0,0.773,0.234,"LINESTRING (-116.20753 43.600274, -116.207553 43.600294, -116.207661 43.600386, -116.207879 43.600519, -116.207973 43.600576, -116.208176 43.600668)"
190,126382115,7516052780,0,South Chrisway Drive,tertiary,105.7,43.6009,-116.2088,0.0388,0.3333,0.0,2,0,1,0.0834,0.4692,0.0893,0.0094,0.0064,True,0.0,2.0,25.0,2.0,0.179,1.0,3.0,0.921,0.0958,"LINESTRING (-116.209175 43.601171, -116.209223 43.601116, -116.20888 43.600929, -116.208703 43.600844, -116.208176 43.600668)"
191,126382588,6228540300,0,West Crescent Rim Drive,residential,47.0,43.6044,-116.2181,0.1117,0.6667,6.7852,0,0,0,0.0289,0.1655,0.2111,0.1132,0.002,True,0.0,2.0,25.0,2.0,0.179,0.5,2.0,0.881,0.2545,"LINESTRING (-116.21841 43.60445, -116.217853 43.604323)"
192,126382588,13583359269,0,West Crescent Rim Drive,residential,30.0,43.6043,-116.2177,0.0155,0.5,5.8425,1,0,0,0.022,0.3096,0.1206,0.0971,0.0007,True,0.0,2.0,25.0,2.0,0.179,0.5,1.0,0.881,0.2093,"LINESTRING (-116.217494 43.604252, -116.217853 43.604323)"
193,126382600,6228540297,0,West Crescent Rim Drive,residential,42.8,43.6049,-116.2194,0.0994,0.3333,6.9571,0,0,0,0.0149,0.2579,0.3112,0.0274,0.0008,True,0.0,2.0,25.0,2.0,0.179,0.5,2.0,0.881,0.361,"LINESTRING (-116.219219 43.604788, -116.219395 43.604904, -116.219598 43.605058)"
194,126383795,6208704968,0,East Front Street,secondary,117.0,43.6073,-116.1919,0.1269,0.0,0.0,4,2,2,0.0244,0.2547,0.2154,0.0403,0.0011,True,0.0,4.0,35.0,4.0,1.0,0.5,3.0,0.55,0.4172,"LINESTRING (-116.192507 43.607561, -116.191972 43.607307, -116.191729 43.607192, -116.191341 43.607029, -116.19127 43.607012)"
195,126383795,6900165361,0,East Front Street,secondary,238.3,43.6066,-116.1899,0.1828,0.3571,0.0,3,0,1,0.0286,0.2554,0.1897,0.0264,0.0094,True,0.0,4.0,35.0,4.0,1.0,0.5,7.0,0.55,0.1239,"LINESTRING (-116.188702 43.605968, -116.190314 43.606729, -116.190922 43.606932, -116.19127 43.607012)"
196,126383795,2292636639,0,East Morrison Knudsen Plaza Drive,unclassified,44.0,43.6069,-116.1911,0.2485,0.0,0.0,1,0,2,0.0922,0.3575,0.102,0.002,0.0018,True,0.0,2.0,25.0,2.0,0.179,0.5,2.0,0.881,0.3682,"LINESTRING (-116.190848 43.606763, -116.19112 43.606901, -116.19127 43.607012)"
197,126384490,8223171148,0,North 18th Street,residential,45.9,43.6264,-116.2109,0.1279,1.0,5.6494,0,0,3,,,,,,False,0.0,2.0,20.0,2.0,0.143,0.5,7.0,0.943,0.2949,"LINESTRING (-116.21085 43.626579, -116.210857 43.626167)"
198,126384906,7234149331,0,South 9th Street,primary,54.3,43.6135,-116.2073,0.5104,1.0,10.0992,19,7,6,0.0268,0.0686,0.3786,0.0895,0.0112,True,0.0,5.0,25.0,4.0,0.893,0.5,7.0,0.857,0.7514,"LINESTRING (-116.207491 43.613272, -116.207106 43.613673)"
199,126384906,6575648698,0,South 9th Street,primary,51.0,43.6139,-116.2069,0.7934,1.0,10.0992,31,9,6,0.042,0.1562,0.1788,0.1887,0.0058,True,0.0,5.0,25.0,4.0,0.893,0.5,4.0,0.857,0.8614,"LINESTRING (-116.206744 43.614049, -116.20684 43.61395, -116.207106 43.613673)"
200,126385840,7483653630,0,South 14th Street,residential,56.5,43.6168,-116.2132,0.0165,0.0,0.0,1,0,3,,,,,,False,0.0,2.0,25.0,2.0,0.179,0.5,4.0,0.881,0.331,"LINESTRING (-116.213564 43.616704, -116.21293 43.616923)"
201,126387305,8235235418,0,East State Street,residential,47.1,43.6115,-116.1854,0.0132,1.0,0.0,1,0,0,0.0068,0.4484,0.0245,0.045,0.0032,True,0.0,2.0,25.0,2.0,0.179,0.5,4.0,0.881,0.0,"LINESTRING (-116.18569 43.611636, -116.18528 43.611462, -116.185174 43.611444)"
202,126391275,3579614409,0,North Scout Lane,unclassified,73.9,43.6151,-116.187,0.0,0.0,0.0,0,0,1,,,,,,False,0.0,2.0,25.0,2.0,0.179,0.5,0.0,0.881,0.2668,"LINESTRING (-116.187133 43.615434, -116.186816 43.61481)"
203,126391275,6910773065,0,nan,footway,39.2,43.6147,-116.1868,0.0,0.6667,7.2712,0,0,1,,,,,,False,1.0,0.0,25.0,2.0,0.0,1.0,0.0,0.92,0.2705,"LINESTRING (-116.186622 43.61459, -116.186719 43.614625, -116.186735 43.614633, -116.186766 43.61465, -116.186795 43.614669, -116.186829 43.614694, -116.186861 43.614719, -116.186881 43.614741, -116.186894 43.61476, -116.186902 43.614774, -116.186816 43.61481)"
204,126393467,126393470,0,South Broadway Avenue,secondary,36.6,43.6108,-116.1929,0.2304,0.0,0.0,6,1,5,0.0075,0.158,0.1729,0.0488,0.0094,True,0.0,4.0,35.0,5.0,1.0,0.5,9.0,0.512,0.5343,"LINESTRING (-116.193084 43.610691, -116.192777 43.610934)"
205,126393495,6208705069,0,South Broadway Avenue,secondary,25.6,43.6104,-116.1933,0.2031,0.0,0.0,17,5,5,0.0045,0.099,0.2293,0.0574,0.009,True,0.0,4.0,35.0,4.0,1.0,0.5,4.0,0.55,0.6181,"LINESTRING (-116.193237 43.610515, -116.193286 43.610415, -116.193331 43.610296)"
206,126393515,3470455885,0,East Park Boulevard,secondary,29.2,43.6059,-116.1933,1.4599,0.0,0.0,5,2,1,0.038,0.1927,0.1872,0.0408,0.0184,True,0.0,4.0,35.0,4.0,1.0,0.5,8.0,0.55,0.8709,"LINESTRING (-116.193145 43.605835, -116.19344 43.605988)"
207,126393594,8223342861,0,North 5th Street,residential,90.0,43.6279,-116.194,0.0373,1.0,4.4095,0,0,0,,,,,,False,0.0,2.0,25.0,2.0,0.179,0.5,6.0,0.881,0.0783,"LINESTRING (-116.194032 43.628319, -116.194033 43.627594, -116.194033 43.627509)"
208,126393625,8223171342,0,North 5th Street,residential,27.4,43.6229,-116.1946,0.0,1.0,4.6472,0,0,1,,,,,,False,0.0,2.0,25.0,2.0,0.179,0.5,3.0,0.881,0.1214,"LINESTRING (-116.194568 43.622998, -116.194566 43.622752)"
209,126398009,6276957369,0,North Harrison Boulevard,secondary,65.0,43.6263,-116.2084,0.5081,0.0,0.0,12,1,6,,,,,,False,0.0,4.0,30.0,1.0,0.214,0.5,12.0,0.796,0.6523,"LINESTRING (-116.208378 43.626578, -116.208382 43.626251, -116.208383 43.626188, -116.208369 43.62613, -116.208332 43.626068, -116.208286 43.626008)"
210,126401852,6215171677,0,South Lusk Street,residential,46.9,43.6087,-116.2117,0.0115,0.6667,4.892,8,1,5,,,,,,False,0.0,2.0,25.0,2.0,0.179,0.5,3.0,0.881,0.3994,"LINESTRING (-116.211753 43.608482, -116.211553 43.608878)"
211,126401852,7234143971,0,West Royal Boulevard,residential,44.9,43.6089,-116.2118,0.1629,1.0,4.892,7,1,4,,,,,,False,0.0,2.0,25.0,2.0,0.179,0.5,3.0,0.881,0.3045,"LINESTRING (-116.212079 43.609008, -116.211668 43.608895, -116.211553 43.608878)"
212,126401852,6298733743,0,South Lusk Street,path,116.0,43.6094,-116.2113,0.0736,1.0,6.834,10,1,4,0.0182,0.143,0.1164,0.0231,0.0128,True,1.0,0.0,25.0,2.0,0.0,1.0,3.0,0.92,0.2772,"LINESTRING (-116.211065 43.609859, -116.211204 43.609591, -116.211216 43.609548, -116.211278 43.609423, -116.211553 43.608878)"
213,126404930,7504083194,0,South Pearl Street,residential,128.1,43.6014,-116.2155,0.0055,1.0,4.4763,3,0,2,,,,,,False,0.0,2.0,25.0,2.0,0.179,0.5,1.0,0.881,0.0762,"LINESTRING (-116.215524 43.600781, -116.215533 43.601933)"
214,126409388,6937829340,2,West Circle Way Drive,residential,110.4,43.624,-116.1902,0.0,1.0,3.5281,1,0,0,,,,,,False,0.0,2.0,25.0,2.0,0.179,0.5,0.0,0.881,0.0,"LINESTRING (-116.190679 43.624266, -116.190612 43.624128, -116.190531 43.624072, -116.190441 43.624044, -116.190341 43.624035, -116.189768 43.624055, -116.189648 43.624074, -116.189536 43.624107, -116.189505 43.624126)"
215,126409388,6937829340,3,West Circle Way Drive,residential,134.8,43.6245,-116.1899,0.0,1.0,4.6164,1,0,0,,,,,,False,0.0,2.0,25.0,2.0,0.179,0.5,0.0,0.881,0.019,"LINESTRING (-116.190679 43.624266, -116.189737 43.624509, -116.189662 43.6245, -116.189553 43.624418, -116.189464 43.624295, -116.189445 43.624204, -116.189505 43.624126)"
216,126409429,11733513773,0,West Belmont Street,residential,39.3,43.6005,-116.2059,0.0559,1.0,4.4999,0,0,0,,,,,,False,0.0,2.0,25.0,2.0,0.179,0.5,1.0,0.881,0.0872,"LINESTRING (-116.205711 43.600453, -116.205865 43.600508, -116.205988 43.600578, -116.206079 43.600673)"
217,126412186,6990486624,0,South Juanita Street,residential,36.8,43.6029,-116.2064,0.0957,0.6667,6.7095,3,0,0,0.1914,0.4704,0.0744,0.0696,0.0,True,0.0,2.0,15.0,2.0,0.107,0.5,3.0,0.974,0.1499,"LINESTRING (-116.206269 43.603086, -116.206493 43.602798)"
218,126412186,11733513735,0,West Yale Court,residential,131.8,43.6025,-116.2058,0.0684,1.0,4.5067,9,0,0,,,,,,False,0.0,2.0,15.0,2.0,0.107,0.5,4.0,0.974,0.0,"LINESTRING (-116.205035 43.602259, -116.206493 43.602798)"
219,126413731,7507516543,0,South Shoshone Street,residential,74.4,43.6004,-116.2186,0.1219,0.6,3.9498,0,0,1,,,,,,False,0.0,2.0,30.0,2.0,0.214,0.5,3.0,0.773,0.286,"LINESTRING (-116.218608 43.600769, -116.21861 43.600746, -116.218612 43.600617, -116.218613 43.6001)"
220,126415315,3470327929,0,North Avenue B,secondary,34.4,43.6112,-116.1923,0.3024,0.5,0.0,2,0,5,0.0312,0.1393,0.2054,0.084,0.004,True,0.0,4.0,35.0,5.0,1.0,0.5,8.0,0.512,0.3569,"LINESTRING (-116.192132 43.611324, -116.192441 43.61111)"
221,126415443,2468418272,0,North Avenue D,residential,28.3,43.6129,-116.1889,0.0123,1.0,4.427,0,0,1,0.0083,0.2614,0.0956,0.042,0.0053,True,0.0,2.0,25.0,2.0,0.179,0.5,2.0,0.881,0.122,"LINESTRING (-116.18887 43.61302, -116.188874 43.612766)"
222,126415443,126415498,0,North Avenue D,residential,29.6,43.6126,-116.1889,0.0923,0.5,5.1425,0,0,1,,,,,,False,0.0,2.0,25.0,2.0,0.179,0.5,2.0,0.881,0.3298,"LINESTRING (-116.188873 43.6125, -116.188874 43.612766)"
223,126415498,2468418277,0,North Avenue D,residential,34.8,43.6123,-116.1889,0.0036,1.0,5.1425,1,0,1,,,,,,False,0.0,2.0,25.0,2.0,0.179,0.5,1.0,0.881,0.083,"LINESTRING (-116.188875 43.612186, -116.188873 43.6125)"
224,126415679,8235223510,0,North Avenue F,residential,41.0,43.6119,-116.1861,0.0115,1.0,0.0,1,0,0,0.0309,0.3822,0.0403,0.0436,0.0011,True,0.0,2.0,25.0,2.0,0.179,0.5,3.0,0.881,0.0,"LINESTRING (-116.186061 43.611721, -116.186065 43.611782, -116.186078 43.61209)"
225,126416920,2468418271,0,North Avenue E,residential,52.4,43.6128,-116.1875,0.0198,1.0,4.2832,0,0,0,,,,,,False,0.0,2.0,25.0,2.0,0.179,0.5,0.0,0.881,0.0689,"LINESTRING (-116.187508 43.613021, -116.187512 43.612549)"
226,126416920,2468418279,0,North Avenue E,residential,52.3,43.6123,-116.1875,0.0376,1.0,3.6785,0,0,0,,,,,,False,0.0,2.0,25.0,2.0,0.179,0.5,1.0,0.881,0.0631,"LINESTRING (-116.187516 43.612079, -116.187512 43.612549)"
227,126416920,126449965,0,East Krall Street,residential,98.5,43.6125,-116.1869,0.047,1.0,4.0878,0,0,0,,,,,,False,0.0,2.0,25.0,2.0,0.179,0.5,0.0,0.881,0.0756,"LINESTRING (-116.186289 43.612546, -116.187512 43.612549)"
228,126416920,8235235543,0,East Krall Street,residential,103.3,43.6126,-116.1882,0.0097,1.0,4.1746,0,0,0,,,,,,False,0.0,2.0,25.0,2.0,0.179,0.5,1.0,0.881,0.0628,"LINESTRING (-116.188776 43.61252, -116.188445 43.612589, -116.188232 43.612607, -116.187512 43.612549)"
229,126421914,6975988184,0,South 10th Street,unclassified,76.4,43.6122,-116.2103,0.0026,1.0,7.1324,2,0,5,,,,,,False,0.0,2.0,25.0,2.0,0.179,0.5,5.0,0.881,0.2965,"LINESTRING (-116.210547 43.611948, -116.210007 43.612512)"
230,126421914,7483653593,0,South 10th Street,unclassified,84.1,43.6128,-116.2097,0.0471,1.0,0.0,4,2,4,,,,,,False,0.0,2.0,25.0,2.0,0.179,0.5,7.0,0.881,0.1655,"LINESTRING (-116.209412 43.613134, -116.210007 43.612512)"
231,126425806,8225216614,0,West Ada Street,residential,54.1,43.6275,-116.1936,0.0139,1.0,4.5934,0,0,0,,,,,,False,0.0,2.0,25.0,2.0,0.179,0.5,4.0,0.881,0.0726,"LINESTRING (-116.193936 43.627509, -116.193264 43.627509)"
232,126434081,12483966355,0,West Cunningham Place,residential,49.9,43.6217,-116.1965,0.0,1.0,0.0,3,0,2,,,,,,False,0.0,2.0,25.0,2.0,0.179,0.5,1.0,0.881,0.0,"LINESTRING (-116.196718 43.621853, -116.196205 43.621601)"
233,126442162,8511259513,0,South Pioneer Street,unclassified,60.9,43.6131,-116.2146,0.0,0.0,0.0,9,1,1,,,,,,False,0.0,2.0,25.0,2.0,0.179,0.5,3.0,0.881,0.2065,"LINESTRING (-116.214222 43.613227, -116.214813 43.613007, -116.214845 43.612944)"
234,126442162,8511201387,0,South Pioneer Street,unclassified,70.5,43.613,-116.2144,0.0,0.0,0.0,9,1,1,,,,,,False,0.0,2.0,25.0,2.0,0.179,0.5,3.0,0.881,0.2065,"LINESTRING (-116.214054 43.613173, -116.214777 43.612923, -116.214845 43.612944)"
235,126445372,7056068035,0,South 17th Street,unclassified,56.3,43.62,-116.2159,0.0,0.75,7.7647,3,0,5,,,,,,False,0.0,2.0,25.0,2.0,0.179,0.5,1.0,0.881,0.3649,"LINESTRING (-116.215762 43.619801, -116.215929 43.620079, -116.216072 43.620254)"
236,126445375,6210844988,0,South 18th Street,unclassified,52.0,43.6203,-116.2166,0.1176,0.6667,6.2553,3,1,5,,,,,,False,0.0,2.0,25.0,2.0,0.179,0.5,3.0,0.881,0.5196,"LINESTRING (-116.216917 43.620149, -116.216468 43.620307, -116.216326 43.620332)"
237,126451344,6214632516,0,South 9th Street,primary,34.2,43.612,-116.2087,0.5695,1.0,18.5077,5,2,5,0.0042,0.1986,0.1262,0.3257,0.0044,True,0.0,5.0,30.0,4.0,1.0,0.5,5.0,0.727,0.7214,"LINESTRING (-116.208592 43.612128, -116.208834 43.611875)"
238,126451344,9424629184,0,South 9th Street,primary,57.3,43.6117,-116.209,0.2919,0.75,14.7159,6,2,5,0.0302,0.2693,0.16,0.1127,0.0084,True,0.0,5.0,30.0,4.0,1.0,0.5,7.0,0.727,0.6615,"LINESTRING (-116.209142 43.61142, -116.209066 43.611634, -116.209062 43.611638, -116.208834 43.611875)"
239,126453879,9424629185,0,West River Street,secondary,31.0,43.6113,-116.2088,0.5198,0.5,18.5077,2,0,5,0.0408,0.1582,0.23,0.1502,0.0042,True,0.0,4.0,30.0,3.0,0.643,0.5,5.0,0.75,0.7535,"LINESTRING (-116.209029 43.611325, -116.208644 43.61133)"
240,126453879,9424629171,0,West River Street,secondary,58.3,43.6112,-116.2083,0.5786,1.0,5.3778,6,0,5,0.0583,0.1165,0.3216,0.1161,0.0061,True,0.0,4.0,30.0,3.0,0.643,0.5,7.0,0.75,0.436,"LINESTRING (-116.208006 43.611094, -116.208327 43.611258, -116.208404 43.611275, -116.208644 43.61133)"
241,126455242,7057302797,0,North 19th Street,residential,41.1,43.625,-116.2137,0.0931,1.0,6.1378,14,2,2,,,,,,False,0.0,2.0,20.0,2.0,0.143,0.5,6.0,0.943,0.2061,"LINESTRING (-116.213559 43.625156, -116.213854 43.624854)"
242,126455242,7057302980,0,North 19th Street,residential,40.5,43.6247,-116.214,0.0094,1.0,5.9457,6,1,3,,,,,,False,0.0,2.0,20.0,2.0,0.143,0.5,6.0,0.943,0.218,"LINESTRING (-116.21414 43.624555, -116.213854 43.624854)"
243,126466203,8223171343,0,North 6th Street,residential,237.4,43.6219,-116.1953,0.043,0.4286,4.9777,2,0,2,,,,,,False,0.0,2.0,25.0,2.0,0.179,0.5,7.0,0.881,0.3071,"LINESTRING (-116.195207 43.622997, -116.195207 43.62299, -116.195207 43.622484, -116.195207 43.622402, -116.195243 43.622011, -116.195245 43.621985, -116.195318 43.621562, -116.195412 43.621197, -116.195534 43.620885)"
244,126466203,11691194069,0,West Cunningham Place,residential,83.8,43.6212,-116.1957,0.0017,1.0,6.4177,3,0,2,,,,,,False,0.0,2.0,25.0,2.0,0.179,0.5,3.0,0.881,0.1066,"LINESTRING (-116.19602 43.621522, -116.195928 43.621491, -116.195846 43.62144, -116.195771 43.621361, -116.195534 43.620885)"
245,898395076,898400887,0,nan,footway,88.4,43.6084,-116.2186,0.0,0.0,0.0,0,0,0,,,,,,False,1.0,0.0,25.0,2.0,0.0,1.0,1.0,0.92,0.2136,"LINESTRING (-116.218193 43.60866, -116.218531 43.608442, -116.21864 43.608361, -116.218711 43.608296, -116.218734 43.608235, -116.218736 43.608178, -116.218722 43.608118, -116.218675 43.608035)"
246,898407836,898407838,0,nan,footway,27.1,43.6121,-116.2198,0.0,0.5,0.0,0,0,0,,,,,,False,1.0,0.0,25.0,2.0,0.0,1.0,0.0,0.92,0.05,"LINESTRING (-116.219631 43.612083, -116.219801 43.612115, -116.219958 43.612141)"
247,898407838,9592909215,0,nan,footway,33.7,43.612,-116.2194,0.0,0.0,0.0,0,0,0,,,,,,False,1.0,0.0,25.0,2.0,0.0,1.0,1.0,0.92,0.2136,"LINESTRING (-116.219226 43.612008, -116.219433 43.612047, -116.219631 43.612083)"
248,898407840,9592940828,0,nan,footway,78.6,43.6124,-116.2191,0.0,0.0,0.0,0,0,0,0.0,0.3926,0.0,0.0001,0.0016,True,1.0,0.0,25.0,2.0,0.0,1.0,0.0,0.92,0.2136,"LINESTRING (-116.219541 43.612537, -116.219393 43.612504, -116.219276 43.612456, -116.21917 43.61241, -116.21909 43.612385, -116.218967 43.612355, -116.218896 43.612321, -116.218812 43.612255, -116.218733 43.612174)"
249,898407840,957703880,0,nan,footway,33.7,43.6121,-116.2185,0.0,0.0,0.0,0,0,0,,,,,,False,1.0,0.0,25.0,2.0,0.0,1.0,1.0,0.92,0.2136,"LINESTRING (-116.21836 43.612047, -116.218423 43.612081, -116.218527 43.61211, -116.218624 43.612129, -116.218684 43.612145, -116.218733 43.612174)"
250,957703776,7974918158,0,East Redwood Court,residential,27.0,43.6102,-116.1931,0.048,1.0,3.7769,7,0,5,,,,,,False,0.0,2.0,25.0,2.0,0.179,0.5,3.0,0.881,0.1895,"LINESTRING (-116.193222 43.610198, -116.192888 43.610215)"
251,957703776,6208705016,0,East Redwood Court,residential,115.6,43.6102,-116.1922,0.0,1.0,7.1839,8,1,5,,,,,,False,0.0,2.0,25.0,2.0,0.179,0.5,5.0,0.881,0.3204,"LINESTRING (-116.191806 43.610565, -116.191777 43.610477, -116.191811 43.610339, -116.191868 43.610292, -116.191991 43.610258, -116.192888 43.610215)"
252,957703863,2292511763,0,Boise River Greenbelt,path,47.0,43.6116,-116.2171,0.0,0.0,0.0,0,0,1,0.0104,0.4893,0.001,0.0122,0.0392,True,1.0,0.0,25.0,2.0,0.0,1.0,0.0,0.92,0.2668,"LINESTRING (-116.217211 43.611831, -116.216998 43.611437)"
253,957703863,957703880,0,nan,footway,131.3,43.6117,-116.2177,0.0,0.0,0.0,1,0,1,,,,,,False,1.0,0.0,25.0,2.0,0.0,1.0,1.0,0.92,0.2181,"LINESTRING (-116.21836 43.612047, -116.218217 43.61193, -116.218099 43.611851, -116.217964 43.611769, -116.217881 43.611725, -116.217784 43.611692, -116.217612 43.611656, -116.217454 43.611616, -116.217209 43.61154, -116.217075 43.611485, -116.216998 43.611437)"
254,957703863,957703931,0,nan,footway,97.4,43.6111,-116.2167,0.0,0.0,0.0,2,1,1,,,,,,False,1.0,0.0,25.0,2.0,0.0,1.0,0.0,0.92,0.2911,"LINESTRING (-116.21624 43.610775, -116.216308 43.610791, -116.216386 43.61083, -116.216607 43.610991, -116.216677 43.611061, -116.216771 43.611162, -116.216905 43.611338, -116.21695 43.61139, -116.216998 43.611437)"
255,957703880,6813473364,0,nan,path,58.4,43.612,-116.218,0.0,0.0,0.0,1,0,1,,,,,,False,1.0,0.0,25.0,2.0,0.0,1.0,1.0,0.92,0.2181,"LINESTRING (-116.217641 43.612036, -116.217726 43.612023, -116.217766 43.612016, -116.2178 43.612012, -116.217867 43.612012, -116.217953 43.612015, -116.21836 43.612047)"
256,957703931,957703952,0,nan,footway,129.0,43.6109,-116.2155,0.0,0.0,0.0,2,1,1,,,,,,False,1.0,0.0,25.0,2.0,0.0,1.0,0.0,0.92,0.2911,"LINESTRING (-116.214817 43.610566, -116.214925 43.610676, -116.215001 43.610739, -116.215074 43.610788, -116.215149 43.61082, -116.215235 43.610839, -116.215372 43.61086, -116.215506 43.610871, -116.21564 43.610863, -116.215915 43.610818, -116.21598 43.610807, -116.216103 43.610783, -116.216166 43.610774, -116.21624 43.610775)"
257,957703945,957703952,0,nan,footway,51.9,43.6104,-116.2147,0.0,0.0,0.0,1,0,1,,,,,,False,1.0,0.0,25.0,2.0,0.0,1.0,0.0,0.92,0.2181,"LINESTRING (-116.214817 43.610566, -116.214782 43.610526, -116.214743 43.610486, -116.214692 43.610424, -116.214625 43.61033, -116.214581 43.610234, -116.214559 43.610143)"
258,957703952,6365444879,0,nan,footway,54.7,43.6108,-116.2147,0.0,0.75,4.2559,0,0,1,0.0,0.4023,0.0074,0.0,0.0212,True,1.0,0.0,25.0,2.0,0.0,1.0,0.0,0.92,0.1957,"LINESTRING (-116.214592 43.611011, -116.214587 43.610979, -116.21457 43.610946, -116.214579 43.610908, -116.214705 43.610774, -116.214771 43.610679, -116.214817 43.610566)"
259,2288774870,3469096442,0,West State Street,tertiary,48.2,43.6182,-116.1996,0.1719,1.0,36.0215,22,12,6,,,,,,False,0.0,3.0,25.0,4.0,0.536,0.5,2.0,0.857,0.8071,"LINESTRING (-116.199867 43.618349, -116.199551 43.618193, -116.199372 43.618105)"
260,2288774870,3469096433,0,West State Street,tertiary,50.2,43.618,-116.1991,0.0765,0.3333,63.0,21,7,4,,,,,,False,0.0,3.0,25.0,4.0,0.536,0.5,2.0,0.857,0.871,"LINESTRING (-116.198861 43.617846, -116.199197 43.618017, -116.199372 43.618105)"
261,2292511833,6191267758,0,nan,footway,33.4,43.6135,-116.2189,0.0,0.0,0.0,1,0,0,,,,,,False,1.0,0.0,25.0,2.0,0.0,1.0,2.0,0.92,0.1649,"LINESTRING (-116.218957 43.613658, -116.218929 43.613596, -116.218879 43.613504, -116.218819 43.613476, -116.218756 43.613466, -116.218704 43.61347)"
262,2292623826,2292623833,0,South Pioneer Street,unclassified,83.3,43.6128,-116.2155,0.0,0.0,0.0,13,2,1,,,,,,False,0.0,2.0,25.0,2.0,0.179,0.5,1.0,0.881,0.2422,"LINESTRING (-116.215122 43.613033, -116.215232 43.613027, -116.215324 43.612992, -116.215404 43.612913, -116.215539 43.612841, -116.215709 43.612782, -116.215941 43.61286, -116.216006 43.612882)"
263,2292623843,13455494758,0,West Shoreline Drive,tertiary,73.2,43.6142,-116.2186,0.0012,1.0,7.3269,5,0,0,0.0524,0.1034,0.3656,0.0559,0.0021,True,0.0,3.0,20.0,2.0,0.214,0.5,4.0,0.943,0.0,"LINESTRING (-116.218787 43.614498, -116.218426 43.613948, -116.218375 43.613914)"
264,2292623845,6191267758,0,nan,footway,73.0,43.6138,-116.2193,0.0,0.6,5.7939,1,0,0,,,,,,False,1.0,0.0,25.0,2.0,0.0,1.0,1.0,0.92,0.1698,"LINESTRING (-116.218957 43.613658, -116.219217 43.613738, -116.219475 43.614006, -116.219426 43.614126)"
265,2292623851,7246531828,0,West River Street,secondary,45.9,43.6148,-116.2147,0.469,1.0,12.6663,10,1,1,0.0184,0.1844,0.2137,0.1237,0.0152,True,0.0,4.0,30.0,5.0,1.0,0.5,7.0,0.705,0.3301,"LINESTRING (-116.214798 43.615003, -116.214551 43.614632)"
266,2292623851,6227852526,0,West River Street,secondary,115.8,43.6142,-116.2142,0.3379,1.0,6.1719,18,3,1,0.0115,0.1653,0.3046,0.0642,0.0112,True,0.0,4.0,30.0,5.0,1.0,0.5,8.0,0.705,0.2743,"LINESTRING (-116.213863 43.613717, -116.214209 43.614171, -116.214551 43.614632)"
267,2292636604,6900165361,0,East Front Street,secondary,235.4,43.6053,-116.1876,0.1755,0.0,0.0,2,1,0,0.0044,0.1745,0.3,0.0104,0.0078,True,0.0,4.0,35.0,4.0,1.0,0.5,6.0,0.55,0.3063,"LINESTRING (-116.188702 43.605968, -116.18802 43.605646, -116.187887 43.605557, -116.187736 43.605438, -116.187643 43.605339, -116.187556 43.60523, -116.187451 43.605046, -116.187383 43.60482, -116.187363 43.604558, -116.187405 43.604379, -116.187457 43.604271)"
268,2292636604,6317290259,0,East Front Street,secondary,38.4,43.6041,-116.1875,0.1859,0.0,0.0,2,0,0,0.1164,0.1368,0.149,0.2719,0.0129,True,0.0,4.0,35.0,4.0,1.0,0.5,3.0,0.55,0.2089,"LINESTRING (-116.187678 43.603967, -116.187515 43.60415, -116.187457 43.604271)"
269,2292636606,9537637976,0,South Ferguson Street,unclassified,39.6,43.6042,-116.1902,0.0653,0.0,0.0,5,1,1,0.0187,0.2248,0.1632,0.0768,0.0038,True,0.0,2.0,25.0,2.0,0.179,0.5,3.0,0.881,0.2679,"LINESTRING (-116.190311 43.60403, -116.190291 43.604052, -116.190276 43.604069, -116.190072 43.604245, -116.189972 43.60428)"
270,2292636606,5789023462,0,South Ferguson Street,unclassified,65.5,43.6041,-116.1896,0.0055,1.0,19.3355,7,2,0,,,,,,False,0.0,2.0,25.0,2.0,0.179,0.5,4.0,0.881,0.2196,"LINESTRING (-116.189312 43.603947, -116.189877 43.604267, -116.189972 43.60428)"
271,2292636612,5789023469,0,East Morrison Knudsen Plaza Drive,unclassified,119.3,43.6054,-116.1883,0.0153,1.0,0.0,0,0,0,,,,,,False,0.0,2.0,25.0,2.0,0.179,0.5,2.0,0.881,0.0,"LINESTRING (-116.188894 43.605741, -116.187836 43.605128, -116.187799 43.60509, -116.187788 43.605046)"
272,2292636631,5789023466,0,East Morrison Knudsen Plaza Drive,unclassified,124.4,43.6064,-116.1901,0.0508,0.5714,12.1882,1,0,1,,,,,,False,0.0,2.0,25.0,2.0,0.179,0.5,5.0,0.881,0.3218,"LINESTRING (-116.189477 43.606079, -116.189718 43.606218, -116.190363 43.606537, -116.190749 43.606713)"
273,2292636639,7221772595,0,nan,footway,197.6,43.6064,-116.1898,0.1871,0.0,0.0,5,0,1,0.0258,0.3096,0.1448,0.0054,0.0073,True,1.0,0.0,25.0,2.0,0.0,1.0,7.0,0.92,0.2139,"LINESTRING (-116.188783 43.605897, -116.188837 43.605935, -116.188889 43.605956, -116.189024 43.60602, -116.189328 43.606163, -116.18964 43.606309, -116.189961 43.60646, -116.190292 43.606616, -116.190379 43.606656, -116.190471 43.606693, -116.19061 43.606743, -116.190782 43.606792, -116.190805 43.606804, -116.190848 43.606763)"
274,2292636639,7221772652,0,nan,footway,110.8,43.607,-116.1914,0.2591,0.0,0.0,3,1,2,0.0611,0.3138,0.1855,0.0156,0.0024,True,1.0,0.0,25.0,2.0,0.0,1.0,2.0,0.92,0.4251,"LINESTRING (-116.192047 43.607225, -116.191975 43.607193, -116.191925 43.607174, -116.191726 43.607104, -116.191652 43.607075, -116.191472 43.606995, -116.191097 43.606826, -116.190955 43.606761, -116.190848 43.606763)"
275,2292636651,7221772695,0,nan,path,31.0,43.6073,-116.193,0.2055,0.0,0.0,28,3,3,,,,,,False,1.0,0.0,25.0,2.0,0.0,1.0,2.0,0.92,0.4197,"LINESTRING (-116.193169 43.607378, -116.193138 43.607361, -116.19297 43.607263, -116.192852 43.607222)"
276,2292636653,7221772653,0,nan,path,53.6,43.6075,-116.1929,0.1263,0.0,0.0,27,3,3,,,,,,False,1.0,0.0,25.0,2.0,0.0,1.0,5.0,0.92,0.3913,"LINESTRING (-116.193167 43.607606, -116.193123 43.607583, -116.19271 43.607388, -116.192643 43.607317)"
277,2341619029,6468111364,0,Boise River Greenbelt,footway,32.8,43.6098,-116.2086,0.0,1.0,3.917,3,0,5,0.0002,0.2622,0.0342,0.111,0.0246,True,1.0,0.0,25.0,2.0,0.0,1.0,1.0,0.92,0.2225,"LINESTRING (-116.208798 43.609778, -116.208596 43.609762, -116.208518 43.609816, -116.208508 43.609886)"
278,2341619063,7246531863,0,nan,path,204.8,43.6097,-116.2093,0.3318,0.1667,6.3497,9,0,5,0.0052,0.0388,0.0042,0.1564,0.0,True,1.0,0.0,25.0,2.0,0.0,1.0,3.0,0.92,0.6022,"LINESTRING (-116.209149 43.610649, -116.209155 43.610548, -116.20917 43.610339, -116.209173 43.610278, -116.209179 43.610217, -116.209186 43.610173, -116.209195 43.610097, -116.209209 43.610017, -116.209221 43.609964, -116.209244 43.609886, -116.209248 43.609857, -116.209309 43.609646, -116.209348 43.609509, -116.209383 43.609381, -116.209437 43.60919, -116.209453 43.609144, -116.209467 43.608827)"
279,2341631612,7246531865,0,Boise River Greenbelt,path,34.4,43.6094,-116.2082,0.614,0.5,4.8854,2,0,5,0.0045,0.3581,0.0,0.0016,0.0318,True,1.0,0.0,25.0,2.0,0.0,1.0,1.0,0.92,0.6645,"LINESTRING (-116.208059 43.609275, -116.208111 43.609296, -116.208175 43.609324, -116.208226 43.609356, -116.208276 43.609397, -116.208316 43.609419, -116.208351 43.609425, -116.208414 43.609415)"
280,2341649275,2341649279,0,Boise River Greenbelt,path,34.2,43.6014,-116.1907,0.1233,0.5,7.6361,0,0,3,,,,,,False,1.0,0.0,25.0,2.0,0.0,1.0,0.0,0.92,0.4841,"LINESTRING (-116.190942 43.601364, -116.190525 43.601423)"
281,2383758283,7967942242,0,nan,footway,98.8,43.6042,-116.1987,0.0,0.8333,0.0,1,0,0,,,,,,False,1.0,0.0,25.0,2.0,0.0,1.0,0.0,0.92,0.0,"LINESTRING (-116.198122 43.604163, -116.199349 43.60416)"
282,2383758285,2383758286,0,nan,footway,98.7,43.604,-116.1987,0.0,0.8333,23.593,1,0,0,,,,,,False,1.0,0.0,25.0,2.0,0.0,1.0,0.0,0.92,0.2285,"LINESTRING (-116.198121 43.604007, -116.199346 43.604007)"
283,2383758287,3609957977,0,nan,footway,71.2,43.6035,-116.2,0.0,1.0,0.0,1,0,0,,,,,,False,1.0,0.0,25.0,2.0,0.0,1.0,0.0,0.92,0.0,"LINESTRING (-116.200019 43.603155, -116.20001 43.603795)"
284,2383758295,2383758299,0,nan,footway,25.3,43.6043,-116.1996,0.0,1.0,10.1301,1,0,0,,,,,,False,1.0,0.0,25.0,2.0,0.0,1.0,0.0,0.92,0.0908,"LINESTRING (-116.199458 43.60427, -116.199772 43.604258)"
285,2383758295,2383763375,0,nan,footway,49.5,43.6042,-116.2001,0.0,1.0,10.1301,4,0,0,,,,,,False,1.0,0.0,25.0,2.0,0.0,1.0,0.0,0.92,0.0264,"LINESTRING (-116.200383 43.604207, -116.199772 43.604258)"
286,2383758295,6404887114,0,nan,footway,50.1,43.6045,-116.1997,0.0,1.0,7.0008,1,0,0,,,,,,False,1.0,0.0,25.0,2.0,0.0,1.0,0.0,0.92,0.0561,"LINESTRING (-116.199702 43.604704, -116.199741 43.604324, -116.199772 43.604258)"
287,2383763375,6404887121,0,nan,footway,47.8,43.6044,-116.2004,0.0,1.0,7.0008,5,0,0,,,,,,False,1.0,0.0,25.0,2.0,0.0,1.0,0.0,0.92,0.0,"LINESTRING (-116.200478 43.604632, -116.200383 43.604207)"
288,2383763378,6404887113,0,Friendship Lane,residential,40.1,43.605,-116.1995,0.0,0.3333,8.2571,2,0,0,,,,,,False,0.0,2.0,15.0,1.0,0.054,0.5,0.0,0.977,0.261,"LINESTRING (-116.199216 43.605052, -116.199708 43.604994)"
289,2383763378,6404887120,0,Friendship Lane,residential,66.8,43.6049,-116.2001,0.0,1.0,8.2571,3,0,0,,,,,,False,0.0,2.0,15.0,1.0,0.054,0.5,0.0,0.977,0.0227,"LINESTRING (-116.200525 43.604891, -116.199708 43.604994)"
290,2383763380,6404887123,0,nan,footway,38.0,43.604,-116.2006,0.0,1.0,9.3059,4,0,0,,,,,,False,1.0,0.0,25.0,2.0,0.0,1.0,0.0,0.92,0.0183,"LINESTRING (-116.20048 43.604155, -116.20057 43.604078, -116.200722 43.603864)"
291,2383763380,6742374798,0,nan,footway,47.1,43.6039,-116.2004,0.0,1.0,10.1301,1,0,0,,,,,,False,1.0,0.0,25.0,2.0,0.0,1.0,0.0,0.92,0.0908,"LINESTRING (-116.200139 43.603896, -116.200143 43.603895, -116.200424 43.603889, -116.200722 43.603864)"
292,2383763396,6742374797,0,nan,footway,50.5,43.6036,-116.201,0.0,0.6667,0.0,3,0,0,,,,,,False,1.0,0.0,25.0,2.0,0.0,1.0,0.0,0.92,0.0,"LINESTRING (-116.201222 43.603477, -116.200786 43.603803)"
293,2383763396,6404887119,0,nan,footway,45.8,43.6039,-116.2011,0.0,1.0,7.3398,2,0,0,,,,,,False,1.0,0.0,25.0,2.0,0.0,1.0,0.0,0.92,0.032,"LINESTRING (-116.201321 43.603935, -116.200908 43.603815, -116.200786 43.603803)"
294,2383763400,6742374797,0,nan,footway,50.6,43.6033,-116.2014,0.0,0.6667,0.0,2,0,0,,,,,,False,1.0,0.0,25.0,2.0,0.0,1.0,2.0,0.92,0.0,"LINESTRING (-116.201222 43.603477, -116.201653 43.603146)"
295,2383763400,3609957987,0,nan,footway,28.4,43.6032,-116.2018,0.0,0.0,0.0,1,0,0,,,,,,False,1.0,0.0,25.0,2.0,0.0,1.0,3.0,0.92,0.1649,"LINESTRING (-116.201965 43.603265, -116.201838 43.603213, -116.201653 43.603146)"
296,2386988364,6743333905,0,South Chrisway Drive,residential,27.3,43.6032,-116.2075,0.0621,0.0,0.0,3,0,1,,,,,,False,0.0,2.0,15.0,2.0,0.107,1.0,3.0,0.983,0.1936,"LINESTRING (-116.207581 43.603094, -116.207438 43.603316)"
297,2401019874,10538457013,0,nan,path,72.0,43.6063,-116.2083,0.0,0.2,10.4565,0,0,4,,,,,,False,1.0,0.0,25.0,2.0,0.0,1.0,4.0,0.92,0.6171,"LINESTRING (-116.207961 43.606076, -116.208554 43.606475, -116.208563 43.606482, -116.208609 43.606521)"
298,2430618452,3469096446,0,North 9th Street,secondary,40.7,43.6187,-116.2022,0.5569,1.0,0.0,23,5,10,,,,,,False,0.0,4.0,25.0,3.0,0.536,0.5,12.0,0.869,0.6749,"LINESTRING (-116.202381 43.618593, -116.202094 43.618894)"
299,2430618453,7344123797,0,North 10th Street,residential,41.4,43.6197,-116.2031,0.2102,1.0,6.2016,9,1,9,,,,,,False,0.0,2.0,25.0,2.0,0.179,0.5,12.0,0.881,0.5944,"LINESTRING (-116.202996 43.619804, -116.203287 43.619498)"
300,2430618453,7344123787,0,North 10th Street,residential,40.3,43.6193,-116.2034,0.377,1.0,6.2016,7,2,10,,,,,,False,0.0,2.0,25.0,2.0,0.179,0.5,11.0,0.881,0.7877,"LINESTRING (-116.203571 43.619199, -116.203287 43.619498)"
301,2430618455,6209314628,0,North 12th Street,tertiary,29.9,43.6208,-116.2055,0.2591,1.0,8.5313,11,0,10,,,,,,False,0.0,3.0,30.0,2.0,0.321,0.5,10.0,0.773,0.5819,"LINESTRING (-116.205412 43.620901, -116.205624 43.62068)"
302,2430618456,7057303019,0,North 19th Street,residential,41.6,43.6242,-116.2144,0.0703,1.0,5.8737,0,0,3,,,,,,False,0.0,2.0,20.0,2.0,0.143,0.5,5.0,0.943,0.2759,"LINESTRING (-116.214296 43.624395, -116.214592 43.624089)"
303,2430618456,2430618492,0,North 19th Street,residential,103.0,43.6237,-116.215,0.0379,1.0,5.7229,0,0,5,,,,,,False,0.0,2.0,20.0,2.0,0.143,0.5,5.0,0.943,0.3674,"LINESTRING (-116.215322 43.623328, -116.214992 43.623671, -116.214592 43.624089)"
304,2430618500,6212003620,0,North 12th Street,tertiary,34.3,43.619,-116.2072,0.4031,1.0,10.3816,9,1,9,,,,,,False,0.0,3.0,30.0,2.0,0.321,0.5,10.0,0.773,0.7177,"LINESTRING (-116.207328 43.618906, -116.207085 43.619159)"
305,2430618500,7248449884,0,North 12th Street,tertiary,42.0,43.6193,-116.2069,0.3507,1.0,6.4339,8,1,8,,,,,,False,0.0,3.0,30.0,2.0,0.321,0.5,13.0,0.773,0.6067,"LINESTRING (-116.206787 43.61947, -116.207085 43.619159)"
306,2430618505,7248449849,0,North 12th Street,tertiary,40.0,43.6185,-116.2077,0.6624,1.0,23.2519,7,1,9,,,,,,False,0.0,3.0,30.0,2.0,0.321,0.5,11.0,0.773,0.9139,"LINESTRING (-116.20754 43.618685, -116.207609 43.618614, -116.207737 43.618479, -116.207824 43.618389)"
307,2430618508,11733513808,0,North 10th Street,residential,42.4,43.617,-116.2056,0.5583,1.0,20.6366,90,21,9,0.0054,0.1861,0.1276,0.2552,0.0016,True,0.0,2.0,25.0,2.0,0.179,0.5,7.0,0.881,1.0,"LINESTRING (-116.205764 43.616891, -116.205466 43.617205)"
308,2430618509,3469096399,0,North 9th Street,secondary,41.5,43.6164,-116.2044,0.6937,1.0,0.0,68,6,8,0.012,0.2012,0.1238,0.2212,0.0048,True,0.0,4.0,25.0,3.0,0.536,0.5,7.0,0.869,0.5701,"LINESTRING (-116.204595 43.616287, -116.204302 43.616594)"
309,2430618509,3469096410,0,North 9th Street,secondary,43.8,43.6168,-116.2041,0.5069,1.0,0.0,82,6,8,0.0147,0.068,0.0331,0.1889,0.006,True,0.0,4.0,25.0,3.0,0.536,0.5,8.0,0.869,0.4843,"LINESTRING (-116.20399 43.616917, -116.204302 43.616594)"
310,2430618514,7248449794,0,South 12th Street,tertiary,42.8,43.617,-116.2092,0.5472,1.0,0.0,20,3,5,,,,,,False,0.0,3.0,30.0,2.0,0.321,0.5,6.0,0.773,0.355,"LINESTRING (-116.209002 43.617171, -116.209304 43.616853)"
311,2430618514,7248449792,0,South 12th Street,tertiary,40.0,43.6167,-116.2094,0.5429,1.0,0.0,16,3,6,0.0132,0.0014,0.3484,0.1775,0.0188,True,0.0,3.0,30.0,2.0,0.321,0.5,5.0,0.773,0.4214,"LINESTRING (-116.209585 43.616557, -116.209527 43.616618, -116.209304 43.616853)"
312,2430667474,7400067352,0,North 9th Street,secondary,39.5,43.6203,-116.2008,0.0245,1.0,9.6604,5,1,8,,,,,,False,0.0,4.0,25.0,2.0,0.357,0.5,8.0,0.881,0.5459,"LINESTRING (-116.200916 43.620125, -116.200633 43.620415)"
313,2430667474,7400067359,0,North 9th Street,secondary,42.2,43.6206,-116.2005,0.0075,1.0,8.8089,5,0,8,,,,,,False,0.0,4.0,25.0,2.0,0.357,0.5,7.0,0.881,0.4291,"LINESTRING (-116.200333 43.620726, -116.200633 43.620415)"
314,2430667487,8223284865,0,North 9th Street,secondary,41.1,43.621,-116.2,0.0555,1.0,0.0,6,0,8,,,,,,False,0.0,4.0,25.0,2.0,0.357,0.5,8.0,0.881,0.1973,"LINESTRING (-116.20018 43.620886, -116.199888 43.621188)"
315,2430667487,8223285123,0,North 9th Street,secondary,40.0,43.6213,-116.1997,0.1078,1.0,5.058,2,0,8,,,,,,False,0.0,4.0,25.0,2.0,0.357,0.5,8.0,0.881,0.4663,"LINESTRING (-116.199603 43.621483, -116.199888 43.621188)"
316,2430667493,8223170575,0,North 9th Street,secondary,42.1,43.6221,-116.199,0.2444,1.0,7.577,1,0,5,,,,,,False,0.0,4.0,25.0,2.0,0.357,0.5,10.0,0.881,0.4248,"LINESTRING (-116.198884 43.622271, -116.199171 43.621955)"
317,2430667493,8223285122,0,North 9th Street,secondary,40.4,43.6218,-116.1993,0.1662,1.0,3.4515,0,0,7,,,,,,False,0.0,4.0,25.0,2.0,0.357,0.5,8.0,0.881,0.4806,"LINESTRING (-116.199446 43.621651, -116.199171 43.621955)"
318,2430667511,8235235820,0,North Straughan Avenue,residential,43.3,43.6093,-116.1859,0.0326,1.0,4.7881,17,1,0,,,,,,False,0.0,2.0,25.0,2.0,0.179,0.5,7.0,0.881,0.0,"LINESTRING (-116.185806 43.609433, -116.186082 43.609098)"
319,2430667517,8235235650,0,North Bruce Avenue,residential,41.8,43.6107,-116.1867,0.0439,1.0,5.6219,1,0,0,,,,,,False,0.0,2.0,25.0,2.0,0.179,0.5,2.0,0.881,0.0534,"LINESTRING (-116.186569 43.610841, -116.186838 43.610519)"
320,2430667517,8235235633,0,North Bruce Avenue,residential,40.2,43.6104,-116.187,0.0,1.0,5.4626,1,0,0,,,,,,False,0.0,2.0,25.0,2.0,0.179,0.5,2.0,0.881,0.0337,"LINESTRING (-116.187096 43.61021, -116.186838 43.610519)"
321,2430667518,8235235842,0,North Straughan Avenue,residential,41.8,43.6101,-116.1853,0.0712,1.0,3.7398,1,1,0,,,,,,False,0.0,2.0,25.0,2.0,0.179,0.5,8.0,0.881,0.1303,"LINESTRING (-116.185147 43.610228, -116.185414 43.609906)"
322,2430667518,8235235643,0,North Straughan Avenue,residential,40.1,43.6098,-116.1855,0.1774,1.0,3.7398,5,0,0,,,,,,False,0.0,2.0,25.0,2.0,0.179,0.5,7.0,0.881,0.0,"LINESTRING (-116.185671 43.609596, -116.185414 43.609906)"
323,2439304881,7183261460,0,nan,path,46.0,43.6003,-116.1982,0.0,1.0,0.0,3,0,2,0.0002,0.0546,0.0882,0.348,0.0001,True,1.0,0.0,25.0,2.0,0.0,1.0,1.0,0.92,0.0,"LINESTRING (-116.198529 43.600268, -116.198378 43.600269, -116.198332 43.600269, -116.197958 43.600266)"
324,2439304881,7183261463,0,nan,path,68.8,43.6006,-116.198,0.008,1.0,0.0,5,0,2,,,,,,False,1.0,0.0,25.0,2.0,0.0,1.0,2.0,0.92,0.0,"LINESTRING (-116.197966 43.600885, -116.197965 43.600695, -116.197958 43.600266)"
325,2464892773,7404134558,0,West Ellis Avenue,residential,51.8,43.6293,-116.2173,0.0429,1.0,5.9261,0,0,3,,,,,,False,0.0,2.0,20.0,2.0,0.143,0.5,8.0,0.943,0.2661,"LINESTRING (-116.217038 43.629157, -116.217508 43.629476)"
326,2464892789,8228573524,0,West Ellis Avenue,residential,60.5,43.6289,-116.2166,0.0118,1.0,4.7283,0,0,2,,,,,,False,0.0,2.0,20.0,2.0,0.143,0.5,11.0,0.943,0.1808,"LINESTRING (-116.216874 43.629047, -116.216325 43.628676)"
327,2464892789,8223342509,0,West Ellis Avenue,residential,57.0,43.6285,-116.2161,0.0432,1.0,6.0268,0,0,2,,,,,,False,0.0,2.0,20.0,2.0,0.143,0.5,4.0,0.943,0.2145,"LINESTRING (-116.215806 43.628326, -116.216325 43.628676)"
328,2464892790,8223284897,0,West Ellis Avenue,residential,59.2,43.6277,-116.2149,0.0256,1.0,5.577,1,0,3,,,,,,False,0.0,2.0,20.0,2.0,0.143,0.5,5.0,0.943,0.2052,"LINESTRING (-116.214601 43.627507, -116.215138 43.627871)"
329,2464892790,8223285021,0,West Ellis Avenue,residential,66.1,43.6281,-116.2154,0.0528,1.0,5.0325,0,0,2,,,,,,False,0.0,2.0,20.0,2.0,0.143,0.5,6.0,0.943,0.2022,"LINESTRING (-116.215735 43.628278, -116.215706 43.62825, -116.215138 43.627871)"
330,2464892811,8223285223,0,West Alturas Street,residential,40.8,43.6293,-116.2142,0.0195,1.0,5.6292,0,0,2,,,,,,False,0.0,2.0,25.0,2.0,0.179,0.5,6.0,0.881,0.1991,"LINESTRING (-116.214438 43.629285, -116.213932 43.629284)"
331,2464892811,8223285231,0,West Alturas Street,residential,40.7,43.6293,-116.2137,0.0,1.0,5.5159,0,0,2,,,,,,False,0.0,2.0,25.0,2.0,0.179,0.5,6.0,0.881,0.1897,"LINESTRING (-116.213426 43.629284, -116.213932 43.629284)"
332,2464892812,8223285225,0,West Sherman Street,residential,40.8,43.6284,-116.2142,0.0282,1.0,3.8584,0,0,3,,,,,,False,0.0,2.0,25.0,2.0,0.179,0.5,3.0,0.881,0.2231,"LINESTRING (-116.21444 43.628403, -116.213933 43.628402)"
333,2464892812,8223285229,0,West Sherman Street,residential,40.8,43.6284,-116.2137,0.0813,1.0,4.1102,0,0,3,,,,,,False,0.0,2.0,25.0,2.0,0.179,0.5,6.0,0.881,0.2491,"LINESTRING (-116.213426 43.628401, -116.213933 43.628402)"
334,2464892813,8223285226,0,West Ellis Avenue,residential,55.0,43.6272,-116.2142,0.0292,1.0,4.6333,4,0,4,,,,,,False,0.0,2.0,20.0,2.0,0.143,0.5,5.0,0.943,0.1792,"LINESTRING (-116.214451 43.627408, -116.213934 43.627084)"
335,2464892813,8223285228,0,West Ellis Avenue,residential,57.7,43.6269,-116.2137,0.0145,1.0,4.5664,0,0,4,,,,,,False,0.0,2.0,20.0,2.0,0.143,0.5,6.0,0.943,0.2853,"LINESTRING (-116.213425 43.626718, -116.213934 43.627084)"
336,2464892818,7373765809,0,North 24th Street,residential,46.8,43.6296,-116.219,0.0074,1.0,5.8373,2,0,4,,,,,,False,0.0,2.0,20.0,2.0,0.143,0.5,3.0,0.943,0.2269,"LINESTRING (-116.21922 43.629443, -116.218836 43.62976)"
337,2464892825,7265445254,0,North 19th Street,residential,42.4,43.6258,-116.213,0.04,1.0,7.0088,4,0,2,,,,,,False,0.0,2.0,20.0,2.0,0.143,0.5,8.0,0.943,0.1139,"LINESTRING (-116.21282 43.625923, -116.213122 43.62561)"
338,2464892825,7057302945,0,North 19th Street,residential,40.4,43.6255,-116.2133,0.0177,1.0,6.1878,12,1,2,,,,,,False,0.0,2.0,20.0,2.0,0.143,0.5,8.0,0.943,0.1282,"LINESTRING (-116.213409 43.625312, -116.213122 43.62561)"
339,2464892832,6209314613,0,North 12th Street,residential,32.0,43.6213,-116.205,0.01,1.0,5.4756,17,1,10,,,,,,False,0.0,2.0,25.0,2.0,0.179,0.5,13.0,0.881,0.5172,"LINESTRING (-116.205117 43.621208, -116.20489 43.621445)"
340,2464892832,7596213410,0,North 12th Street,residential,41.2,43.6216,-116.2047,0.0446,1.0,8.074,8,0,9,,,,,,False,0.0,2.0,25.0,2.0,0.179,0.5,7.0,0.881,0.4601,"LINESTRING (-116.204598 43.621749, -116.20489 43.621445)"
341,2464892841,8223171149,0,North 19th Street,residential,25.9,43.6265,-116.2123,0.0125,1.0,4.3162,0,0,2,,,,,,False,0.0,2.0,20.0,2.0,0.143,0.5,9.0,0.943,0.1732,"LINESTRING (-116.21219 43.62658, -116.212371 43.626388)"
342,2464892841,8223171193,0,North 19th Street,residential,42.7,43.6262,-116.2125,0.0159,1.0,5.0076,2,0,2,,,,,,False,0.0,2.0,20.0,2.0,0.143,0.5,11.0,0.943,0.1102,"LINESTRING (-116.212689 43.626081, -116.212371 43.626388)"
343,2464892852,7055898639,0,nan,footway,86.4,43.6235,-116.2153,0.017,1.0,4.714,1,0,5,,,,,,False,1.0,0.0,25.0,2.0,0.0,1.0,3.0,0.92,0.2935,"LINESTRING (-116.21569 43.623555, -116.21525 43.62355, -116.215587 43.623208, -116.215617 43.623178)"
344,2464892852,7055898637,0,nan,footway,121.6,43.6228,-116.2161,0.0209,1.0,4.7911,1,0,6,,,,,,False,1.0,0.0,25.0,2.0,0.0,1.0,4.0,0.92,0.3497,"LINESTRING (-116.216873 43.622812, -116.215972 43.622819, -116.21564 43.623154, -116.215617 43.623178)"
345,2467261758,8223171140,0,West Alturas Street,residential,41.0,43.6293,-116.2118,0.026,1.0,4.5895,0,0,0,,,,,,False,0.0,2.0,25.0,2.0,0.179,0.5,6.0,0.881,0.0773,"LINESTRING (-116.212035 43.629282, -116.211526 43.629282)"
346,2467261758,8223171163,0,West Alturas Street,residential,42.7,43.6293,-116.2113,0.0116,1.0,4.623,0,0,0,,,,,,False,0.0,2.0,25.0,2.0,0.179,0.5,6.0,0.881,0.0723,"LINESTRING (-116.210995 43.629281, -116.211526 43.629282)"
347,2467261768,8223171179,0,West Alturas Street,residential,43.9,43.6293,-116.2105,0.1125,1.0,4.3182,0,0,2,,,,,,False,0.0,2.0,25.0,2.0,0.179,0.5,7.0,0.881,0.2122,"LINESTRING (-116.210729 43.629281, -116.210184 43.629281)"
348,2467261768,8223171007,0,West Alturas Street,residential,39.3,43.6293,-116.2099,0.0483,1.0,5.2109,0,0,2,,,,,,False,0.0,2.0,25.0,2.0,0.179,0.5,6.0,0.881,0.2035,"LINESTRING (-116.209695 43.62928, -116.210184 43.629281)"
349,2467261775,8223171142,0,West Sherman Street,residential,42.0,43.6284,-116.2118,0.0268,1.0,5.3125,0,0,1,,,,,,False,0.0,2.0,25.0,2.0,0.179,0.5,6.0,0.881,0.1436,"LINESTRING (-116.212042 43.628399, -116.211521 43.628399)"
350,2467261775,8223171164,0,West Sherman Street,residential,42.1,43.6284,-116.2113,0.0078,1.0,4.4928,0,0,1,,,,,,False,0.0,2.0,25.0,2.0,0.179,0.5,6.0,0.881,0.1216,"LINESTRING (-116.210997 43.628399, -116.211521 43.628399)"
351,2467261779,8223170838,0,West Sherman Street,residential,43.3,43.6284,-116.213,0.0168,1.0,6.5987,0,0,3,,,,,,False,0.0,2.0,25.0,2.0,0.179,0.5,7.0,0.881,0.2656,"LINESTRING (-116.213252 43.628401, -116.212714 43.6284)"
352,2467261779,8223171120,0,West Sherman Street,residential,39.2,43.6284,-116.2125,0.0461,1.0,5.6743,0,0,1,,,,,,False,0.0,2.0,25.0,2.0,0.179,0.5,6.0,0.881,0.1569,"LINESTRING (-116.212227 43.628399, -116.212714 43.6284)"
353,2467261789,8223171180,0,West Sherman Street,residential,44.1,43.6284,-116.2105,0.0642,1.0,3.6717,0,0,2,,,,,,False,0.0,2.0,25.0,2.0,0.179,0.5,7.0,0.881,0.1798,"LINESTRING (-116.210731 43.628399, -116.210182 43.628399)"
354,2467261789,8223171008,0,West Sherman Street,residential,39.0,43.6284,-116.2099,0.0113,1.0,5.2161,0,0,2,,,,,,False,0.0,2.0,25.0,2.0,0.179,0.5,6.0,0.881,0.1891,"LINESTRING (-116.209697 43.628399, -116.210182 43.628399)"
355,2468321950,8223171024,0,West Sherman Street,residential,40.7,43.6284,-116.2093,0.074,1.0,5.9601,0,0,2,,,,,,False,0.0,2.0,25.0,2.0,0.179,0.5,7.0,0.881,0.2254,"LINESTRING (-116.209503 43.628399, -116.208997 43.628399)"
356,2468321950,8223170556,0,West Sherman Street,residential,39.6,43.6284,-116.2088,0.0121,1.0,5.9539,0,0,2,,,,,,False,0.0,2.0,25.0,2.0,0.179,0.5,8.0,0.881,0.2013,"LINESTRING (-116.208506 43.628401, -116.208997 43.628399)"
357,2468321951,8223171023,0,West Alturas Street,residential,41.1,43.6293,-116.2092,0.0189,1.0,4.5329,1,0,2,,,,,,False,0.0,2.0,25.0,2.0,0.179,0.5,7.0,0.881,0.1312,"LINESTRING (-116.2095 43.62928, -116.20899 43.629279)"
358,2468321951,8223170555,0,West Alturas Street,residential,39.1,43.6293,-116.2087,0.011,1.0,4.9214,1,0,2,,,,,,False,0.0,2.0,25.0,2.0,0.179,0.5,8.0,0.881,0.1353,"LINESTRING (-116.208504 43.629279, -116.20899 43.629279)"
359,2468321967,8223171236,0,West Alturas Street,residential,42.1,43.6293,-116.2079,0.0218,1.0,4.6654,1,0,2,,,,,,False,0.0,2.0,25.0,2.0,0.179,0.5,8.0,0.881,0.1348,"LINESTRING (-116.208164 43.629277, -116.20764 43.629278)"
360,2468321967,8223171217,0,West Alturas Street,residential,39.9,43.6293,-116.2074,0.0494,1.0,5.9996,0,0,2,,,,,,False,0.0,2.0,25.0,2.0,0.179,0.5,6.0,0.881,0.2165,"LINESTRING (-116.207144 43.629279, -116.20764 43.629278)"
361,2468321968,8223171237,0,West Sherman Street,residential,42.2,43.6284,-116.2079,0.0206,1.0,4.3634,0,0,2,,,,,,False,0.0,2.0,25.0,2.0,0.179,0.5,9.0,0.881,0.1773,"LINESTRING (-116.208166 43.6284, -116.207642 43.628399)"
362,2468321968,8223171218,0,West Sherman Street,residential,39.9,43.6284,-116.2074,0.0631,1.0,5.0978,0,0,2,,,,,,False,0.0,2.0,25.0,2.0,0.179,0.5,6.0,0.881,0.2073,"LINESTRING (-116.207147 43.628398, -116.207642 43.628399)"
363,2468321973,8223171258,0,West Sherman Street,residential,41.1,43.6284,-116.2067,0.015,1.0,4.4733,1,0,2,,,,,,False,0.0,2.0,25.0,2.0,0.179,0.5,7.0,0.881,0.1286,"LINESTRING (-116.206952 43.628398, -116.206441 43.628398)"
364,2468321973,8223170756,0,West Sherman Street,residential,38.7,43.6284,-116.2062,0.2113,1.0,4.6935,1,0,2,,,,,,False,0.0,2.0,25.0,2.0,0.179,0.5,6.0,0.881,0.2092,"LINESTRING (-116.20596 43.628398, -116.206441 43.628398)"
365,2468321974,8223171257,0,West Alturas Street,residential,40.9,43.6293,-116.2067,0.0229,1.0,4.8848,0,0,3,,,,,,False,0.0,2.0,25.0,2.0,0.179,0.5,7.0,0.881,0.2412,"LINESTRING (-116.206952 43.629278, -116.206444 43.629277)"
366,2468321974,8223170755,0,West Alturas Street,residential,39.1,43.6293,-116.2062,0.1106,1.0,4.8913,0,0,3,,,,,,False,0.0,2.0,25.0,2.0,0.179,0.5,6.0,0.881,0.2755,"LINESTRING (-116.205958 43.629277, -116.206444 43.629277)"
367,2468321994,8223170692,0,West Alturas Street,residential,41.3,43.6293,-116.2054,0.011,1.0,5.0815,0,0,3,,,,,,False,0.0,2.0,25.0,2.0,0.179,0.5,7.0,0.881,0.24,"LINESTRING (-116.205691 43.629276, -116.205178 43.629276)"
368,2468321994,8223284972,0,West Alturas Street,residential,39.6,43.6293,-116.2049,0.015,1.0,5.4388,0,0,3,,,,,,False,0.0,2.0,25.0,2.0,0.179,0.5,6.0,0.881,0.2475,"LINESTRING (-116.204685 43.629275, -116.205178 43.629276)"
369,2468321995,8223170693,0,West Sherman Street,residential,41.5,43.6284,-116.2054,0.0271,1.0,4.3021,1,0,2,,,,,,False,0.0,2.0,25.0,2.0,0.179,0.5,7.0,0.881,0.13,"LINESTRING (-116.205692 43.628398, -116.205176 43.628397)"
370,2468321995,8223284974,0,West Sherman Street,residential,39.4,43.6284,-116.2049,0.1263,1.0,4.9714,0,0,2,,,,,,False,0.0,2.0,25.0,2.0,0.179,0.5,6.0,0.881,0.2298,"LINESTRING (-116.204687 43.628396, -116.205176 43.628397)"
371,2468322000,8223285105,0,West Sherman Street,residential,40.4,43.6284,-116.2042,0.021,1.0,4.6346,1,0,2,,,,,,False,0.0,2.0,25.0,2.0,0.179,0.5,6.0,0.881,0.134,"LINESTRING (-116.204487 43.628396, -116.203986 43.628395)"
372,2468322000,8223170734,0,West Sherman Street,residential,42.0,43.6284,-116.2037,0.1375,1.0,4.7589,1,0,2,,,,,,False,0.0,2.0,25.0,2.0,0.179,0.5,6.0,0.881,0.1816,"LINESTRING (-116.203465 43.628394, -116.203986 43.628395)"
373,2468322001,8223285103,0,West Alturas Street,residential,39.9,43.6293,-116.2042,0.0571,1.0,4.8171,8,5,2,,,,,,False,0.0,2.0,25.0,2.0,0.179,0.5,6.0,0.881,0.3079,"LINESTRING (-116.204487 43.629275, -116.203991 43.629275)"
374,2468322001,8223170733,0,West Alturas Street,residential,42.4,43.6293,-116.2037,0.0584,1.0,5.1941,12,5,2,,,,,,False,0.0,2.0,25.0,2.0,0.179,0.5,6.0,0.881,0.2892,"LINESTRING (-116.203464 43.629274, -116.203991 43.629275)"
375,2468322017,8223171400,0,West Alturas Street,residential,39.0,43.6293,-116.2031,0.0728,1.0,6.4513,12,5,2,,,,,,False,0.0,2.0,25.0,2.0,0.179,0.5,8.0,0.881,0.3142,"LINESTRING (-116.203294 43.629274, -116.20281 43.629274)"
376,2468322017,8223285465,0,West Alturas Street,residential,39.0,43.6293,-116.2026,0.0125,1.0,6.078,4,0,2,,,,,,False,0.0,2.0,25.0,2.0,0.179,0.5,7.0,0.881,0.0902,"LINESTRING (-116.202326 43.629273, -116.20281 43.629274)"
377,2468322018,8223171403,0,West Sherman Street,residential,38.6,43.6284,-116.2031,0.1202,1.0,4.8233,2,0,2,,,,,,False,0.0,2.0,25.0,2.0,0.179,0.5,7.0,0.881,0.1476,"LINESTRING (-116.203295 43.628394, -116.202814 43.628394)"
378,2468322018,8223285467,0,West Sherman Street,residential,39.0,43.6284,-116.2026,0.2108,1.0,4.6256,1,0,2,,,,,,False,0.0,2.0,25.0,2.0,0.179,0.5,7.0,0.881,0.2078,"LINESTRING (-116.20233 43.628393, -116.202814 43.628394)"
379,2468324715,8223285501,0,West Alturas Street,residential,37.8,43.6293,-116.2019,0.0581,1.0,4.9182,0,0,2,,,,,,False,0.0,2.0,25.0,2.0,0.179,0.5,7.0,0.881,0.2022,"LINESTRING (-116.202115 43.629273, -116.201645 43.629273)"
380,2468324715,8223285532,0,West Alturas Street,residential,39.1,43.6293,-116.2014,0.0477,1.0,5.1347,0,0,2,,,,,,False,0.0,2.0,25.0,2.0,0.179,0.5,7.0,0.881,0.202,"LINESTRING (-116.20116 43.629272, -116.201645 43.629273)"
381,2468324716,8223285503,0,West Sherman Street,residential,38.2,43.6284,-116.2019,0.038,1.0,5.0677,0,0,2,,,,,,False,0.0,2.0,25.0,2.0,0.179,0.5,7.0,0.881,0.197,"LINESTRING (-116.20212 43.628393, -116.201645 43.628392)"
382,2468324716,8223285534,0,West Sherman Street,residential,38.8,43.6284,-116.2014,0.0764,1.0,0.0,0,0,2,,,,,,False,0.0,2.0,25.0,2.0,0.179,0.5,7.0,0.881,0.0227,"LINESTRING (-116.201164 43.628391, -116.201645 43.628392)"
383,2468324723,8223171382,0,North 9th Street,residential,41.2,43.6251,-116.1987,0.058,1.0,3.9099,2,0,4,,,,,,False,0.0,2.0,25.0,2.0,0.179,0.5,5.0,0.881,0.2119,"LINESTRING (-116.198745 43.624935, -116.198743 43.625305)"
384,2468324723,8223343061,0,North 9th Street,residential,41.0,43.6255,-116.1987,0.0486,1.0,5.2947,2,0,3,,,,,,False,0.0,2.0,25.0,2.0,0.179,0.5,5.0,0.881,0.1811,"LINESTRING (-116.198741 43.625674, -116.198743 43.625305)"
385,2468324728,8223343086,0,North 9th Street,residential,41.0,43.626,-116.1987,0.0137,1.0,4.9134,0,0,2,,,,,,False,0.0,2.0,25.0,2.0,0.179,0.5,5.0,0.881,0.1849,"LINESTRING (-116.198741 43.625823, -116.198739 43.626192)"
386,2468324728,8223170773,0,North 9th Street,residential,41.8,43.6264,-116.1987,0.046,1.0,0.0,0,0,0,,,,,,False,0.0,2.0,25.0,2.0,0.179,0.5,5.0,0.881,0.0,"LINESTRING (-116.198737 43.626568, -116.198739 43.626192)"
387,2468324733,6206412367,0,North 9th Street,tertiary,40.6,43.6227,-116.1987,0.1482,1.0,5.4354,1,1,3,,,,,,False,0.0,3.0,25.0,2.0,0.268,0.5,10.0,0.881,0.3521,"LINESTRING (-116.198757 43.622525, -116.198735 43.622706, -116.198734 43.622889)"
388,2468324736,8223285568,0,West Sherman Street,residential,37.8,43.6284,-116.2007,0.0099,1.0,4.4516,1,0,0,,,,,,False,0.0,2.0,25.0,2.0,0.179,0.5,7.0,0.881,0.0197,"LINESTRING (-116.200944 43.628391, -116.200473 43.62839)"
389,2468324736,8223342656,0,West Sherman Street,residential,39.4,43.6284,-116.2002,0.0095,1.0,0.0,1,0,0,,,,,,False,0.0,2.0,25.0,2.0,0.179,0.5,7.0,0.881,0.0,"LINESTRING (-116.199984 43.62839, -116.200473 43.62839)"
390,2468324737,8223285566,0,West Alturas Street,residential,37.6,43.6293,-116.2007,0.0148,1.0,4.0099,0,0,0,,,,,,False,0.0,2.0,25.0,2.0,0.179,0.5,7.0,0.881,0.0614,"LINESTRING (-116.200939 43.629272, -116.200471 43.629272)"
391,2468324737,8223342654,0,West Alturas Street,residential,39.5,43.6293,-116.2002,0.0701,1.0,4.1312,3,0,0,,,,,,False,0.0,2.0,25.0,2.0,0.179,0.5,7.0,0.881,0.0,"LINESTRING (-116.19998 43.629271, -116.200471 43.629272)"
392,2468324749,8223343021,0,North 5th Street,residential,43.1,43.6237,-116.194,0.0104,1.0,4.9746,1,0,1,,,,,,False,0.0,2.0,25.0,2.0,0.179,0.5,5.0,0.881,0.0827,"LINESTRING (-116.194036 43.623896, -116.194036 43.623882, -116.194037 43.623508)"
393,2468324749,8223342982,0,North 5th Street,residential,40.8,43.6233,-116.194,0.06,1.0,4.1343,1,0,1,,,,,,False,0.0,2.0,25.0,2.0,0.179,0.5,4.0,0.881,0.0862,"LINESTRING (-116.194037 43.623141, -116.194036 43.623156, -116.194037 43.623508)"
394,2468324752,8223171345,0,North 5th Street,residential,41.1,43.6246,-116.194,0.0368,1.0,4.4092,1,0,0,,,,,,False,0.0,2.0,25.0,2.0,0.179,0.5,5.0,0.881,0.0293,"LINESTRING (-116.194035 43.624776, -116.194035 43.624406)"
395,2468324752,8223342999,0,North 5th Street,residential,40.8,43.6242,-116.194,0.0524,1.0,4.845,1,0,0,,,,,,False,0.0,2.0,25.0,2.0,0.179,0.5,5.0,0.881,0.0436,"LINESTRING (-116.194036 43.624039, -116.194035 43.624053, -116.194035 43.624406)"
396,2468324754,8223171372,0,North 5th Street,residential,40.0,43.6251,-116.194,0.0175,1.0,4.6711,1,0,0,,,,,,False,0.0,2.0,25.0,2.0,0.179,0.5,5.0,0.881,0.0268,"LINESTRING (-116.194035 43.624931, -116.194035 43.62529)"
397,2468324754,8223343047,0,North 5th Street,residential,42.3,43.6255,-116.194,0.0499,1.0,4.8609,1,0,0,,,,,,False,0.0,2.0,25.0,2.0,0.179,0.5,6.0,0.881,0.0429,"LINESTRING (-116.194034 43.625671, -116.194034 43.625661, -116.194035 43.62529)"
398,2468418220,8223170763,0,North 4th Street,residential,40.9,43.6264,-116.1919,0.0,1.0,3.7966,0,0,0,,,,,,False,0.0,2.0,25.0,2.0,0.179,0.5,2.0,0.881,0.0511,"LINESTRING (-116.191851 43.626564, -116.19185 43.626196)"
399,2468418223,8223170788,0,North 4th Street,residential,39.6,43.6269,-116.1914,0.0559,1.0,4.9797,0,0,0,,,,,,False,0.0,2.0,25.0,2.0,0.179,0.5,2.0,0.881,0.096,"LINESTRING (-116.191377 43.626703, -116.191369 43.62706)"
400,2468418224,11272175857,0,West Alturas Street,residential,32.8,43.6293,-116.1948,0.0155,1.0,4.7967,2,0,0,,,,,,False,0.0,2.0,25.0,2.0,0.179,0.5,2.0,0.881,0.0,"LINESTRING (-116.195018 43.629269, -116.194611 43.629273)"
401,2468418224,10687436004,0,West Alturas Street,residential,39.0,43.6293,-116.1944,0.0242,1.0,4.9118,2,0,0,,,,,,False,0.0,2.0,25.0,2.0,0.179,0.5,0.0,0.881,0.0053,"LINESTRING (-116.194134 43.629228, -116.194198 43.62925, -116.194611 43.629273)"
402,2468418225,8225216569,0,West Sherman Street,residential,39.8,43.6284,-116.1949,0.013,1.0,5.513,0,0,0,,,,,,False,0.0,2.0,25.0,2.0,0.179,0.5,7.0,0.881,0.0883,"LINESTRING (-116.195098 43.628385, -116.194604 43.628384)"
403,2468418225,8225216596,0,West Sherman Street,residential,37.1,43.6284,-116.1944,0.0121,1.0,5.9798,0,0,0,,,,,,False,0.0,2.0,25.0,2.0,0.179,0.5,6.0,0.881,0.0952,"LINESTRING (-116.194144 43.628383, -116.194161 43.628383, -116.194604 43.628384)"
404,2468418227,8225216575,0,West Resseguie Street,residential,39.8,43.6266,-116.1949,0.0215,1.0,5.9067,0,0,0,,,,,,False,0.0,2.0,20.0,2.0,0.143,0.5,7.0,0.943,0.0977,"LINESTRING (-116.195104 43.626645, -116.19461 43.626645)"
405,2468418227,8223342954,0,West Resseguie Street,residential,37.0,43.6266,-116.1944,0.054,1.0,4.9838,0,0,0,,,,,,False,0.0,2.0,20.0,2.0,0.143,0.5,7.0,0.943,0.0954,"LINESTRING (-116.19415 43.626645, -116.194173 43.626645, -116.19461 43.626645)"
406,2468418231,8225216587,0,West Union Street,residential,39.4,43.6231,-116.1949,0.0176,1.0,5.814,0,0,1,,,,,,False,0.0,2.0,25.0,2.0,0.179,0.5,7.0,0.881,0.148,"LINESTRING (-116.195117 43.623051, -116.194627 43.623052)"
407,2468418233,8223328303,0,West Union Street,residential,38.1,43.6231,-116.196,0.0694,1.0,4.9757,0,0,2,,,,,,False,0.0,2.0,25.0,2.0,0.179,0.5,7.0,0.881,0.2077,"LINESTRING (-116.19627 43.62305, -116.195796 43.62305)"
408,2468418233,8223171335,0,West Union Street,residential,38.5,43.6231,-116.1956,0.0666,1.0,5.0886,0,0,2,,,,,,False,0.0,2.0,25.0,2.0,0.179,0.5,7.0,0.881,0.2085,"LINESTRING (-116.195318 43.623051, -116.195796 43.62305)"
409,2468418239,8223171327,0,West Sherman Street,residential,37.7,43.6284,-116.1956,0.0517,1.0,4.6194,0,0,0,,,,,,False,0.0,2.0,25.0,2.0,0.179,0.5,7.0,0.881,0.0878,"LINESTRING (-116.195318 43.628385, -116.195786 43.628386)"
410,2468418239,8223328294,0,West Sherman Street,residential,38.3,43.6284,-116.196,0.0,1.0,3.5735,1,0,0,,,,,,False,0.0,2.0,25.0,2.0,0.179,0.5,7.0,0.881,0.0,"LINESTRING (-116.196262 43.628387, -116.196249 43.628387, -116.195786 43.628386)"
411,2468418240,8223328292,0,West Alturas Street,residential,39.2,43.6293,-116.196,0.0662,1.0,3.2557,0,0,0,,,,,,False,0.0,2.0,25.0,2.0,0.179,0.5,7.0,0.881,0.0643,"LINESTRING (-116.196261 43.629268, -116.195773 43.629267)"
412,2468418240,8223171325,0,West Alturas Street,residential,36.6,43.6293,-116.1955,0.0786,1.0,3.3062,1,0,0,,,,,,False,0.0,2.0,25.0,2.0,0.179,0.5,5.0,0.881,0.0217,"LINESTRING (-116.195318 43.629267, -116.195773 43.629267)"
413,2468418244,8223328314,0,West Alturas Street,residential,39.3,43.6293,-116.1967,0.0132,1.0,5.1196,0,0,0,,,,,,False,0.0,2.0,25.0,2.0,0.179,0.5,7.0,0.881,0.0818,"LINESTRING (-116.196476 43.629268, -116.196964 43.629268)"
414,2468418244,8223343170,0,West Alturas Street,residential,39.4,43.6293,-116.1972,0.0207,1.0,4.8905,0,0,0,,,,,,False,0.0,2.0,25.0,2.0,0.179,0.5,7.0,0.881,0.0807,"LINESTRING (-116.197453 43.629269, -116.197405 43.629269, -116.196964 43.629268)"
415,2468418245,8223343173,0,West Sherman Street,residential,39.6,43.6284,-116.1972,0.0211,1.0,2.8971,1,0,0,,,,,,False,0.0,2.0,25.0,2.0,0.179,0.5,7.0,0.881,0.0,"LINESTRING (-116.197458 43.628387, -116.197427 43.628387, -116.196966 43.628387)"
416,2468418245,8223328316,0,West Sherman Street,residential,39.2,43.6284,-116.1967,0.0,1.0,5.7623,1,0,0,,,,,,False,0.0,2.0,25.0,2.0,0.179,0.5,7.0,0.881,0.0384,"LINESTRING (-116.196479 43.628387, -116.196493 43.628387, -116.196756 43.628387, -116.196966 43.628387)"
417,2468418251,8223342427,0,West Union Street,residential,38.4,43.623,-116.1967,0.0113,1.0,0.0,0,0,2,,,,,,False,0.0,2.0,25.0,2.0,0.179,0.5,6.0,0.881,0.0,"LINESTRING (-116.1965 43.62305, -116.196977 43.623049)"
418,2468418251,8223343191,0,West Union Street,residential,41.1,43.623,-116.1972,0.0312,1.0,5.5792,3,0,2,,,,,,False,0.0,2.0,25.0,2.0,0.179,0.5,8.0,0.881,0.1055,"LINESTRING (-116.197488 43.623049, -116.197452 43.623049, -116.196977 43.623049)"
419,2468418253,6214632535,0,West Union Street,tertiary,26.1,43.623,-116.198,0.0549,1.0,5.4354,3,0,2,,,,,,False,0.0,3.0,25.0,2.0,0.268,0.5,7.0,0.881,0.1124,"LINESTRING (-116.197816 43.623049, -116.19814 43.623049)"
420,2468418253,8223285414,0,West Union Street,tertiary,39.8,43.623,-116.1984,0.043,1.0,5.4354,3,0,2,,,,,,False,0.0,3.0,25.0,2.0,0.268,0.5,8.0,0.881,0.1078,"LINESTRING (-116.198634 43.623049, -116.198598 43.623049, -116.19814 43.623049)"
421,2468418259,8223285404,0,West Sherman Street,residential,38.4,43.6284,-116.1984,0.0113,1.0,4.6606,1,0,0,,,,,,False,0.0,2.0,25.0,2.0,0.179,0.5,7.0,0.881,0.0242,"LINESTRING (-116.198612 43.628389, -116.198136 43.628388)"
422,2468418259,8223170601,0,West Sherman Street,residential,39.1,43.6284,-116.1979,0.0466,1.0,4.0293,0,0,0,,,,,,False,0.0,2.0,25.0,2.0,0.179,0.5,7.0,0.881,0.0742,"LINESTRING (-116.19765 43.628387, -116.197686 43.628387, -116.198136 43.628388)"
423,2468418260,8223285402,0,West Alturas Street,residential,38.7,43.6293,-116.1984,0.176,1.0,3.3332,0,0,0,,,,,,False,0.0,2.0,25.0,2.0,0.179,0.5,7.0,0.881,0.109,"LINESTRING (-116.198609 43.62927, -116.198128 43.629269)"
424,2468418260,8223170600,0,West Alturas Street,residential,39.1,43.6293,-116.1979,0.0477,1.0,3.77,0,0,0,,,,,,False,0.0,2.0,25.0,2.0,0.179,0.5,7.0,0.881,0.0691,"LINESTRING (-116.197642 43.629269, -116.197686 43.629269, -116.198128 43.629269)"
425,2468418267,8223342695,0,West Alturas Street,residential,38.9,43.6293,-116.1995,0.0221,1.0,6.2401,3,0,0,,,,,,False,0.0,2.0,25.0,2.0,0.179,0.5,7.0,0.881,0.0056,"LINESTRING (-116.199774 43.629271, -116.19929 43.62927)"
426,2468418267,8223285429,0,West Alturas Street,residential,38.2,43.6293,-116.1991,0.0448,1.0,5.7735,3,0,0,,,,,,False,0.0,2.0,25.0,2.0,0.179,0.5,7.0,0.881,0.0074,"LINESTRING (-116.198815 43.62927, -116.19929 43.62927)"
427,2468418268,8223342697,0,West Sherman Street,residential,38.7,43.6284,-116.1995,0.0682,1.0,4.0847,2,0,0,,,,,,False,0.0,2.0,25.0,2.0,0.179,0.5,7.0,0.881,0.0066,"LINESTRING (-116.199778 43.62839, -116.199297 43.62839)"
428,2468418268,8223285431,0,West Sherman Street,residential,38.5,43.6284,-116.1991,0.0707,1.0,4.1878,1,0,0,,,,,,False,0.0,2.0,25.0,2.0,0.179,0.5,7.0,0.881,0.0382,"LINESTRING (-116.19882 43.628389, -116.19883 43.628389, -116.199297 43.62839)"
429,2468418271,8235235568,0,North Avenue E,residential,40.4,43.6132,-116.1875,0.0438,1.0,5.4722,0,0,0,,,,,,False,0.0,2.0,25.0,2.0,0.179,0.5,0.0,0.881,0.0996,"LINESTRING (-116.187505 43.613384, -116.187508 43.613021)"
430,2468418272,8235236549,0,North Avenue D,residential,39.8,43.6132,-116.1889,0.0666,1.0,4.7981,0,0,2,0.0218,0.262,0.0766,0.1088,0.0092,True,0.0,2.0,25.0,2.0,0.179,0.5,3.0,0.881,0.2034,"LINESTRING (-116.188867 43.613379, -116.18887 43.61302)"
431,2468418278,8235223512,0,North Avenue D,residential,37.8,43.6119,-116.1889,0.0311,1.0,0.0,1,0,0,,,,,,False,0.0,2.0,25.0,2.0,0.179,0.5,2.0,0.881,0.0,"LINESTRING (-116.188878 43.61173, -116.188876 43.61207)"
432,2468418279,8235223511,0,North Avenue E,residential,39.8,43.6119,-116.1875,0.0367,1.0,5.2552,0,0,0,0.0186,0.3964,0.0363,0.0399,0.003,True,0.0,2.0,25.0,2.0,0.179,0.5,3.0,0.881,0.0933,"LINESTRING (-116.187519 43.611722, -116.187516 43.612079)"
433,2468418285,8235235747,0,North Bruce Avenue,residential,40.9,43.6112,-116.1863,0.0106,1.0,0.0,1,0,0,,,,,,False,0.0,2.0,25.0,2.0,0.179,0.5,4.0,0.881,0.0,"LINESTRING (-116.186431 43.611006, -116.186168 43.611321)"
434,2468418286,8235235573,0,North Avenue B,secondary,51.8,43.6117,-116.1918,0.1715,0.6667,6.4957,6,0,4,0.0007,0.0946,0.24,0.0822,0.0004,True,0.0,4.0,35.0,5.0,1.0,0.5,9.0,0.512,0.3501,"LINESTRING (-116.191591 43.611858, -116.19195 43.611471)"
435,2468419982,7056067910,0,South 16th Street,secondary,41.1,43.6202,-116.2131,0.3413,1.0,5.5056,21,2,6,,,,,,False,0.0,4.0,35.0,3.0,0.75,0.5,3.0,0.587,0.4791,"LINESTRING (-116.212972 43.620306, -116.21327 43.620005)"
436,2468419988,7248734063,0,North 12th Street,tertiary,42.3,43.6198,-116.2065,0.205,1.0,45.0,11,0,12,,,,,,False,0.0,3.0,30.0,2.0,0.321,0.5,9.0,0.773,0.8325,"LINESTRING (-116.206652 43.61961, -116.206353 43.619922)"
437,2468419988,7248734076,0,North 12th Street,tertiary,40.5,43.6201,-116.2062,0.3732,1.0,19.4503,14,2,12,,,,,,False,0.0,3.0,30.0,2.0,0.321,0.5,9.0,0.773,0.9581,"LINESTRING (-116.206066 43.620221, -116.206089 43.620196, -116.206353 43.619922)"
438,2503251038,2503251075,0,South Dale Street,residential,70.5,43.6088,-116.214,0.2582,1.0,0.0,1,0,3,,,,,,False,0.0,2.0,25.0,2.0,0.179,0.5,6.0,0.881,0.0981,"LINESTRING (-116.213847 43.609081, -116.214152 43.608488)"
439,2503251075,7494962772,0,South Dale Street,residential,35.9,43.6092,-116.2138,0.2714,1.0,0.0,5,0,3,,,,,,False,0.0,2.0,25.0,2.0,0.179,0.5,3.0,0.881,0.0261,"LINESTRING (-116.213691 43.609384, -116.213847 43.609081)"
440,2541933278,5592725801,0,nan,footway,81.5,43.6164,-116.1994,0.4387,0.0,0.0,7,1,8,,,,,,False,1.0,0.0,25.0,2.0,0.0,1.0,11.0,0.92,0.7658,"LINESTRING (-116.19972 43.616114, -116.199701 43.616119, -116.199682 43.616127, -116.199673 43.616135, -116.199655 43.616153, -116.199606 43.616209, -116.199139 43.616681, -116.199135 43.616694, -116.199138 43.616704)"
441,2541933278,5711176555,0,nan,footway,51.6,43.6167,-116.1995,0.1871,0.0,0.0,3,0,8,,,,,,False,1.0,0.0,25.0,2.0,0.0,1.0,6.0,0.92,0.615,"LINESTRING (-116.199777 43.616666, -116.199262 43.616689, -116.199206 43.616695, -116.199151 43.616702, -116.199138 43.616704)"
442,2699041770,2699041773,0,The Ponds Loop,path,37.9,43.6161,-116.1857,0.0124,0.3333,0.0,4,1,0,,,,,,False,1.0,0.0,25.0,2.0,0.0,1.0,1.0,0.92,0.0978,"LINESTRING (-116.185617 43.616294, -116.185661 43.61625, -116.185691 43.616179, -116.185707 43.615967)"
443,2699041770,11628701959,0,nan,path,74.7,43.6162,-116.1855,0.0037,0.2,0.0,4,1,0,,,,,,False,1.0,0.0,25.0,2.0,0.0,1.0,1.0,0.92,0.138,"LINESTRING (-116.185024 43.616104, -116.185089 43.616125, -116.185438 43.616215, -116.185511 43.616215, -116.185559 43.616192, -116.185598 43.61616, -116.18565 43.616052, -116.185661 43.615995, -116.185682 43.615981, -116.185707 43.615967)"
444,2829746238,5926427104,0,South Capitol Boulevard,primary,91.4,43.6059,-116.2112,0.5165,0.3333,7.1848,10,4,4,0.0221,0.0656,0.3966,0.0495,0.0131,True,0.0,5.0,35.0,6.0,1.0,0.5,15.0,0.475,0.8066,"LINESTRING (-116.211569 43.605599, -116.210879 43.606252)"
445,2838791599,6078290373,0,South Broadway Avenue,primary,158.8,43.605,-116.1934,0.7896,0.4444,5.2829,13,8,1,0.0294,0.1822,0.1939,0.0768,0.0038,True,,,,,,,,,0.7583,"LINESTRING (-116.193415 43.605597, -116.193437 43.604958, -116.193253 43.60506, -116.193197 43.605599, -116.19313 43.605663)"
446,3225146838,8324061594,0,South 15th Street,secondary,31.5,43.6171,-116.2171,0.0,0.0,0.0,3,0,0,0.0337,0.1464,0.3702,0.0078,0.0012,True,0.0,4.0,30.0,2.0,0.429,0.5,4.0,0.773,0.1162,"LINESTRING (-116.217332 43.61712, -116.216963 43.617027)"
447,3225146838,9955624987,0,South 15th Street,secondary,54.7,43.617,-116.2166,0.2132,0.0,0.0,3,0,0,0.0228,0.1959,0.2996,0.0052,0.0134,True,0.0,4.0,30.0,2.0,0.429,0.5,7.0,0.773,0.1993,"LINESTRING (-116.216289 43.616992, -116.216457 43.61698, -116.216725 43.616996, -116.216963 43.617027)"
448,3368946298,7973734006,0,nan,footway,154.7,43.6059,-116.1949,0.0087,0.0,0.0,0,0,1,0.014,0.238,0.0,0.0013,0.0091,True,1.0,0.0,25.0,2.0,0.0,1.0,1.0,0.92,0.2702,"LINESTRING (-116.19481 43.606538, -116.194839 43.60653, -116.194866 43.606518, -116.194874 43.60649, -116.19488 43.606396, -116.19486 43.606277, -116.194844 43.606216, -116.194834 43.606138, -116.194845 43.606076, -116.194874 43.606002, -116.194905 43.605926, -116.194966 43.605843, -116.195064 43.605744, -116.195165 43.605684, -116.195264 43.605646, -116.195383 43.605615, -116.195471 43.605598, -116.195679 43.605563, -116.195713 43.605531)"
449,3468654965,8324061595,0,West River Street,secondary,47.5,43.6176,-116.2166,0.1274,1.0,7.1053,10,1,1,,,,,,False,0.0,4.0,30.0,4.0,0.857,0.5,7.0,0.727,0.1421,"LINESTRING (-116.216429 43.617444, -116.216446 43.617467, -116.216692 43.617826)"
450,3468823058,9523768513,1,South 13th Street,tertiary,29.0,43.6162,-116.2117,0.3108,0.0,0.0,4,0,4,0.0216,0.0939,0.2638,0.1284,0.0101,True,0.0,3.0,25.0,2.0,0.268,0.5,6.0,0.881,0.4346,"LINESTRING (-116.211708 43.616316, -116.211759 43.616202, -116.211606 43.616289)"
451,3468823058,6437657357,0,South 13th Street,tertiary,52.4,43.6165,-116.2114,0.4116,0.3333,8.0919,16,4,4,0.037,0.1017,0.2925,0.1452,0.0132,True,0.0,3.0,25.0,3.0,0.402,0.5,8.0,0.869,0.7461,"LINESTRING (-116.211206 43.616655, -116.21131 43.616527, -116.211537 43.616324, -116.211606 43.616289)"
452,3468823061,6437657357,0,South 13th Street,tertiary,40.0,43.6168,-116.2111,0.3965,1.0,8.0919,1,1,5,0.0366,0.0608,0.3534,0.0978,0.0076,True,0.0,3.0,25.0,3.0,0.402,0.5,7.0,0.869,0.5917,"LINESTRING (-116.211206 43.616655, -116.211089 43.616781, -116.210962 43.616918, -116.21093 43.616954)"
453,3468823064,7241809732,0,West Front Street,tertiary,213.4,43.6177,-116.212,0.2942,0.8333,6.8352,13,4,6,0.0091,0.0808,0.4877,0.0382,0.0128,True,0.0,3.0,30.0,1.0,0.161,0.5,20.0,0.796,0.6413,"LINESTRING (-116.213041 43.61828, -116.211969 43.61773, -116.211154 43.617325, -116.210914 43.617142)"
454,3469038806,6802831939,0,West Rose Hill Street,tertiary,26.7,43.6007,-116.2139,0.1377,0.5,3.3828,4,2,4,0.0508,0.3168,0.1525,0.0532,0.0046,True,0.0,3.0,30.0,4.0,0.643,0.5,4.0,0.727,0.5195,"LINESTRING (-116.214067 43.600696, -116.213736 43.600682)"
455,3469038824,6468127475,0,West Crescent Rim Drive,unclassified,70.6,43.603,-116.2148,0.2236,0.0,0.0,0,0,3,0.0108,0.4176,0.087,0.0076,0.0008,True,0.0,2.0,25.0,1.0,0.089,0.5,1.0,0.893,0.4604,"LINESTRING (-116.215218 43.603015, -116.215122 43.603011, -116.214993 43.602994, -116.214883 43.603, -116.214768 43.602967, -116.214595 43.60293, -116.214363 43.602906)"
456,3469038888,8246342140,0,South Capitol Boulevard,primary,86.7,43.6051,-116.2118,0.4925,0.0,0.0,5,5,3,0.0118,0.1908,0.273,0.0316,0.017,True,0.0,5.0,40.0,3.0,1.0,0.5,16.0,0.425,0.7016,"LINESTRING (-116.212109 43.604735, -116.211486 43.605371)"
457,3469038889,3469079867,1,West University Drive,tertiary,45.4,43.6054,-116.2109,0.4344,1.0,8.0163,4,2,4,0.0226,0.1798,0.2062,0.1624,0.0065,True,0.0,3.0,30.0,6.0,0.964,0.5,6.0,0.682,0.5473,"LINESTRING (-116.21118 43.605358, -116.210893 43.60536, -116.211151 43.605433)"
458,3469079859,7512683918,0,South Earle Street,unclassified,34.0,43.6047,-116.2096,0.2319,1.0,9.2764,2,1,3,0.036,0.0823,0.0221,0.066,0.0025,True,0.0,2.0,25.0,2.0,0.179,0.5,8.0,0.881,0.4054,"LINESTRING (-116.209703 43.604567, -116.209548 43.604851)"
459,3469079865,3469079866,1,West Boise Avenue,tertiary,54.8,43.6051,-116.2114,0.6218,0.75,6.1761,1,1,3,0.0513,0.1146,0.2786,0.099,0.0188,True,0.0,3.0,30.0,1.0,0.161,0.5,10.0,0.796,0.63,"LINESTRING (-116.211368 43.605325, -116.211434 43.605091, -116.211284 43.605319)"
460,3469091866,6876865459,0,West Julia Davis Drive,unclassified,49.0,43.61,-116.2066,0.04,1.0,6.375,5,0,6,0.077,0.2285,0.3051,0.0455,0.0042,True,0.0,2.0,15.0,2.0,0.107,0.5,6.0,0.974,0.3053,"LINESTRING (-116.206834 43.609888, -116.206777 43.609923, -116.206436 43.610118, -116.206407 43.610148, -116.206398 43.610183)"
461,3469091877,11626062085,0,South 9th Street,secondary,93.6,43.6151,-116.2057,0.4297,1.0,0.0,16,3,6,0.0339,0.1622,0.1328,0.2763,0.0056,True,0.0,4.0,25.0,3.0,0.536,0.5,9.0,0.869,0.3773,"LINESTRING (-116.205395 43.61548, -116.205602 43.615263, -116.206044 43.614782)"
462,3469096394,6212026705,0,South 9th Street,secondary,76.9,43.6159,-116.205,0.8477,0.8,28.5005,76,9,6,0.0327,0.1966,0.153,0.2213,0.005,True,0.0,4.0,25.0,3.0,0.536,0.5,6.0,0.869,0.9889,"LINESTRING (-116.2053 43.615585, -116.204736 43.616143)"
463,3469096402,5545158727,0,North Capitol Boulevard,tertiary,58.0,43.6168,-116.2005,0.3894,0.0,0.0,8,1,8,0.0038,0.238,0.3619,0.1526,0.0067,True,0.0,3.0,15.0,1.0,0.08,0.5,7.0,0.977,0.7383,"LINESTRING (-116.200224 43.616962, -116.200332 43.616938, -116.200374 43.616927, -116.200414 43.616911, -116.200444 43.616892, -116.20047 43.616872, -116.20072 43.61661)"
464,3469096404,8981685541,0,North Capitol Boulevard,tertiary,58.3,43.6169,-116.2007,0.5564,0.0,0.0,11,1,8,0.0359,0.1349,0.479,0.1422,0.0124,True,0.0,3.0,15.0,1.0,0.08,0.5,7.0,0.977,0.7832,"LINESTRING (-116.20057 43.617131, -116.200562 43.617048, -116.200562 43.617035, -116.200587 43.616962, -116.200846 43.616663)"
465,3469096412,6212506510,0,West State Street,tertiary,47.2,43.6171,-116.1974,0.0903,0.0,0.0,6,0,1,0.004,0.2895,0.0978,0.0656,0.0055,True,0.0,3.0,25.0,4.0,0.536,0.5,8.0,0.857,0.1653,"LINESTRING (-116.19762 43.617199, -116.197141 43.616955)"
466,3469096415,6342055538,0,North 9th Street,secondary,42.8,43.6172,-116.2037,0.5258,1.0,6.9718,74,6,11,0.0049,0.1164,0.065,0.4154,0.0018,True,0.0,4.0,25.0,3.0,0.536,0.5,8.0,0.869,0.8764,"LINESTRING (-116.203562 43.617364, -116.203866 43.617048)"
467,3469096421,6212506510,0,West State Street,tertiary,47.2,43.6173,-116.1979,0.1005,0.0,0.0,5,0,3,0.012,0.161,0.2419,0.0753,0.0007,True,0.0,3.0,25.0,4.0,0.536,0.5,9.0,0.857,0.2866,"LINESTRING (-116.19762 43.617199, -116.198099 43.617444)"
468,3469096422,3469096433,0,West State Street,tertiary,54.7,43.6177,-116.1986,0.1141,0.0,0.0,8,1,4,0.101,0.1755,0.2791,0.0743,0.0183,True,0.0,3.0,25.0,4.0,0.536,0.5,8.0,0.857,0.4181,"LINESTRING (-116.198861 43.617846, -116.198309 43.617559)"
469,3469096426,6342055538,0,North 9th Street,secondary,41.7,43.6175,-116.2034,0.5122,1.0,6.9718,67,12,11,0.0629,0.1648,0.0296,0.3721,0.004,True,0.0,4.0,25.0,3.0,0.536,0.5,8.0,0.869,0.9686,"LINESTRING (-116.203562 43.617364, -116.203264 43.617672)"
470,3469096432,6270667643,0,North 9th Street,secondary,40.0,43.618,-116.203,0.7714,1.0,9.1259,69,17,11,,,,,,False,0.0,4.0,25.0,3.0,0.536,0.5,9.0,0.869,1.0,"LINESTRING (-116.202828 43.618128, -116.203107 43.617829)"
471,3469096442,3469096448,0,West State Street,tertiary,56.9,43.6185,-116.2002,0.1361,1.0,7.9195,10,4,7,,,,,,False,0.0,3.0,25.0,4.0,0.536,0.5,5.0,0.857,0.609,"LINESTRING (-116.200452 43.618636, -116.199867 43.618349)"
472,3469096443,6270667643,0,North 9th Street,secondary,40.9,43.6183,-116.2027,0.5414,1.0,11.7075,32,6,11,,,,,,False,0.0,4.0,25.0,3.0,0.536,0.5,10.0,0.869,0.9891,"LINESTRING (-116.202828 43.618128, -116.202539 43.61843)"
473,3469096449,6276883917,0,West State Street,tertiary,37.8,43.6188,-116.2009,0.453,1.0,7.8055,8,0,8,,,,,,False,0.0,3.0,30.0,4.0,0.643,0.5,9.0,0.727,0.563,"LINESTRING (-116.201045 43.618937, -116.20066 43.618742)"
474,3469096456,6209314559,0,West State Street,secondary,43.3,43.6195,-116.2021,0.1267,1.0,8.2205,8,0,8,,,,,,False,0.0,4.0,30.0,4.0,0.857,0.5,11.0,0.727,0.4406,"LINESTRING (-116.202289 43.619568, -116.201848 43.619345)"
475,3469096457,6342055527,0,North 9th Street,secondary,40.5,43.6195,-116.2015,0.2338,1.0,8.1713,6,0,9,,,,,,False,0.0,4.0,25.0,2.0,0.357,0.5,13.0,0.881,0.5527,"LINESTRING (-116.201362 43.619659, -116.201648 43.619359)"
476,3470327920,7974918150,0,East Warm Springs Avenue,tertiary,103.3,43.6108,-116.1914,0.4109,0.8333,4.6946,4,0,4,0.0324,0.0512,0.1969,0.1728,0.0031,True,0.0,3.0,30.0,2.0,0.321,0.5,7.0,0.773,0.3837,"LINESTRING (-116.190804 43.610689, -116.190938 43.610722, -116.191379 43.610791, -116.19205 43.610912)"
477,3470455144,3470455153,0,nan,footway,37.9,43.6031,-116.1887,0.6191,0.0,0.0,15,0,0,0.0044,0.1024,0.3194,0.071,0.008,True,1.0,0.0,25.0,2.0,0.0,1.0,9.0,0.92,0.2602,"LINESTRING (-116.188438 43.603102, -116.188472 43.603077, -116.188517 43.603069, -116.188566 43.603065, -116.18861 43.603067, -116.188675 43.603054, -116.188769 43.603015, -116.188848 43.602984, -116.188864 43.60298)"
478,3470455887,13431226799,0,East Myrtle Street,primary,29.9,43.6061,-116.1938,0.8604,0.0,0.0,0,0,2,0.0048,0.2501,0.2062,0.023,0.0028,True,0.0,5.0,35.0,5.0,1.0,0.5,6.0,0.512,0.6555,"LINESTRING (-116.193903 43.606216, -116.193598 43.606062)"
479,3553321862,3553321866,0,#8 Heroes Trail,path,55.5,43.6235,-116.1851,0.0,0.0,0.0,0,0,0,,,,,,False,1.0,0.0,25.0,2.0,0.0,1.0,0.0,0.92,0.2136,"LINESTRING (-116.185051 43.623743, -116.185074 43.623691, -116.1851 43.623618, -116.185113 43.62356, -116.185124 43.623498, -116.18514 43.623373, -116.185134 43.623286, -116.185126 43.623251)"
480,3553321866,9220046968,0,#8 Heroes Trail,path,1321.6,43.6219,-116.1879,0.0,0.027,0.0,3,0,1,,,,,,False,1.0,0.0,25.0,2.0,0.0,1.0,6.0,0.92,0.1606,"LINESTRING (-116.191106 43.623585, -116.191032 43.623603, -116.190966 43.623624, -116.190901 43.623631, -116.190785 43.623631, -116.190692 43.623618, -116.190595 43.623582, -116.190538 43.623535, -116.190434 43.623477, -116.190275 43.623402, -116.190144 43.623345, -116.190035 43.623322, -116.189885 43.623318, -116.189768 43.623331, -116.189737 43.62332, -116.189712 43.623301, -116.189708 43.623267, -116.189726 43.623233, -116.189762 43.623209, -116.189938 43.62313, -116.189958 43.623106, -116.189966 43.623076, -116.189959 43.62303, -116.189929 43.623007, -116.189874 43.622993, -116.189789 43.622991, -116.189754 43.622984, -116.189738 43.622972, -116.189733 43.622945, -116.189768 43.622872, -116.189776 43.622831, -116.18977 43.622795, -116.189744 43.622757, -116.189698 43.622715, -116.18967 43.622692, -116.189647 43.622648, -116.18963 43.622565, -116.189629 43.622503, -116.189612 43.622473, -116.189585 43.622461, -116.189552 43.622462, -116.189525 43.622476, -116.189482 43.622499, -116.189406 43.622531, -116.189398 43.622547, -116.1894 43.622567, -116.189408 43.622576, -116.189439 43.622595, -116.189496 43.62262, -116.189517 43.622645, -116.189521 43.622673, -116.189499 43.622706, -116.189474 43.622718, -116.18944 43.62272, -116.189409 43.622712, -116.18925 43.622672, -116.18922 43.622668, -116.189188 43.622669, -116.18916 43.622681, -116.189071 43.622735, -116.189023 43.622749, -116.188927 43.622761, -116.188875 43.622755, -116.188841 43.622742, -116.188773 43.622701, -116.188731 43.622686, -116.188665 43.622677, -116.188504 43.622673, -116.188436 43.622671, -116.188402 43.622677, -116.188304 43.62273, -116.188262 43.622765, -116.188144 43.622815, -116.188026 43.622883, -116.187915 43.622939, -116.187807 43.622975, -116.187681 43.623073, -116.187658 43.623085, -116.187635 43.623098, -116.187607 43.623132, -116.18759 43.623141, -116.187538 43.623159, -116.187417 43.623222, -116.187397 43.623224, -116.187382 43.623214, -116.18738 43.623199, -116.187435 43.623138, -116.187495 43.62303, -116.187531 43.622957, -116.187607 43.62284, -116.187667 43.622768, -116.187762 43.622704, -116.187883 43.622611, -116.187945 43.622555, -116.187974 43.622524, -116.188027 43.622482, -116.18809 43.622413, -116.188116 43.622366, -116.188138 43.622312, -116.188139 43.622273, -116.188114 43.622225, -116.188087 43.622189, -116.188064 43.622152, -116.188047 43.622098, -116.187983 43.622034, -116.187963 43.622004, -116.187946 43.62196, -116.187914 43.621918, -116.187865 43.621878, -116.187839 43.621874, -116.187816 43.621877, -116.187793 43.6219, -116.187791 43.621939, -116.187797 43.621987, -116.18782 43.622107, -116.187864 43.622179, -116.18788 43.622241, -116.187877 43.622309, -116.187866 43.622347, -116.187809 43.622425, -116.187762 43.622463, -116.187699 43.622485, -116.18766 43.622508, -116.187596 43.622561, -116.187465 43.622618, -116.187388 43.622644, -116.187353 43.622661, -116.18727 43.622712, -116.187176 43.622745, -116.187027 43.622764, -116.187003 43.622778, -116.186918 43.622844, -116.186838 43.622896, -116.186754 43.622927, -116.186598 43.622987, -116.186536 43.623021, -116.1865 43.623059, -116.186446 43.623158, -116.186417 43.623183, -116.186358 43.623209, -116.186286 43.623244, -116.18619 43.623303, -116.186166 43.623321, -116.186155 43.623344, -116.186152 43.623364, -116.186151 43.623432, -116.186151 43.623458, -116.186138 43.623483, -116.185968 43.623683, -116.185942 43.623716, -116.185875 43.623786, -116.185802 43.623841, -116.185754 43.623886, -116.185718 43.623949, -116.185671 43.623996, -116.185639 43.62401, -116.185482 43.624042, -116.185446 43.624064, -116.185427 43.624097, -116.18543 43.62412, -116.1855 43.624197, -116.185518 43.624239, -116.185522 43.624322, -116.185571 43.624345, -116.185619 43.624355, -116.185668 43.624353, -116.185766 43.624334, -116.185802 43.624318, -116.18588 43.624275, -116.185929 43.624239, -116.185993 43.624222, -116.186048 43.624222, -116.186246 43.624255, -116.186289 43.624274, -116.186305 43.624306, -116.186301 43.624331, -116.186279 43.624344, -116.186226 43.624351, -116.18617 43.624349, -116.186116 43.624334, -116.186079 43.624326, -116.186042 43.624329, -116.185994 43.624342, -116.185965 43.624358, -116.185931 43.624399, -116.185905 43.624448, -116.185863 43.6245, -116.185774 43.624561, -116.185713 43.624597, -116.185688 43.624603, -116.185618 43.624602, -116.185513 43.624584, -116.18539 43.624564, -116.185285 43.624565, -116.185219 43.624577, -116.185173 43.624596, -116.185141 43.624599, -116.185114 43.624591, -116.185104 43.624575, -116.185106 43.624522, -116.185138 43.624394, -116.185134 43.624334, -116.185099 43.624281, -116.185049 43.624225, -116.185041 43.624204, -116.185062 43.624162, -116.185081 43.624113, -116.185089 43.624044, -116.185081 43.623988, -116.185091 43.623917, -116.185094 43.623868, -116.185068 43.623807, -116.185055 43.623771, -116.185051 43.623743)"
481,3554589523,3655862424,0,South Broadway Avenue,primary,124.5,43.6067,-116.1935,0.3624,0.1429,7.3546,30,3,3,0.0037,0.0274,0.2334,0.1046,0.0081,True,0.0,5.0,35.0,3.0,0.938,0.5,7.0,0.587,0.6523,"LINESTRING (-116.193457 43.607299, -116.193464 43.60618)"
482,3559809233,6910784627,0,North Mountain Cove Road,unclassified,27.2,43.6161,-116.1859,0.1244,0.0,0.0,3,0,1,,,,,,False,0.0,2.0,15.0,2.0,0.107,0.5,1.0,0.974,0.2179,"LINESTRING (-116.1859 43.615987, -116.18589 43.616232)"
483,3559809233,3579614412,0,North Mountain Cove Road,unclassified,285.3,43.6175,-116.1858,0.0505,0.625,3.9771,3,0,1,,,,,,False,0.0,2.0,15.0,2.0,0.107,0.5,1.0,0.974,0.1532,"LINESTRING (-116.185692 43.618793, -116.185772 43.617665, -116.18589 43.616232)"
484,3559809236,6910784627,0,North Mountain Cove Road,unclassified,53.6,43.6157,-116.1859,0.009,0.0,0.0,1,0,1,,,,,,False,0.0,2.0,15.0,2.0,0.107,0.5,2.0,0.974,0.2217,"LINESTRING (-116.1859 43.615987, -116.185937 43.615505)"
485,3559809236,11684991006,0,North Mountain Cove Road,unclassified,43.0,43.6153,-116.186,0.0,0.0,0.0,0,0,0,,,,,,False,0.0,2.0,15.0,2.0,0.107,0.5,1.0,0.974,0.2136,"LINESTRING (-116.185972 43.615119, -116.185937 43.615505)"
486,3579614433,8225216420,0,East VA Hospital Loop,unclassified,37.9,43.6215,-116.189,0.0,0.3333,0.0,0,0,1,,,,,,False,0.0,2.0,25.0,2.0,0.179,0.5,2.0,0.881,0.1578,"LINESTRING (-116.188842 43.621306, -116.18891 43.621398, -116.189082 43.621599)"
487,3579614433,3579614458,0,East VA Hospital Loop,unclassified,85.3,43.6219,-116.1895,0.0,0.2,7.9609,0,0,1,,,,,,False,0.0,2.0,25.0,2.0,0.179,0.5,6.0,0.881,0.4316,"LINESTRING (-116.189937 43.622045, -116.189743 43.621978, -116.189503 43.621866, -116.189295 43.621731, -116.189082 43.621599)"
488,3579614448,3579614452,0,East VA Hospital Loop,unclassified,101.9,43.6192,-116.1875,0.0,0.8333,7.6814,1,0,2,,,,,,False,0.0,2.0,25.0,2.0,0.179,0.5,5.0,0.881,0.2256,"LINESTRING (-116.187833 43.619593, -116.187551 43.619202, -116.187462 43.619042, -116.187434 43.618895, -116.187457 43.618741)"
489,3579614448,8225216450,0,nan,footway,61.8,43.6188,-116.1878,0.0,0.75,8.4562,1,0,2,,,,,,False,1.0,0.0,25.0,2.0,0.0,1.0,3.0,0.92,0.2619,"LINESTRING (-116.188196 43.618765, -116.187658 43.618747, -116.18761 43.618751, -116.187549 43.618781, -116.187457 43.618741)"
490,3579614458,3579614461,0,North VA Hospital Loop,unclassified,75.2,43.6222,-116.1904,0.0,0.8,6.8731,0,0,1,,,,,,False,0.0,2.0,25.0,2.0,0.179,0.5,1.0,0.881,0.2217,"LINESTRING (-116.19083 43.622216, -116.190593 43.622202, -116.190344 43.622171, -116.19004 43.62209, -116.189937 43.622045)"
491,3579614458,8225216427,0,Access Road,unclassified,46.2,43.6219,-116.1898,0.0,0.6667,7.9609,0,0,1,,,,,,False,0.0,2.0,25.0,2.0,0.179,0.5,4.0,0.881,0.2789,"LINESTRING (-116.189734 43.62166, -116.189876 43.621958, -116.189888 43.621998, -116.189937 43.622045)"
492,3609957976,7967942247,0,nan,footway,57.0,43.6032,-116.1986,0.0,1.0,23.593,6,1,0,,,,,,False,1.0,0.0,25.0,2.0,0.0,1.0,0.0,0.92,0.1874,"LINESTRING (-116.198984 43.603159, -116.198276 43.603162)"
493,3609957976,7967942249,0,nan,footway,71.5,43.6028,-116.1983,0.0,1.0,11.195,4,2,0,,,,,,False,1.0,0.0,25.0,2.0,0.0,1.0,3.0,0.92,0.1967,"LINESTRING (-116.198244 43.602519, -116.198276 43.603162)"
494,3609957977,7967942247,0,nan,footway,83.3,43.6032,-116.1995,0.0,1.0,19.0596,6,1,0,,,,,,False,1.0,0.0,25.0,2.0,0.0,1.0,0.0,0.92,0.166,"LINESTRING (-116.198984 43.603159, -116.200019 43.603155)"
495,3609957984,3609957985,0,nan,footway,108.9,43.603,-116.2007,0.0,0.1429,0.0,3,0,0,,,,,,False,1.0,0.0,25.0,2.0,0.0,1.0,0.0,0.92,0.0695,"LINESTRING (-116.20001 43.603037, -116.201363 43.603036)"
496,3609957984,3609957986,0,nan,footway,44.0,43.6029,-116.2015,0.0,0.6667,10.7905,3,0,0,,,,,,False,1.0,0.0,25.0,2.0,0.0,1.0,2.0,0.92,0.1572,"LINESTRING (-116.201706 43.602728, -116.201363 43.603036)"
497,3609957985,6364038153,0,nan,footway,93.8,43.6027,-116.1999,0.0,0.8333,5.4594,2,0,0,,,,,,False,1.0,0.0,25.0,2.0,0.0,1.0,1.0,0.92,0.0597,"LINESTRING (-116.19986 43.602233, -116.199871 43.60293, -116.20001 43.603037)"
498,3609957986,3609957988,0,nan,footway,84.9,43.6024,-116.2015,0.0,1.0,10.7905,8,1,0,,,,,,False,1.0,0.0,25.0,2.0,0.0,1.0,0.0,0.92,0.0926,"LINESTRING (-116.201029 43.602226, -116.20149 43.602356, -116.201701 43.602702, -116.201706 43.602728)"
499,3609957987,6742374795,0,nan,footway,36.4,43.6031,-116.2019,0.0,0.6667,10.7905,3,0,0,,,,,,False,1.0,0.0,25.0,2.0,0.0,1.0,3.0,0.92,0.1572,"LINESTRING (-116.201807 43.60296, -116.201964 43.603235, -116.201965 43.603265)"
500,3609957988,6364038153,0,nan,footway,94.1,43.6022,-116.2004,0.0,0.3333,10.7905,6,1,0,,,,,,False,1.0,0.0,25.0,2.0,0.0,1.0,1.0,0.92,0.3283,"LINESTRING (-116.19986 43.602233, -116.201029 43.602226)"
501,3655862410,3655862421,0,East Front Street,primary,33.2,43.6082,-116.1938,0.6683,0.0,0.0,6,4,3,0.0075,0.0932,0.3366,0.0092,0.0027,True,0.0,5.0,35.0,5.0,1.0,0.5,8.0,0.512,0.7326,"LINESTRING (-116.193677 43.608114, -116.194023 43.608276)"
502,3655862424,7221772656,0,South Broadway Avenue,primary,60.3,43.6076,-116.1935,0.3775,0.0,0.0,28,3,3,0.0003,0.0956,0.2014,0.0308,0.008,True,0.0,5.0,35.0,3.0,0.938,0.5,7.0,0.587,0.4868,"LINESTRING (-116.193424 43.607841, -116.193449 43.607728, -116.193457 43.607299)"
503,3732787976,6367833827,0,North Collins Road,unclassified,91.0,43.6182,-116.1895,0.0,0.6667,6.5192,1,1,4,,,,,,False,0.0,2.0,25.0,2.0,0.179,0.5,2.0,0.881,0.473,"LINESTRING (-116.189413 43.617761, -116.189525 43.618575)"
504,3732787977,8225216452,0,East VA Hospital Loop,unclassified,79.0,43.6187,-116.1887,0.0,0.2,8.4562,2,1,3,,,,,,False,0.0,2.0,25.0,2.0,0.179,0.5,6.0,0.881,0.568,"LINESTRING (-116.188199 43.618728, -116.18918 43.618761)"
505,3732787988,8225202812,0,Access Road,unclassified,36.4,43.6193,-116.1898,0.0,1.0,0.0,0,0,3,,,,,,False,0.0,2.0,25.0,2.0,0.179,0.5,6.0,0.881,0.0462,"LINESTRING (-116.189935 43.619193, -116.189632 43.619436)"
506,3748200710,3748200712,0,nan,footway,72.2,43.6187,-116.1865,0.0,1.0,7.2327,1,0,2,,,,,,False,1.0,0.0,25.0,2.0,0.0,1.0,0.0,0.92,0.1656,"LINESTRING (-116.186277 43.618375, -116.186581 43.618871, -116.186717 43.618912)"
507,3748200710,8225216342,0,nan,footway,48.9,43.6188,-116.187,0.0,1.0,5.5678,1,0,2,,,,,,False,1.0,0.0,25.0,2.0,0.0,1.0,2.0,0.92,0.1418,"LINESTRING (-116.187286 43.618762, -116.187242 43.61878, -116.186937 43.618859, -116.186779 43.618898, -116.186717 43.618912)"
508,3748200712,6300573118,0,nan,footway,125.2,43.6183,-116.187,0.0,1.0,6.757,1,0,2,,,,,,False,1.0,0.0,25.0,2.0,0.0,1.0,2.0,0.92,0.1593,"LINESTRING (-116.187397 43.618716, -116.187401 43.618688, -116.187397 43.618659, -116.187279 43.618367, -116.187255 43.618348, -116.187227 43.618341, -116.187078 43.618334, -116.187006 43.61834, -116.186937 43.618349, -116.18683 43.618347, -116.186712 43.618325, -116.186642 43.618301, -116.186586 43.618291, -116.186504 43.618295, -116.186277 43.618375)"
509,4262465602,4262465603,0,South Capitol Boulevard,primary,113.8,43.6051,-116.2121,0.4412,0.4286,5.3659,7,5,3,0.0252,0.0734,0.3968,0.05,0.0111,True,0.0,5.0,35.0,3.0,0.938,0.5,19.0,0.587,0.7155,"LINESTRING (-116.211682 43.605484, -116.212452 43.604626)"
510,4548529744,7996357656,0,nan,footway,88.1,43.6164,-116.1924,0.4339,0.0,0.0,4,0,5,0.0509,0.137,0.3914,0.0372,0.0096,True,1.0,0.0,25.0,2.0,0.0,1.0,11.0,0.92,0.5358,"LINESTRING (-116.192942 43.616349, -116.192822 43.61637, -116.192706 43.616411, -116.192565 43.616388, -116.192518 43.616389, -116.192218 43.616473, -116.192207 43.616505, -116.191989 43.616561, -116.191939 43.616574)"
511,4587244184,4587245196,0,nan,footway,39.0,43.6028,-116.2141,0.0253,0.0,0.0,0,0,3,0.0006,0.2623,0.2803,0.014,0.0004,True,1.0,0.0,25.0,2.0,0.0,1.0,1.0,0.92,0.3831,"LINESTRING (-116.213905 43.602752, -116.214075 43.602803, -116.214143 43.602837, -116.21436 43.602849)"
512,4587244185,4587245194,0,nan,footway,55.5,43.6026,-116.2141,0.0277,0.0,0.0,2,0,3,,,,,,False,1.0,0.0,25.0,2.0,0.0,1.0,3.0,0.92,0.3069,"LINESTRING (-116.213842 43.602586, -116.213966 43.602516, -116.214053 43.602552, -116.214074 43.602618, -116.214239 43.602656, -116.214366 43.602734)"
513,4587244185,4587245220,0,nan,footway,38.2,43.6026,-116.2145,0.0179,0.0,0.0,2,0,3,,,,,,False,1.0,0.0,25.0,2.0,0.0,1.0,3.0,0.92,0.3031,"LINESTRING (-116.214574 43.602454, -116.214568 43.602539, -116.21454 43.602631, -116.214431 43.602683, -116.214366 43.602734)"
514,4587245196,4587245201,0,nan,footway,78.2,43.6025,-116.2136,0.2813,0.0,0.0,1,0,3,0.0266,0.2029,0.313,0.0011,0.0018,True,1.0,0.0,25.0,2.0,0.0,1.0,2.0,0.92,0.4343,"LINESTRING (-116.213221 43.602262, -116.21329 43.602304, -116.213369 43.602355, -116.213568 43.602528, -116.213618 43.602562, -116.213659 43.602581, -116.213704 43.602605, -116.21374 43.602629, -116.213765 43.602657, -116.213805 43.6027, -116.213846 43.602727, -116.213905 43.602752)"
515,4587245201,4587245210,0,nan,footway,56.3,43.6024,-116.2135,0.1522,0.0,0.0,1,0,3,0.0362,0.2942,0.2277,0.0012,0.0028,True,1.0,0.0,25.0,2.0,0.0,1.0,0.0,0.92,0.3839,"LINESTRING (-116.213787 43.602536, -116.213724 43.602478, -116.213609 43.602384, -116.213451 43.602332, -116.213221 43.602262)"
516,4587245202,7499244872,0,nan,footway,71.8,43.6019,-116.2128,0.2864,0.0,0.0,2,0,3,0.0147,0.2049,0.304,0.0001,0.0028,True,1.0,0.0,25.0,2.0,0.0,1.0,2.0,0.92,0.4077,"LINESTRING (-116.212899 43.601661, -116.212939 43.601723, -116.21295 43.601744, -116.212922 43.601757, -116.21287 43.601785, -116.212836 43.601806, -116.212813 43.601836, -116.212804 43.601864, -116.212828 43.601944, -116.212842 43.60198, -116.212902 43.602056, -116.212958 43.602103, -116.213013 43.602144, -116.213072 43.602177, -116.213081 43.602183)"
517,4587245202,4587245209,0,nan,footway,118.5,43.602,-116.2135,0.0559,0.0,0.0,1,0,3,0.0136,0.2162,0.2903,0.0,0.0029,True,1.0,0.0,25.0,2.0,0.0,1.0,2.0,0.92,0.3464,"LINESTRING (-116.213991 43.602323, -116.213926 43.602184, -116.213631 43.602085, -116.213441 43.601921, -116.213221 43.601932, -116.213056 43.602038, -116.213047 43.602121, -116.213081 43.602183)"
518,4587245209,4587245210,0,nan,footway,32.3,43.6024,-116.2138,0.0583,0.0,0.0,0,0,3,,,,,,False,1.0,0.0,25.0,2.0,0.0,1.0,1.0,0.92,0.396,"LINESTRING (-116.213787 43.602536, -116.213804 43.602418, -116.213851 43.602366, -116.213991 43.602323)"
519,4587245220,6898739739,0,nan,footway,121.9,43.6028,-116.2151,0.1385,0.0,0.0,2,0,3,,,,,,False,1.0,0.0,25.0,2.0,0.0,1.0,3.0,0.92,0.3501,"LINESTRING (-116.214363 43.602785, -116.214466 43.60282, -116.214602 43.602842, -116.214832 43.60286, -116.214965 43.602863, -116.215043 43.60282, -116.215077 43.60275, -116.215055 43.602674, -116.214996 43.602609, -116.214909 43.602575, -116.214776 43.602555, -116.214574 43.602454)"
520,4587265937,6206501995,0,nan,footway,40.0,43.6088,-116.2045,0.0,0.0,0.0,1,0,2,,,,,,False,1.0,0.0,25.0,2.0,0.0,1.0,0.0,0.92,0.2714,"LINESTRING (-116.204413 43.609008, -116.204603 43.608676)"
521,4587265938,6746387807,0,West Julia Davis Drive,unclassified,324.4,43.6082,-116.2068,0.0022,0.1053,4.4952,7,0,5,0.053,0.4535,0.0451,0.0594,0.0208,True,0.0,2.0,15.0,2.0,0.107,1.0,3.0,0.983,0.479,"LINESTRING (-116.205236 43.607264, -116.20556 43.607492, -116.205711 43.607588, -116.206153 43.607861, -116.206494 43.608053, -116.206827 43.608255, -116.207062 43.608418, -116.20716 43.608504, -116.207223 43.608566, -116.207307 43.608698, -116.207356 43.608818, -116.207383 43.608913, -116.207377 43.609055, -116.207349 43.609166, -116.207295 43.609288, -116.207178 43.609494)"
522,4587265938,6876865459,0,West Julia Davis Drive,unclassified,52.2,43.6097,-116.207,0.036,0.3333,6.375,6,0,5,,,,,,False,0.0,2.0,15.0,2.0,0.107,0.5,3.0,0.974,0.4578,"LINESTRING (-116.206834 43.609888, -116.206902 43.609836, -116.207003 43.609741, -116.207128 43.609564, -116.207178 43.609494)"
523,4587265938,6212505861,0,nan,footway,148.0,43.6092,-116.2063,0.0011,0.5556,6.375,5,0,5,,,,,,False,1.0,0.0,25.0,2.0,0.0,1.0,1.0,0.92,0.3824,"LINESTRING (-116.205498 43.608955, -116.207101 43.609469, -116.207178 43.609494)"
524,4587265939,7234149094,0,nan,footway,57.4,43.6088,-116.205,0.0,0.0,0.0,1,0,4,,,,,,False,1.0,0.0,25.0,2.0,0.0,1.0,0.0,0.92,0.3778,"LINESTRING (-116.204682 43.6087, -116.205337 43.608905)"
525,4587265939,7075951858,0,nan,footway,38.3,43.6091,-116.2052,0.0,0.6667,0.0,1,0,5,,,,,,False,1.0,0.0,25.0,2.0,0.0,1.0,0.0,0.92,0.213,"LINESTRING (-116.20515 43.609222, -116.20523 43.609088, -116.205337 43.608905)"
526,4848489334,11733513809,0,South 10th Street,residential,40.1,43.6166,-116.2061,0.7535,1.0,0.0,76,24,7,0.0076,0.1845,0.1094,0.251,0.0062,True,0.0,2.0,25.0,2.0,0.179,0.5,8.0,0.881,0.7188,"LINESTRING (-116.205916 43.616733, -116.206202 43.616437)"
527,4848489661,6208704958,0,South Broadway Avenue,secondary,29.6,43.6092,-116.1934,0.3117,0.0,0.0,17,4,5,0.0018,0.1432,0.1742,0.1928,0.0098,True,0.0,4.0,35.0,5.0,1.0,0.5,9.0,0.512,0.6337,"LINESTRING (-116.19337 43.609112, -116.193365 43.609378)"
528,5089990135,5089990182,0,nan,footway,36.3,43.6038,-116.2038,0.0,0.3333,0.0,4,0,0,,,,,,False,1.0,0.0,25.0,2.0,0.0,1.0,0.0,0.92,0.0,"LINESTRING (-116.203971 43.60369, -116.203584 43.603856)"
529,5089990137,5089990181,0,nan,footway,36.0,43.6041,-116.2039,0.0,1.0,0.0,12,1,0,,,,,,False,1.0,0.0,25.0,2.0,0.0,1.0,0.0,0.92,0.0,"LINESTRING (-116.203746 43.604016, -116.204143 43.604165)"
530,5089990137,5089990193,0,nan,footway,94.4,43.6045,-116.2039,0.0,0.8333,0.0,11,1,0,,,,,,False,1.0,0.0,25.0,2.0,0.0,1.0,2.0,0.92,0.0,"LINESTRING (-116.20364 43.604931, -116.20365 43.604898, -116.204143 43.604165)"
531,5089990139,6334697471,0,nan,footway,45.9,43.6043,-116.2051,0.0,0.3333,8.2348,18,2,0,,,,,,False,1.0,0.0,25.0,2.0,0.0,1.0,0.0,0.92,0.2919,"LINESTRING (-116.205261 43.604157, -116.205005 43.604525)"
532,5089990139,6334697471,1,nan,footway,59.4,43.6044,-116.2053,0.0,0.75,8.2348,18,2,0,,,,,,False,1.0,0.0,25.0,2.0,0.0,1.0,0.0,0.92,0.1556,"LINESTRING (-116.205261 43.604157, -116.205303 43.604262, -116.205327 43.604387, -116.205226 43.604502, -116.205005 43.604525)"
533,5089990139,6743332818,0,nan,footway,50.4,43.6044,-116.2047,0.0,0.0,0.0,3,0,0,,,,,,False,1.0,0.0,25.0,2.0,0.0,1.0,0.0,0.92,0.1162,"LINESTRING (-116.204438 43.604333, -116.205005 43.604525)"
534,5089990139,6797632317,0,nan,footway,38.4,43.6047,-116.2051,0.0,1.0,8.2348,6,0,0,,,,,,False,1.0,0.0,25.0,2.0,0.0,1.0,0.0,0.92,0.0,"LINESTRING (-116.205308 43.604762, -116.205095 43.604684, -116.205005 43.604525)"
535,5089990142,6708844875,0,nan,footway,29.4,43.6051,-116.2059,0.0,1.0,17.2985,8,0,1,,,,,,False,1.0,0.0,25.0,2.0,0.0,1.0,0.0,0.92,0.0905,"LINESTRING (-116.206078 43.605175, -116.205907 43.605052, -116.205819 43.604989)"
536,5089990146,6742374701,0,nan,footway,25.3,43.6058,-116.2069,0.0,0.5,2.6765,2,0,3,,,,,,False,1.0,0.0,25.0,2.0,0.0,1.0,5.0,0.92,0.2692,"LINESTRING (-116.2068 43.605679, -116.20704 43.605827)"
537,5089990146,6791772311,0,nan,footway,27.4,43.6059,-116.2069,0.0,0.5,13.0921,0,0,4,0.0875,0.3579,0.0256,0.1588,0.0157,True,1.0,0.0,25.0,2.0,0.0,1.0,4.0,0.92,0.5407,"LINESTRING (-116.206813 43.60601, -116.20704 43.605827)"
538,5089990146,6791772310,0,nan,footway,27.9,43.6057,-116.2071,0.0,0.0,0.0,0,0,4,0.1726,0.2648,0.014,0.096,0.0083,True,1.0,0.0,25.0,2.0,0.0,1.0,5.0,0.92,0.4265,"LINESTRING (-116.207163 43.605592, -116.207152 43.605618, -116.207071 43.605772, -116.20704 43.605827)"
539,5089990174,5089990182,0,nan,footway,58.1,43.6038,-116.2043,0.0,0.75,9.3133,19,2,0,,,,,,False,1.0,0.0,25.0,2.0,0.0,1.0,0.0,0.92,0.1636,"LINESTRING (-116.203971 43.60369, -116.204615 43.603926)"
540,5089990174,6743332816,0,nan,footway,35.1,43.6041,-116.2045,0.0,0.0,0.0,18,2,0,,,,,,False,1.0,0.0,25.0,2.0,0.0,1.0,0.0,0.92,0.1675,"LINESTRING (-116.204423 43.604209, -116.204615 43.603926)"
541,5089990174,6334697471,0,nan,footway,58.0,43.604,-116.2049,0.0,1.0,9.0437,19,2,0,,,,,,False,1.0,0.0,25.0,2.0,0.0,1.0,0.0,0.92,0.079,"LINESTRING (-116.205261 43.604157, -116.204615 43.603926)"
542,5089990178,6334697471,1,nan,footway,32.6,43.6041,-116.2054,0.0,1.0,8.2348,18,2,0,,,,,,False,1.0,0.0,25.0,2.0,0.0,1.0,0.0,0.92,0.0738,"LINESTRING (-116.205261 43.604157, -116.205373 43.604142, -116.205449 43.604027, -116.205377 43.603962)"
543,5089990179,6780078406,0,nan,footway,43.4,43.6039,-116.2058,0.0,0.6667,8.2348,2,0,0,,,,,,False,1.0,0.0,25.0,2.0,0.0,1.0,0.0,0.92,0.1517,"LINESTRING (-116.205995 43.603973, -116.205511 43.603801)"
544,5089990179,5089990187,0,nan,footway,44.4,43.6036,-116.2056,0.4749,0.0,0.0,1,0,0,0.1138,0.3658,0.1104,0.03,0.0226,True,1.0,0.0,25.0,2.0,0.0,1.0,2.0,0.92,0.3501,"LINESTRING (-116.205878 43.603521, -116.205685 43.603611, -116.205616 43.603647, -116.205511 43.603801)"
545,5089990180,6779688110,0,nan,footway,66.1,43.6032,-116.2039,0.0,1.0,8.1934,25,2,0,,,,,,False,1.0,0.0,25.0,2.0,0.0,1.0,4.0,0.92,0.0513,"LINESTRING (-116.203489 43.603063, -116.204224 43.603328)"
546,5089990181,5089990182,0,nan,footway,40.5,43.6039,-116.2039,0.0,0.3333,0.0,4,0,0,,,,,,False,1.0,0.0,25.0,2.0,0.0,1.0,0.0,0.92,0.0,"LINESTRING (-116.203971 43.60369, -116.203746 43.604016)"
547,5089990185,6742374751,0,nan,footway,83.7,43.6036,-116.2049,0.0,1.0,9.3133,23,2,0,,,,,,False,1.0,0.0,25.0,2.0,0.0,1.0,0.0,0.92,0.069,"LINESTRING (-116.205324 43.603727, -116.204396 43.603388)"
548,5089990185,6742374744,0,nan,footway,61.9,43.6034,-116.2048,0.0424,0.5,9.3133,21,2,0,,,,,,False,1.0,0.0,25.0,2.0,0.0,1.0,0.0,0.92,0.2552,"LINESTRING (-116.205163 43.603415, -116.205121 43.603413, -116.204812 43.603401, -116.204396 43.603388)"
549,5089990186,6742374744,0,nan,footway,42.3,43.6034,-116.2054,0.0935,0.0,0.0,22,2,0,0.0228,0.2495,0.1745,0.1403,0.0174,True,1.0,0.0,25.0,2.0,0.0,1.0,2.0,0.92,0.1905,"LINESTRING (-116.205163 43.603415, -116.205687 43.603448)"
550,5089990186,6791772238,0,nan,footway,104.2,43.6032,-116.2051,0.2482,0.0,0.0,26,2,0,0.0419,0.2779,0.1887,0.0678,0.008,True,1.0,0.0,25.0,2.0,0.0,1.0,6.0,0.92,0.2396,"LINESTRING (-116.204529 43.603034, -116.204535 43.603032, -116.204563 43.603039, -116.204693 43.603087, -116.205206 43.603277, -116.205266 43.603298, -116.205369 43.603328, -116.205687 43.603448)"
551,5089990193,6876634234,0,Friendship Lane,residential,102.0,43.6048,-116.203,0.0,0.1667,0.0,4,0,0,0.0856,0.2214,0.0443,0.0994,0.0062,True,0.0,2.0,15.0,1.0,0.054,0.5,1.0,0.977,0.046,"LINESTRING (-116.2024 43.60475, -116.202699 43.604777, -116.203113 43.604842, -116.203396 43.604895, -116.20346 43.604902, -116.203553 43.604914, -116.20364 43.604931)"
552,5263966035,6208704895,0,nan,path,56.8,43.608,-116.1991,0.0,0.5,5.1538,5,0,2,,,,,,False,1.0,0.0,25.0,2.0,0.0,1.0,1.0,0.92,0.2214,"LINESTRING (-116.198903 43.608221, -116.198946 43.608146, -116.199016 43.608118, -116.199056 43.608124, -116.199132 43.607989, -116.199157 43.60798, -116.19921 43.607969, -116.199275 43.607967, -116.199398 43.607974)"
553,5263966058,6746387807,0,West Julia Davis Drive,unclassified,76.1,43.607,-116.2049,0.0,0.0,0.0,0,0,2,0.0217,0.4526,0.0188,0.0343,0.0037,True,0.0,2.0,15.0,2.0,0.107,0.5,1.0,0.974,0.32,"LINESTRING (-116.205236 43.607264, -116.204664 43.606829, -116.204568 43.606782)"
554,5267966097,6896821802,0,nan,footway,98.4,43.614,-116.1861,0.216,0.8333,3.8905,1,0,0,0.0066,0.2972,0.1684,0.017,0.0113,True,1.0,0.0,25.0,2.0,0.0,1.0,1.0,0.92,0.1432,"LINESTRING (-116.186007 43.613575, -116.186087 43.613632, -116.186094 43.614243, -116.186071 43.614299, -116.186095 43.614432)"
555,5278927154,5278927155,0,East Logan Street,residential,96.7,43.6135,-116.1869,0.0533,1.0,3.879,1,0,0,,,,,,False,0.0,2.0,25.0,2.0,0.179,0.5,0.0,0.881,0.025,"LINESTRING (-116.186304 43.613485, -116.187505 43.613479)"
556,5281198161,5281198162,0,nan,footway,27.3,43.6128,-116.1856,0.0,1.0,7.4739,0,0,0,,,,,,False,1.0,0.0,25.0,2.0,0.0,1.0,0.0,0.92,0.1108,"LINESTRING (-116.185597 43.612718, -116.185597 43.612963)"
557,5281198163,5281198168,0,nan,footway,27.6,43.6128,-116.1852,0.0,1.0,7.608,0,0,0,,,,,,False,1.0,0.0,25.0,2.0,0.0,1.0,0.0,0.92,0.1125,"LINESTRING (-116.185193 43.612716, -116.185182 43.612964)"
558,5544355564,5544355578,0,nan,footway,33.0,43.6236,-116.2187,0.0056,0.0,0.0,2,0,2,,,,,,False,1.0,0.0,25.0,2.0,0.0,1.0,4.0,0.92,0.245,"LINESTRING (-116.218906 43.623552, -116.218496 43.623551)"
559,5544355564,5544355573,0,nan,footway,82.3,43.6232,-116.2185,0.0711,0.0,0.0,6,0,3,,,,,,False,1.0,0.0,25.0,2.0,0.0,1.0,8.0,0.92,0.2643,"LINESTRING (-116.218494 43.622811, -116.218496 43.623551)"
560,5544355573,5544355596,0,nan,footway,94.7,43.6228,-116.2191,0.0223,0.0,0.0,6,0,3,,,,,,False,1.0,0.0,25.0,2.0,0.0,1.0,8.0,0.92,0.2453,"LINESTRING (-116.21967 43.622807, -116.218494 43.622811)"
561,5544355578,5544355582,0,nan,footway,60.2,43.6236,-116.2193,0.0033,0.0,0.0,3,0,3,,,,,,False,1.0,0.0,25.0,2.0,0.0,1.0,5.0,0.92,0.2772,"LINESTRING (-116.219654 43.623552, -116.218906 43.623552)"
562,5544355582,5544355596,0,nan,footway,82.9,43.6232,-116.2197,0.0093,0.2,5.4739,2,0,3,,,,,,False,1.0,0.0,25.0,2.0,0.0,1.0,8.0,0.92,0.4304,"LINESTRING (-116.21967 43.622807, -116.219654 43.623552)"
563,5544377699,5544377699,0,nan,footway,57.7,43.6232,-116.2189,0.0,0.25,0.0,3,0,2,,,,,,False,1.0,0.0,25.0,2.0,0.0,1.0,3.0,0.92,0.1409,"LINESTRING (-116.218906 43.623417, -116.218906 43.62341, -116.218893 43.623403, -116.218851 43.623404, -116.21885 43.623372, -116.218867 43.623372, -116.218866 43.623224, -116.218926 43.623223, -116.218934 43.623226, -116.218944 43.623231, -116.218949 43.623234, -116.21895 43.623417, -116.218906 43.623417)"
564,5545158727,6737802409,0,North Capitol Boulevard,tertiary,32.6,43.617,-116.2,0.428,0.0,0.0,6,1,8,0.0578,0.1603,0.378,0.1745,0.0182,True,0.0,3.0,15.0,1.0,0.08,0.5,5.0,0.977,0.771,"LINESTRING (-116.199869 43.617085, -116.199932 43.617038, -116.200034 43.616994, -116.200224 43.616962)"
565,5556611581,5556611581,0,nan,footway,46.5,43.6113,-116.1936,0.0852,1.0,9.6147,22,0,6,,,,,,False,1.0,0.0,25.0,2.0,0.0,1.0,7.0,0.92,0.2668,"LINESTRING (-116.193586 43.611418, -116.193618 43.611421, -116.193649 43.611417, -116.193676 43.611404, -116.193696 43.611386, -116.193706 43.611364, -116.193705 43.611341, -116.193693 43.61132, -116.193672 43.611302, -116.193647 43.611292, -116.193618 43.611288, -116.193589 43.61129, -116.193563 43.611299, -116.193541 43.611314, -116.193527 43.611332, -116.193522 43.611353, -116.193526 43.611374, -116.193539 43.611393, -116.19356 43.611408, -116.193586 43.611418)"
566,5556611588,7982386106,0,nan,footway,99.4,43.6113,-116.1945,0.4846,0.1667,9.6147,38,1,7,0.0776,0.3094,0.1457,0.0652,0.0182,True,1.0,0.0,25.0,2.0,0.0,1.0,11.0,0.92,0.8127,"LINESTRING (-116.19508 43.611474, -116.195063 43.611465, -116.19494 43.611425, -116.194802 43.611381, -116.194668 43.61134, -116.19442 43.611279, -116.194332 43.611264, -116.19398 43.611214, -116.193912 43.611198)"
567,5557206111,6829209081,0,nan,footway,52.9,43.618,-116.2008,0.2202,0.0,0.0,3,1,8,,,,,,False,1.0,0.0,25.0,2.0,0.0,1.0,5.0,0.92,0.7293,"LINESTRING (-116.20108 43.617955, -116.20103 43.617957, -116.200975 43.617961, -116.200884 43.61797, -116.200831 43.617973, -116.200757 43.617972, -116.200641 43.617964, -116.20059 43.617964, -116.200535 43.617973, -116.200481 43.61799, -116.200459 43.617999, -116.20044 43.61801)"
568,5561045094,5561045095,0,nan,footway,57.7,43.6177,-116.1998,0.0,1.0,63.0,11,5,6,,,,,,False,1.0,0.0,25.0,2.0,0.0,1.0,5.0,0.92,0.7301,"LINESTRING (-116.200156 43.617734, -116.200132 43.617734, -116.2001 43.617732, -116.200052 43.617726, -116.200006 43.617721, -116.199959 43.617713, -116.199928 43.617703, -116.1997 43.617588, -116.199674 43.617561, -116.199651 43.617529, -116.199626 43.617492, -116.199604 43.617458)"
569,5561045094,5561045100,0,nan,footway,29.6,43.6173,-116.1996,0.0445,0.5,63.0,9,5,8,0.3353,0.1083,0.1741,0.2298,0.003,True,1.0,0.0,25.0,2.0,0.0,1.0,3.0,0.92,1.0,"LINESTRING (-116.199636 43.617197, -116.199619 43.61723, -116.199608 43.617261, -116.1996 43.617286, -116.199593 43.617328, -116.199586 43.617363, -116.199588 43.617394, -116.199593 43.617423, -116.199604 43.617458)"
570,5561045095,5561045104,0,nan,footway,29.9,43.6177,-116.2003,0.0474,0.5,63.0,9,5,7,,,,,,False,1.0,0.0,25.0,2.0,0.0,1.0,3.0,0.92,0.9781,"LINESTRING (-116.200486 43.617627, -116.200417 43.617671, -116.200375 43.61769, -116.200335 43.617704, -116.200292 43.617717, -116.200251 43.617726, -116.200207 43.617732, -116.200156 43.617734)"
571,5561045100,6829227091,0,nan,footway,63.5,43.617,-116.1993,0.1869,0.0,0.0,5,2,7,0.1838,0.16,0.186,0.1688,0.0065,True,1.0,0.0,25.0,2.0,0.0,1.0,7.0,0.92,0.694,"LINESTRING (-116.19898 43.61689, -116.199003 43.616888, -116.199023 43.616892, -116.199043 43.616899, -116.199636 43.617197)"
572,5561045100,5574148329,0,nan,footway,28.8,43.6172,-116.1995,0.0312,0.5,63.0,5,3,6,0.3353,0.1083,0.1741,0.2298,0.003,True,1.0,0.0,25.0,2.0,0.0,1.0,3.0,0.92,0.8951,"LINESTRING (-116.199322 43.61731, -116.199335 43.617302, -116.19935 43.617296, -116.199369 43.617289, -116.199388 43.617284, -116.199412 43.617277, -116.199437 43.617262, -116.199476 43.617241, -116.199516 43.617222, -116.199563 43.617205, -116.199594 43.617198, -116.199615 43.617196, -116.199636 43.617197)"
573,5561045102,5574148344,0,nan,footway,48.3,43.6175,-116.1987,0.2423,0.3333,0.0,1,0,4,,,,,,False,1.0,0.0,25.0,2.0,0.0,1.0,8.0,0.92,0.3632,"LINESTRING (-116.198955 43.617534, -116.19893 43.617547, -116.198909 43.617555, -116.198887 43.617561, -116.198835 43.617567, -116.198791 43.617565, -116.19875 43.617556, -116.198711 43.617542, -116.198662 43.617515, -116.198616 43.617492, -116.198584 43.61748, -116.198555 43.617475, -116.198512 43.617476, -116.198454 43.617482, -116.198401 43.617488)"
574,5563167132,5574197829,0,nan,footway,25.8,43.618,-116.2002,0.0,1.0,63.0,8,4,7,,,,,,False,1.0,0.0,25.0,2.0,0.0,1.0,1.0,0.92,0.7768,"LINESTRING (-116.20015 43.618147, -116.200185 43.618085, -116.200272 43.617998, -116.200329 43.617958)"
575,5574148331,6829227091,0,nan,footway,55.1,43.6171,-116.1991,0.1582,0.25,0.0,7,3,5,,,,,,False,1.0,0.0,25.0,2.0,0.0,1.0,4.0,0.92,0.5164,"LINESTRING (-116.19898 43.61689, -116.199012 43.616992, -116.199031 43.617035, -116.199047 43.617066, -116.199071 43.617102, -116.199089 43.617126, -116.199112 43.617152, -116.199132 43.617177, -116.199144 43.6172, -116.19915 43.617224, -116.199152 43.617253, -116.199149 43.617275, -116.199143 43.617302, -116.199131 43.61733, -116.199126 43.617344, -116.199119 43.617358)"
576,5574148352,8982376289,0,nan,footway,32.3,43.6172,-116.1986,0.0263,1.0,0.0,5,0,5,0.16,0.131,0.2946,0.0909,0.0084,True,1.0,0.0,25.0,2.0,0.0,1.0,7.0,0.92,0.037,"LINESTRING (-116.198738 43.617106, -116.19873 43.617122, -116.198532 43.617328, -116.19851 43.617344)"
577,5574197825,5574910191,0,nan,footway,29.5,43.6184,-116.2001,0.021,0.0,0.0,4,1,7,,,,,,False,1.0,0.0,25.0,2.0,0.0,1.0,5.0,0.92,0.5828,"LINESTRING (-116.200285 43.618465, -116.199984 43.618314)"
578,5574197828,8983709832,0,nan,footway,26.3,43.6179,-116.1991,0.0095,1.0,63.0,16,5,4,,,,,,False,1.0,0.0,25.0,2.0,0.0,1.0,2.0,0.92,0.6029,"LINESTRING (-116.199228 43.617928, -116.198961 43.617792)"
579,5574197830,8983709823,0,nan,footway,25.6,43.6182,-116.1998,0.0334,1.0,63.0,20,11,6,,,,,,False,1.0,0.0,25.0,2.0,0.0,1.0,2.0,0.92,0.8052,"LINESTRING (-116.199655 43.618146, -116.199914 43.618279)"
580,5574910176,5574910187,0,nan,footway,25.3,43.6177,-116.1988,0.0158,0.5,63.0,0,0,4,,,,,,False,1.0,0.0,25.0,2.0,0.0,1.0,4.0,0.92,0.7057,"LINESTRING (-116.198889 43.617758, -116.198631 43.617628)"
581,5574938019,5574938621,0,nan,footway,27.7,43.6177,-116.2012,0.1874,1.0,14.904,12,2,8,,,,,,False,1.0,0.0,25.0,2.0,0.0,1.0,7.0,0.92,0.6564,"LINESTRING (-116.201037 43.617667, -116.201053 43.617665, -116.201119 43.61766, -116.201166 43.617658, -116.201208 43.617658, -116.201236 43.617655, -116.201266 43.617643, -116.201295 43.617628, -116.201324 43.617601, -116.20134 43.617585)"
582,5574940755,8981685612,0,nan,footway,30.7,43.6171,-116.2017,0.5734,1.0,14.904,98,21,8,0.0066,0.0101,0.2544,0.424,0.017,True,1.0,0.0,25.0,2.0,0.0,1.0,5.0,0.92,0.9559,"LINESTRING (-116.20154 43.617022, -116.201852 43.617182)"
583,5574940756,8981685534,0,nan,footway,45.1,43.6175,-116.2016,0.5725,1.0,14.904,75,11,8,,,,,,False,1.0,0.0,25.0,2.0,0.0,1.0,9.0,0.92,0.8854,"LINESTRING (-116.201745 43.617294, -116.201427 43.617628)"
584,5592608961,5592608962,0,nan,footway,92.2,43.617,-116.2006,1.0421,0.0,0.0,17,3,8,,,,,,False,1.0,0.0,25.0,2.0,0.0,1.0,9.0,0.92,1.0,"LINESTRING (-116.200903 43.6167, -116.200891 43.6167, -116.200881 43.616703, -116.200876 43.616708, -116.200635 43.616965, -116.200624 43.616983, -116.200617 43.616998, -116.200615 43.617011, -116.200613 43.617055, -116.200618 43.617095, -116.200628 43.617165, -116.200643 43.617264, -116.200644 43.617276, -116.200645 43.617289, -116.200645 43.6173, -116.200643 43.617314, -116.200617 43.617413, -116.20061 43.617438, -116.200618 43.617454)"
585,5592608962,5787121174,0,nan,footway,35.6,43.6168,-116.2011,1.1002,0.5,14.904,28,3,8,0.002,0.0107,0.2278,0.4468,0.0025,True,1.0,0.0,25.0,2.0,0.0,1.0,6.0,0.92,1.0,"LINESTRING (-116.201267 43.61688, -116.200922 43.616705, -116.200912 43.616701, -116.200903 43.6167)"
586,5592725792,5592725801,0,nan,footway,91.5,43.6163,-116.2002,1.0091,0.0,0.0,22,10,8,,,,,,False,1.0,0.0,25.0,2.0,0.0,1.0,11.0,0.92,1.0,"LINESTRING (-116.19972 43.616114, -116.19974 43.616117, -116.199755 43.616122, -116.199764 43.616126, -116.199775 43.616131, -116.199789 43.616138, -116.199804 43.616146, -116.200431 43.616462, -116.200464 43.616479, -116.200502 43.616499, -116.200553 43.616526, -116.200595 43.616547, -116.200605 43.616552, -116.200616 43.616558, -116.200624 43.616564, -116.200631 43.61657, -116.200636 43.616576, -116.20064 43.616582, -116.200642 43.616587)"
587,5592725792,5592725811,0,nan,footway,88.7,43.6169,-116.2003,1.0197,0.0,0.0,7,1,8,,,,,,False,1.0,0.0,25.0,2.0,0.0,1.0,9.0,0.92,0.9923,"LINESTRING (-116.199816 43.617048, -116.199838 43.61704, -116.199868 43.617025, -116.199907 43.617004, -116.199936 43.61699, -116.199957 43.61698, -116.199982 43.616969, -116.200005 43.61696, -116.200044 43.61695, -116.200264 43.616907, -116.200298 43.6169, -116.200332 43.616891, -116.200364 43.61688, -116.20038 43.616873, -116.200391 43.616867, -116.200405 43.616857, -116.20042 43.616842, -116.200443 43.61682, -116.200453 43.616809, -116.200478 43.616782, -116.200516 43.616746, -116.200531 43.61673, -116.200551 43.61671, -116.200582 43.616679, -116.2006 43.61666, -116.200617 43.616642, -116.200628 43.616633, -116.200636 43.616624, -116.200642 43.616616, -116.200643 43.616609, -116.200644 43.616602, -116.200644 43.616597, -116.200642 43.616587)"
588,5592725792,5711176555,0,nan,footway,70.3,43.6166,-116.2002,0.1713,0.0,0.0,4,0,8,,,,,,False,1.0,0.0,25.0,2.0,0.0,1.0,6.0,0.92,0.5932,"LINESTRING (-116.199777 43.616666, -116.199813 43.616664, -116.199898 43.616659, -116.199967 43.616654, -116.200003 43.61665, -116.200045 43.616644, -116.200167 43.616627, -116.200299 43.61661, -116.200313 43.616609, -116.200337 43.616606, -116.200352 43.616604, -116.200366 43.616603, -116.200391 43.616601, -116.200405 43.6166, -116.200622 43.616588, -116.200642 43.616587)"
589,5592725801,5711176555,0,nan,footway,61.5,43.6164,-116.1997,0.2225,0.0,0.0,6,1,8,,,,,,False,1.0,0.0,25.0,2.0,0.0,1.0,4.0,0.92,0.6909,"LINESTRING (-116.199777 43.616666, -116.199721 43.616126, -116.19972 43.616114)"
590,5592725811,5711176555,0,nan,footway,42.6,43.6169,-116.1998,0.3295,0.0,0.0,5,1,8,,,,,,False,1.0,0.0,25.0,2.0,0.0,1.0,3.0,0.92,0.7435,"LINESTRING (-116.199777 43.616666, -116.199815 43.617039, -116.199816 43.617048)"
591,5643549931,11463813598,0,East Reserve Street,tertiary,48.9,43.6145,-116.1857,0.2985,0.0,0.0,0,0,0,0.0004,0.3154,0.2112,0.0058,0.0008,True,0.0,3.0,30.0,2.0,0.321,0.5,1.0,0.773,0.3299,"LINESTRING (-116.185984 43.61446, -116.18541 43.614605)"
592,5711170642,6737802409,0,nan,footway,31.9,43.6172,-116.2,0.2062,0.0,0.0,8,2,8,0.1649,0.1058,0.2989,0.3569,0.0063,True,1.0,0.0,25.0,2.0,0.0,1.0,6.0,0.92,0.7262,"LINESTRING (-116.199869 43.617085, -116.199906 43.617103, -116.200193 43.61725)"
593,5711170642,6737802408,0,nan,footway,34.3,43.6173,-116.2004,0.228,0.0,0.0,10,5,8,0.0686,0.1282,0.4852,0.1086,0.0136,True,1.0,0.0,25.0,2.0,0.0,1.0,5.0,0.92,0.8221,"LINESTRING (-116.200541 43.617428, -116.200503 43.617408, -116.200193 43.61725)"
594,5763093976,6218030011,0,West Main Street,secondary,51.9,43.6217,-116.2157,0.0335,0.0,0.0,8,1,5,,,,,,False,0.0,4.0,35.0,3.0,0.75,0.5,1.0,0.587,0.4399,"LINESTRING (-116.215974 43.621788, -116.215818 43.621778, -116.215673 43.621754, -116.215518 43.621706, -116.215372 43.621641)"
595,5787121174,8981685612,0,nan,footway,27.1,43.617,-116.2014,0.9516,1.0,14.904,58,12,8,0.0028,0.0262,0.2318,0.4448,0.0044,True,1.0,0.0,25.0,2.0,0.0,1.0,4.0,0.92,1.0,"LINESTRING (-116.20154 43.617022, -116.201267 43.61688)"
596,5789023462,11552944616,0,South Ferguson Street,unclassified,33.3,43.6039,-116.1891,0.0,0.5,19.3355,9,1,0,,,,,,False,0.0,2.0,25.0,2.0,0.179,0.5,4.0,0.881,0.306,"LINESTRING (-116.188982 43.603767, -116.189312 43.603947)"
597,5789023466,6900165360,0,East Morrison Knudsen Plaza Drive,unclassified,55.9,43.6059,-116.1892,0.0386,0.0,0.0,0,0,1,,,,,,False,0.0,2.0,25.0,2.0,0.179,0.5,4.0,0.881,0.2819,"LINESTRING (-116.188935 43.605765, -116.189477 43.606079)"
598,5789023468,8670125873,0,nan,path,144.6,43.6046,-116.1893,0.0,1.0,19.3355,6,1,1,,,,,,False,1.0,0.0,25.0,2.0,0.0,1.0,0.0,0.92,0.2207,"LINESTRING (-116.18859 43.604208, -116.189476 43.604741, -116.189513 43.605026, -116.189465 43.605202)"
599,6078290373,9432487145,0,South Broadway Avenue,primary,28.3,43.6057,-116.1934,1.265,0.0,0.0,5,2,1,0.0006,0.2899,0.1863,0.0021,0.0058,True,0.0,5.0,35.0,7.0,1.0,0.5,7.0,0.438,0.7949,"LINESTRING (-116.193406 43.605852, -116.193415 43.605597)"
600,6100980328,7490617365,0,West Sherwood Street,residential,61.9,43.6066,-116.2122,0.0465,1.0,12.6677,4,1,4,,,,,,False,0.0,2.0,25.0,2.0,0.179,0.5,6.0,0.881,0.3804,"LINESTRING (-116.212555 43.606746, -116.211838 43.606545)"
601,6100980328,6365444749,0,West Sherwood Street,residential,57.4,43.6065,-116.2115,0.3164,1.0,8.3455,5,2,4,,,,,,False,0.0,2.0,25.0,2.0,0.179,0.5,4.0,0.881,0.4923,"LINESTRING (-116.211173 43.60636, -116.211838 43.606545)"
602,6101000928,6404887113,0,Friendship Lane,residential,122.2,43.6051,-116.1985,0.0,0.1429,0.0,2,0,0,,,,,,False,0.0,2.0,15.0,1.0,0.054,0.5,1.0,0.977,0.0897,"LINESTRING (-116.199216 43.605052, -116.198683 43.605106, -116.198549 43.605113, -116.198464 43.605117, -116.198328 43.605117, -116.198061 43.605104, -116.197708 43.605067)"
603,6101000940,6219095620,0,Friendship Lane,residential,217.6,43.6041,-116.1949,0.0,0.6923,10.3278,4,0,3,,,,,,False,0.0,2.0,15.0,2.0,0.107,0.5,0.0,0.974,0.2886,"LINESTRING (-116.196092 43.604534, -116.194769 43.604, -116.194669 43.603955, -116.194596 43.603913, -116.194522 43.603864, -116.194403 43.603768, -116.194297 43.603669, -116.19423 43.603582, -116.194194 43.603505, -116.19417 43.603403, -116.194163 43.603307)"
604,6101000962,9537637977,0,nan,path,66.5,43.6026,-116.1938,0.2563,0.0,0.0,0,0,2,0.1136,0.291,0.2174,0.0249,0.0038,True,1.0,0.0,25.0,2.0,0.0,1.0,3.0,0.92,0.4199,"LINESTRING (-116.193695 43.602638, -116.193796 43.602708, -116.193838 43.602677, -116.19373 43.602598, -116.193731 43.60258, -116.193779 43.602581, -116.193903 43.602675, -116.193974 43.602626, -116.194043 43.602553)"
605,6101021445,6804580019,0,Friendship Lane,residential,97.0,43.6074,-116.2076,0.0,0.6667,8.9453,5,0,5,0.0276,0.422,0.0046,0.0867,0.0141,True,0.0,2.0,15.0,1.0,0.054,0.5,0.0,0.977,0.377,"LINESTRING (-116.207157 43.607101, -116.208033 43.6077)"
606,6101021445,6101021449,0,South Earle Street,unclassified,111.8,43.6073,-116.2083,0.0,0.8571,15.2456,4,0,4,,,,,,False,0.0,2.0,25.0,2.0,0.179,0.5,2.0,0.881,0.3257,"LINESTRING (-116.208436 43.606761, -116.208395 43.606998, -116.208309 43.607184, -116.208207 43.607558, -116.208033 43.6077)"
607,6101021445,6928746868,0,West Cesar Chavez Lane,residential,66.1,43.6079,-116.2084,0.0207,0.0,0.0,1,0,7,0.0,0.35,0.0284,0.048,0.0094,True,0.0,2.0,15.0,2.0,0.107,0.5,4.0,0.974,0.5456,"LINESTRING (-116.208753 43.607808, -116.208683 43.607834, -116.20856 43.607868, -116.208503 43.607876, -116.208432 43.607877, -116.208354 43.607871, -116.208285 43.607854, -116.208199 43.607806, -116.208096 43.607741, -116.208033 43.6077)"
608,6101077393,6215171682,0,West Royal Boulevard,residential,48.7,43.6088,-116.2111,0.065,1.0,4.9338,2,0,5,,,,,,False,0.0,2.0,25.0,2.0,0.179,0.5,4.0,0.881,0.2878,"LINESTRING (-116.210791 43.60868, -116.211355 43.608838)"
609,6101077395,6943964667,0,West Royal Boulevard,residential,29.0,43.6085,-116.2101,0.457,0.0,0.0,1,0,6,,,,,,False,0.0,2.0,25.0,3.0,0.268,0.5,5.0,0.869,0.6624,"LINESTRING (-116.209937 43.608445, -116.210273 43.608537)"
610,6101077395,6215171682,0,West Royal Boulevard,residential,44.6,43.6086,-116.2105,0.0522,1.0,4.9338,1,0,6,,,,,,False,0.0,2.0,25.0,2.0,0.179,0.5,3.0,0.881,0.3645,"LINESTRING (-116.210791 43.60868, -116.210273 43.608537)"
611,6198203093,7967900313,0,nan,footway,60.2,43.6015,-116.1857,0.0,1.0,5.2421,4,0,0,,,,,,False,1.0,0.0,25.0,2.0,0.0,1.0,3.0,0.92,0.0,"LINESTRING (-116.185977 43.601457, -116.185911 43.601448, -116.185871 43.601418, -116.185706 43.601469, -116.185554 43.601589, -116.185344 43.601544)"
612,6198203093,11038179558,0,nan,footway,28.3,43.6016,-116.1852,0.0,0.5,5.2628,3,0,0,,,,,,False,1.0,0.0,25.0,2.0,0.0,1.0,0.0,0.92,0.1453,"LINESTRING (-116.185001 43.601548, -116.185044 43.601545, -116.185286 43.601564, -116.185344 43.601544)"
613,6205023537,6250192564,0,South 17th Street,unclassified,41.0,43.6186,-116.2182,0.2414,0.6667,5.6091,19,1,3,,,,,,False,0.0,2.0,25.0,2.0,0.179,0.5,1.0,0.881,0.3386,"LINESTRING (-116.218406 43.618465, -116.218259 43.618514, -116.21811 43.618584, -116.21804 43.618696)"
614,6206412320,6880298427,0,North VA Hospital Loop,unclassified,58.6,43.6205,-116.1935,0.0,0.0,0.0,3,2,1,,,,,,False,0.0,2.0,25.0,2.0,0.179,0.5,4.0,0.881,0.3302,"LINESTRING (-116.193695 43.620305, -116.193291 43.620744)"
615,6206412325,8225216554,0,nan,footway,108.4,43.6213,-116.1919,0.0,0.1429,0.0,1,0,1,,,,,,False,1.0,0.0,25.0,2.0,0.0,1.0,2.0,0.92,0.1714,"LINESTRING (-116.191297 43.621138, -116.191334 43.621121, -116.191379 43.621119, -116.19143 43.621129, -116.191879 43.621287, -116.192272 43.621421, -116.192424 43.621502, -116.192473 43.621549)"
616,6206412351,8225216421,0,Access Road,unclassified,87.2,43.6212,-116.1895,0.0,1.0,0.0,2,0,1,,,,,,False,0.0,2.0,25.0,2.0,0.179,0.5,5.0,0.881,0.0,"LINESTRING (-116.189705 43.621603, -116.189537 43.62128, -116.189434 43.621062, -116.189347 43.620863)"
617,6206412372,8223285130,0,West Fort Street,tertiary,78.0,43.622,-116.1981,0.114,1.0,5.3025,16,13,2,,,,,,False,0.0,3.0,30.0,2.0,0.321,0.5,13.0,0.773,0.4178,"LINESTRING (-116.197757 43.621813, -116.198543 43.622222)"
618,6206501993,6206501996,0,nan,footway,28.4,43.6091,-116.2042,0.0,0.0,0.0,1,0,2,,,,,,False,1.0,0.0,25.0,2.0,0.0,1.0,0.0,0.92,0.2714,"LINESTRING (-116.204368 43.609058, -116.204121 43.60924)"
619,6206502012,7075951863,0,nan,footway,65.2,43.6096,-116.2049,0.0,0.5,0.0,2,0,3,0.0016,0.2162,0.2935,0.0001,0.0035,True,1.0,0.0,25.0,2.0,0.0,1.0,1.0,0.92,0.1326,"LINESTRING (-116.2051 43.60931, -116.204895 43.609676, -116.204846 43.609737, -116.204831 43.609755, -116.20472 43.609815)"
620,6206502051,6206502051,0,nan,path,42.5,43.61,-116.2091,0.0216,0.0,0.0,2,0,5,0.0046,0.0808,0.0,0.0028,0.0001,True,1.0,0.0,25.0,2.0,0.0,1.0,1.0,0.92,0.411,"LINESTRING (-116.208973 43.609992, -116.208979 43.610012, -116.208994 43.61003, -116.209016 43.610044, -116.209043 43.610051, -116.20907 43.610051, -116.209095 43.610045, -116.209117 43.610034, -116.209133 43.610018, -116.209141 43.609999, -116.209141 43.60998, -116.209132 43.609961, -116.209116 43.609946, -116.209093 43.609935, -116.209068 43.60993, -116.209039 43.609931, -116.209012 43.609939, -116.208991 43.609953, -116.208977 43.609971, -116.208973 43.609992)"
621,6208568520,7056068306,0,West Main Street,secondary,25.1,43.6209,-116.2139,0.6131,1.0,5.745,19,4,4,,,,,,False,0.0,4.0,35.0,4.0,1.0,0.5,4.0,0.55,0.5639,"LINESTRING (-116.213994 43.620953, -116.21374 43.620821)"
622,6208568526,7056068298,0,West Fairview Avenue,secondary,33.8,43.6205,-116.2142,0.3812,0.5,6.2765,19,0,4,,,,,,False,0.0,4.0,30.0,4.0,0.857,0.5,5.0,0.727,0.4095,"LINESTRING (-116.214374 43.620534, -116.213954 43.620526)"
623,6208568549,6208568573,0,West Front Street,tertiary,34.9,43.6191,-116.2148,0.0494,0.0,0.0,4,0,4,,,,,,False,0.0,3.0,30.0,2.0,0.321,0.5,6.0,0.773,0.3327,"LINESTRING (-116.214655 43.619057, -116.214803 43.61912, -116.215046 43.61919)"
624,6208568575,6331219646,0,South 23rd Street,unclassified,68.5,43.6194,-116.2177,0.0042,0.0,0.0,2,0,4,,,,,,False,0.0,2.0,25.0,2.0,0.179,0.5,3.0,0.881,0.351,"LINESTRING (-116.217953 43.619702, -116.217828 43.619497, -116.217746 43.61944, -116.21763 43.619385, -116.217519 43.619366, -116.217418 43.619362, -116.217345 43.619362)"
625,6208568576,9319991157,0,South 18th Street,unclassified,29.9,43.62,-116.2173,0.1405,1.0,4.6663,2,1,4,,,,,,False,0.0,2.0,25.0,2.0,0.179,0.5,3.0,0.881,0.3605,"LINESTRING (-116.217462 43.619952, -116.21713 43.620072)"
626,6208568579,7477717550,0,South 11th Street,tertiary,39.7,43.6136,-116.2107,0.2927,1.0,0.0,4,0,3,0.02,0.1256,0.3084,0.1018,0.0087,True,0.0,3.0,30.0,2.0,0.321,0.5,10.0,0.773,0.0473,"LINESTRING (-116.210567 43.613714, -116.210849 43.613421)"
627,6208568579,6319470030,0,South 11th Street,tertiary,98.1,43.6131,-116.2112,0.2397,0.8333,7.1191,10,0,3,0.018,0.0349,0.3761,0.1246,0.0044,True,0.0,3.0,30.0,2.0,0.321,0.5,11.0,0.773,0.2456,"LINESTRING (-116.211544 43.612697, -116.211202 43.613053, -116.210849 43.613421)"
628,6208618480,6943964668,0,South 9th Street,primary,234.5,43.6096,-116.2094,0.331,0.1429,0.0,15,1,5,0.0143,0.0946,0.0005,0.5646,0.0,True,0.0,5.0,35.0,4.0,1.0,0.5,8.0,0.55,0.4687,"LINESTRING (-116.209716 43.60853, -116.209606 43.608955, -116.209296 43.610028, -116.209282 43.610091, -116.209272 43.610153, -116.209249 43.610291, -116.20923 43.610408, -116.209219 43.610606)"
629,6208619115,6212000138,0,West River Street,secondary,26.3,43.6134,-116.2136,0.3758,0.0,0.0,3,1,1,0.0226,0.2346,0.2507,0.0294,0.0064,True,0.0,4.0,30.0,3.0,0.643,0.5,4.0,0.75,0.4174,"LINESTRING (-116.213691 43.613492, -116.213609 43.613384, -116.213532 43.613285)"
630,6208619118,6208619120,0,South Pioneer Street,unclassified,26.9,43.6129,-116.2164,0.0,0.0,0.0,2,1,1,,,,,,False,0.0,2.0,25.0,2.0,0.179,0.5,0.0,0.881,0.2911,"LINESTRING (-116.216585 43.612935, -116.216361 43.612858, -116.216283 43.612884)"
631,6208619161,6208619166,0,West Shoreline Drive,tertiary,53.2,43.6159,-116.2195,0.0017,0.0,0.0,2,0,0,0.0054,0.2337,0.2774,0.0109,0.0148,True,0.0,3.0,20.0,2.0,0.214,0.5,5.0,0.943,0.1371,"LINESTRING (-116.219606 43.616162, -116.219557 43.616084, -116.219346 43.615761, -116.21933 43.615727)"
632,6208619164,6210833654,0,West Shoreline Drive,tertiary,49.0,43.6153,-116.2192,0.0,0.0,0.0,1,1,0,0.0118,0.2115,0.2856,0.0342,0.0022,True,0.0,3.0,20.0,2.0,0.214,0.5,8.0,0.943,0.2663,"LINESTRING (-116.219225 43.615486, -116.219101 43.615087, -116.21909 43.615056)"
633,6208619173,8324061594,0,South 15th Street,secondary,88.2,43.6172,-116.2179,0.0249,0.4,4.4221,3,0,1,0.0709,0.2454,0.2646,0.0161,0.002,True,0.0,4.0,30.0,2.0,0.429,0.5,5.0,0.773,0.2258,"LINESTRING (-116.217332 43.61712, -116.21738 43.617132, -116.217779 43.617223, -116.21818 43.617243, -116.218401 43.617213)"
634,6208619173,6208619177,0,South Americana Boulevard,secondary,70.3,43.6171,-116.2188,0.0874,0.0,0.0,15,0,1,0.0176,0.1596,0.3114,0.0327,0.0032,True,0.0,4.0,30.0,2.0,0.429,0.5,4.0,0.773,0.1061,"LINESTRING (-116.219219 43.617004, -116.21908 43.617052, -116.218694 43.617173, -116.218401 43.617213)"
635,6208619177,7500160140,0,South Americana Boulevard,secondary,52.2,43.6169,-116.2195,0.4489,1.0,7.1385,14,0,0,0.0137,0.193,0.301,0.0262,0.0054,True,0.0,4.0,30.0,2.0,0.429,0.5,4.0,0.773,0.0914,"LINESTRING (-116.219757 43.616741, -116.219219 43.617004)"
636,6208704566,6468111374,0,South 8th Street,residential,41.2,43.6108,-116.2081,0.5822,1.0,8.1151,8,0,6,0.0781,0.0885,0.159,0.299,0.0085,True,0.0,2.0,25.0,2.0,0.179,0.5,8.0,0.881,0.5105,"LINESTRING (-116.207952 43.610941, -116.207972 43.610919, -116.208235 43.610632)"
637,6208704575,7259690365,0,South 8th Street,residential,75.5,43.6107,-116.2083,0.5474,0.8,5.0616,11,0,6,0.0294,0.035,0.0,0.0104,0.0069,True,0.0,2.0,25.0,2.0,0.179,0.5,11.0,0.881,0.4993,"LINESTRING (-116.208018 43.610975, -116.208027 43.61097, -116.208553 43.610418)"
638,6208704577,7477710195,0,South 9th Street,primary,60.7,43.6109,-116.2092,0.3705,0.5,6.3497,2,0,6,0.0346,0.2087,0.2955,0.0258,0.0058,True,0.0,5.0,35.0,4.0,1.0,0.5,7.0,0.55,0.6461,"LINESTRING (-116.209184 43.611196, -116.209216 43.610651)"
639,6208704911,7567535307,0,West Fulton Street,unclassified,25.6,43.6111,-116.2057,0.2785,0.5,7.1754,31,7,4,0.0314,0.1793,0.286,0.0724,0.0068,True,0.0,2.0,25.0,2.0,0.179,0.5,3.0,0.881,0.653,"LINESTRING (-116.205876 43.611154, -116.205616 43.611022)"
640,6208704958,6208704964,0,South Broadway Avenue,secondary,62.5,43.6088,-116.1934,0.2445,0.0,0.0,20,6,5,0.0072,0.1362,0.2671,0.0625,0.0058,True,0.0,4.0,35.0,4.0,1.0,0.5,6.0,0.55,0.6459,"LINESTRING (-116.193375 43.60855, -116.19337 43.609112)"
641,6208704959,6854680565,0,nan,path,78.3,43.6092,-116.1926,0.0,1.0,5.7297,6,2,5,,,,,,False,1.0,0.0,25.0,2.0,0.0,1.0,4.0,0.92,0.3769,"LINESTRING (-116.192566 43.609538, -116.192571 43.609507, -116.192603 43.608973, -116.192652 43.608949, -116.192783 43.608963)"
642,6208704968,7221772658,0,East Front Street,secondary,63.8,43.6077,-116.1928,0.2102,0.0,0.0,27,4,3,0.0065,0.2407,0.1471,0.0294,0.0042,True,0.0,4.0,35.0,4.0,1.0,0.5,8.0,0.55,0.4567,"LINESTRING (-116.193169 43.607876, -116.192507 43.607561)"
643,6208705039,6208705043,0,South Straughan Avenue,residential,38.6,43.6069,-116.1879,0.0708,1.0,7.8935,0,0,0,,,,,,False,0.0,2.0,25.0,2.0,0.179,0.5,4.0,0.881,0.1435,"LINESTRING (-116.187733 43.60706, -116.187974 43.60676)"
644,6208705047,6758502279,0,nan,footway,29.0,43.6114,-116.1937,0.1829,1.0,9.6147,30,0,6,,,,,,False,1.0,0.0,25.0,2.0,0.0,1.0,7.0,0.92,0.2839,"LINESTRING (-116.193638 43.611497, -116.193837 43.611279)"
645,6208705077,7974145846,0,South Broadway Avenue,secondary,57.1,43.6099,-116.1934,0.2263,0.25,3.7769,21,7,6,0.0145,0.0809,0.3396,0.0601,0.0121,True,0.0,4.0,35.0,4.0,1.0,0.5,10.0,0.55,0.7908,"LINESTRING (-116.193354 43.610111, -116.193434 43.610015, -116.193443 43.609684, -116.193444 43.609613)"
646,6208885999,7057388631,0,West Madison Avenue,residential,43.5,43.6251,-116.2144,0.0,1.0,3.6214,11,2,2,,,,,,False,0.0,2.0,25.0,2.0,0.179,0.0,0.0,0.841,0.1399,"LINESTRING (-116.214586 43.625223, -116.214146 43.624996)"
647,6208885999,7055890181,0,West Tin Pan Alley Street,residential,103.9,43.625,-116.2148,0.0,1.0,4.0916,6,1,2,,,,,,False,0.0,2.0,25.0,2.0,0.179,0.5,0.0,0.881,0.1286,"LINESTRING (-116.215436 43.624992, -116.214146 43.624996)"
648,6209312981,6896713138,0,South 9th Street,primary,34.2,43.6128,-116.2079,0.7708,1.0,12.8546,16,0,4,0.0359,0.2088,0.1535,0.2282,0.0057,True,0.0,5.0,30.0,4.0,1.0,0.5,9.0,0.727,0.4768,"LINESTRING (-116.207795 43.612957, -116.208038 43.612704)"
649,6209314498,7248449815,0,South 12th Street,tertiary,45.1,43.6175,-116.2087,0.2856,0.0,0.0,21,2,7,,,,,,False,0.0,3.0,30.0,2.0,0.321,0.5,7.0,0.773,0.6412,"LINESTRING (-116.208861 43.617317, -116.208539 43.617649)"
650,6209314546,11733513788,0,South 10th Street,residential,40.0,43.6155,-116.2071,0.1547,1.0,12.6844,6,3,6,0.0102,0.102,0.2719,0.2397,0.0008,True,0.0,2.0,25.0,2.0,0.179,0.5,4.0,0.881,0.607,"LINESTRING (-116.207221 43.615378, -116.206938 43.615673)"
651,6209314546,11733513792,0,South 10th Street,residential,38.6,43.6158,-116.2068,0.2676,1.0,0.0,9,4,7,,,,,,False,0.0,2.0,25.0,2.0,0.179,0.5,7.0,0.881,0.4372,"LINESTRING (-116.206664 43.615958, -116.206938 43.615673)"
652,6209314570,7344223548,0,West State Street,secondary,33.4,43.62,-116.2032,0.3398,1.0,6.2016,11,2,9,,,,,,False,0.0,4.0,30.0,4.0,0.857,0.5,9.0,0.727,0.6915,"LINESTRING (-116.203021 43.619941, -116.203362 43.620113)"
653,6209314615,7344240229,0,West State Street,secondary,25.7,43.621,-116.205,0.0173,0.0,0.0,19,1,8,,,,,,False,0.0,4.0,30.0,4.0,0.857,0.5,13.0,0.727,0.5372,"LINESTRING (-116.205157 43.621025, -116.204896 43.620892)"
654,6209314808,6218030011,0,West Main Street,secondary,114.1,43.6218,-116.2167,0.0355,0.5714,5.1649,10,1,4,,,,,,False,0.0,4.0,35.0,3.0,0.75,0.5,5.0,0.587,0.3774,"LINESTRING (-116.215974 43.621788, -116.216027 43.62179, -116.216331 43.621792, -116.216946 43.621792, -116.217391 43.621791)"
655,6209720676,6910742067,0,East Garrison Road,unclassified,35.8,43.6153,-116.1911,0.0,1.0,0.0,39,0,4,,,,,,False,0.0,2.0,25.0,2.0,0.179,0.5,3.0,0.881,0.0,"LINESTRING (-116.190932 43.615381, -116.191346 43.615262)"
656,6209721095,6367833674,0,North Robbins Road,unclassified,80.6,43.6169,-116.1908,0.0602,0.6,5.6873,4,0,4,,,,,,False,0.0,2.0,25.0,3.0,0.268,0.5,1.0,0.869,0.3401,"LINESTRING (-116.1913 43.616814, -116.190365 43.617074)"
657,6209721097,7046340284,0,East Warm Springs Avenue,tertiary,99.6,43.6099,-116.189,0.1891,0.8333,6.1865,0,0,1,0.0374,0.2565,0.267,0.0136,0.0053,True,0.0,3.0,30.0,2.0,0.321,0.5,2.0,0.773,0.275,"LINESTRING (-116.188495 43.609635, -116.189528 43.610127)"
658,6209721100,6209721100,0,nan,path,234.2,43.6114,-116.1892,0.0,0.0,0.0,1,1,2,,,,,,False,1.0,0.0,25.0,2.0,0.0,1.0,1.0,0.92,0.3728,"LINESTRING (-116.18922 43.610462, -116.189252 43.610505, -116.189384 43.610637, -116.189407 43.610672, -116.189428 43.61071, -116.18942 43.611259, -116.189411 43.611284, -116.189393 43.611316, -116.18937 43.61134, -116.189334 43.611368, -116.189288 43.611387, -116.18924 43.611395, -116.189189 43.611396, -116.189147 43.611382, -116.189104 43.61136, -116.189075 43.611336, -116.189047 43.611308, -116.189029 43.611275, -116.18902 43.611225, -116.18903 43.610841, -116.189023 43.610756, -116.189028 43.610713, -116.189035 43.61068, -116.189054 43.61064, -116.18908 43.610608, -116.18922 43.610462)"
659,6209721125,6945759166,0,East Warm Springs Avenue,tertiary,66.6,43.6103,-116.19,0.5401,0.0,0.0,2,1,1,0.0374,0.1917,0.2508,0.0161,0.0023,True,0.0,3.0,30.0,2.0,0.321,0.5,1.0,0.773,0.5016,"LINESTRING (-116.189621 43.610171, -116.19031 43.610502)"
660,6209721125,7974918150,0,East Warm Springs Avenue,tertiary,44.9,43.6106,-116.1906,0.5473,0.0,0.0,2,0,3,0.0418,0.1952,0.246,0.0138,0.0102,True,0.0,3.0,30.0,2.0,0.321,0.5,3.0,0.773,0.5095,"LINESTRING (-116.190804 43.610689, -116.190788 43.610685, -116.19031 43.610502)"
661,6209721128,8235223503,0,nan,path,25.7,43.6112,-116.1903,0.1046,0.0,0.0,1,0,3,,,,,,False,1.0,0.0,25.0,2.0,0.0,1.0,2.0,0.92,0.3654,"LINESTRING (-116.190324 43.61128, -116.190307 43.611271, -116.190313 43.611055)"
662,6209721392,6209721403,0,nan,footway,78.6,43.6107,-116.1941,0.3739,1.0,5.8119,29,3,6,,,,,,False,1.0,0.0,25.0,2.0,0.0,1.0,4.0,0.92,0.517,"LINESTRING (-116.194005 43.611079, -116.194117 43.61071, -116.194143 43.610661, -116.194292 43.610511, -116.194314 43.610495, -116.194344 43.610493, -116.194403 43.610514)"
663,6209721392,7973657853,0,nan,footway,75.4,43.6107,-116.1948,0.0,1.0,4.2796,8,2,7,,,,,,False,1.0,0.0,25.0,2.0,0.0,1.0,3.0,0.92,0.4402,"LINESTRING (-116.195178 43.610891, -116.194789 43.61071, -116.194443 43.610548, -116.194403 43.610514)"
664,6209721403,7973657852,0,nan,footway,75.7,43.6111,-116.1945,1.4455,1.0,4.2796,26,2,7,0.2102,0.1993,0.1587,0.1799,0.0132,True,1.0,0.0,25.0,2.0,0.0,1.0,8.0,0.92,0.9266,"LINESTRING (-116.194912 43.61125, -116.194775 43.611208, -116.194433 43.61114, -116.194005 43.611079)"
665,6209721430,8235235573,0,East Bannock Street,unclassified,45.3,43.612,-116.1918,0.1129,0.3333,0.0,9,2,5,0.0035,0.0768,0.3724,0.0452,0.0023,True,0.0,2.0,25.0,2.0,0.179,0.5,8.0,0.881,0.4137,"LINESTRING (-116.191591 43.611858, -116.191764 43.611935, -116.191808 43.611957, -116.192059 43.612084)"
666,6210845008,10723399681,0,West Main Street,secondary,44.0,43.6218,-116.2193,0.0156,0.6667,4.0643,6,2,5,,,,,,False,0.0,4.0,35.0,3.0,0.75,0.5,3.0,0.587,0.4621,"LINESTRING (-116.219568 43.621798, -116.219022 43.621795)"
667,6210845008,7056068735,0,West Main Street,secondary,41.9,43.6218,-116.2188,0.1996,0.0,0.0,10,3,6,,,,,,False,0.0,4.0,35.0,3.0,0.75,0.5,4.0,0.587,0.6452,"LINESTRING (-116.218501 43.621793, -116.219022 43.621795)"
668,6210845048,7477717557,0,West Miller Street,residential,43.3,43.613,-116.2091,1.189,0.3333,0.0,5,1,4,,,,,,False,0.0,2.0,25.0,2.0,0.179,0.5,7.0,0.881,0.7566,"LINESTRING (-116.209296 43.613146, -116.208858 43.612921)"
669,6210845048,7477717485,0,West Miller Street,residential,55.3,43.6128,-116.2086,1.2175,1.0,12.0916,13,0,5,0.0,0.1176,0.0925,0.3319,0.0103,True,0.0,2.0,25.0,2.0,0.179,0.5,8.0,0.881,0.7119,"LINESTRING (-116.208298 43.612633, -116.208858 43.612921)"
670,6210845079,7477717538,0,West Miller Street,residential,49.1,43.614,-116.2109,0.4925,1.0,5.0,3,0,3,0.0099,0.1306,0.3586,0.0443,0.0036,True,0.0,2.0,25.0,2.0,0.179,0.5,9.0,0.881,0.3289,"LINESTRING (-116.210641 43.61384, -116.211141 43.614092)"
671,6210845401,7483650376,0,South Ash Street,residential,41.4,43.6131,-116.2129,0.7061,1.0,5.1003,1,0,2,,,,,,False,0.0,2.0,25.0,2.0,0.179,0.5,3.0,0.881,0.4094,"LINESTRING (-116.212942 43.612962, -116.212769 43.613312)"
672,6212000138,6227852526,0,West River Street,secondary,28.7,43.6136,-116.2138,0.4425,0.5,7.4297,3,1,1,0.0088,0.1707,0.2979,0.0622,0.0096,True,0.0,4.0,30.0,3.0,0.643,0.5,4.0,0.75,0.5036,"LINESTRING (-116.213863 43.613717, -116.213731 43.613546, -116.213691 43.613492)"
673,6212000158,7344223544,0,North 10th Street,residential,38.2,43.6201,-116.2027,0.1726,1.0,11.3,14,2,9,,,,,,False,0.0,2.0,25.0,2.0,0.179,0.5,10.0,0.881,0.6668,"LINESTRING (-116.202837 43.619973, -116.20257 43.620257)"
674,6212000180,9262348077,0,nan,footway,30.0,43.618,-116.1967,0.0024,0.5,4.7411,5,0,1,,,,,,False,1.0,0.0,25.0,2.0,0.0,1.0,10.0,0.92,0.1618,"LINESTRING (-116.196885 43.61807, -116.196581 43.617914)"
675,6212003597,8927476472,0,nan,footway,63.4,43.6188,-116.2064,0.1314,1.0,17.3891,16,2,11,,,,,,False,1.0,0.0,25.0,2.0,0.0,1.0,8.0,0.92,0.7907,"LINESTRING (-116.206036 43.618615, -116.206504 43.618861, -116.206675 43.61895)"
676,6212003625,7248449844,0,North 12th Street,tertiary,27.6,43.6182,-116.208,0.3949,1.0,10.791,22,1,8,,,,,,False,0.0,3.0,30.0,2.0,0.321,0.5,11.0,0.773,0.6065,"LINESTRING (-116.208112 43.618089, -116.207916 43.618293)"
677,6212026707,6767156808,0,nan,footway,45.5,43.6157,-116.2043,0.4891,1.0,23.8215,117,16,7,,,,,,False,1.0,0.0,25.0,2.0,0.0,1.0,1.0,0.92,0.8664,"LINESTRING (-116.203994 43.615757, -116.204551 43.615689)"
678,6212026707,7248925474,0,nan,footway,46.8,43.6156,-116.2048,0.5336,1.0,28.5005,25,4,6,,,,,,False,1.0,0.0,25.0,2.0,0.0,1.0,1.0,0.92,0.7758,"LINESTRING (-116.20512 43.615603, -116.204551 43.615689)"
679,6212026707,6647997006,0,nan,footway,59.5,43.6154,-116.2045,0.0396,0.75,19.1426,42,6,6,,,,,,False,1.0,0.0,25.0,2.0,0.0,1.0,0.0,0.92,0.6388,"LINESTRING (-116.204419 43.615162, -116.204551 43.615689)"
680,6212026708,12810673432,0,nan,pedestrian,27.3,43.615,-116.2043,1.1922,0.5,0.0,11,5,6,,,,,,False,1.0,0.0,25.0,2.0,0.0,1.0,0.0,0.92,0.9219,"LINESTRING (-116.204196 43.614877, -116.204371 43.61506, -116.204396 43.615072)"
681,6212026708,7248969229,0,nan,pedestrian,81.6,43.6153,-116.2048,0.5368,1.0,14.4636,31,5,5,,,,,,False,1.0,0.0,25.0,2.0,0.0,1.0,1.0,0.92,0.6681,"LINESTRING (-116.205212 43.615505, -116.205195 43.615496, -116.204491 43.615143, -116.204396 43.615072)"
682,6212505649,7234149213,0,nan,path,32.2,43.6101,-116.2045,0.0,1.0,0.0,4,0,2,,,,,,False,1.0,0.0,25.0,2.0,0.0,1.0,0.0,0.92,0.0,"LINESTRING (-116.204554 43.610095, -116.204515 43.610123, -116.204506 43.610113, -116.204492 43.610094, -116.20448 43.610087, -116.204463 43.610085, -116.204449 43.610094, -116.204439 43.610112, -116.204443 43.61012, -116.204456 43.610124, -116.204466 43.610125, -116.204476 43.610132, -116.204489 43.610143, -116.204505 43.610148, -116.204522 43.610154, -116.204533 43.610165, -116.204532 43.610179, -116.204521 43.610186, -116.204501 43.610191, -116.204482 43.610201, -116.204478 43.610213)"
683,6212505854,6212505861,0,nan,path,49.4,43.6088,-116.2056,0.0,0.3333,0.0,1,0,5,,,,,,False,1.0,0.0,25.0,2.0,0.0,1.0,0.0,0.92,0.322,"LINESTRING (-116.205498 43.608955, -116.205583 43.608805, -116.205625 43.608746, -116.205688 43.608704, -116.205745 43.608665, -116.205761 43.608623, -116.205761 43.60857)"
684,6214632516,7477710281,0,South 9th Street,primary,45.5,43.6123,-116.2084,0.6746,1.0,9.1127,11,2,4,0.0202,0.1793,0.238,0.1265,0.0116,True,0.0,5.0,30.0,4.0,1.0,0.5,8.0,0.727,0.5915,"LINESTRING (-116.20827 43.612464, -116.208332 43.612399, -116.208592 43.612128)"
685,6214632537,12483966355,0,West Cunningham Place,residential,27.6,43.6219,-116.1969,0.0,1.0,0.0,3,1,2,,,,,,False,0.0,2.0,25.0,2.0,0.179,0.5,0.0,0.881,0.0,"LINESTRING (-116.196718 43.621853, -116.196997 43.621997)"
686,6214632537,8223343193,0,West Cunningham Place,residential,43.9,43.6221,-116.1972,0.0,1.0,5.1085,10,10,2,,,,,,False,0.0,2.0,25.0,2.0,0.179,0.5,6.0,0.881,0.3654,"LINESTRING (-116.197492 43.622094, -116.197308 43.622116, -116.197215 43.622106, -116.197134 43.622068, -116.196997 43.621997)"
687,6219095384,6797586655,0,South Denver Avenue,residential,50.0,43.6007,-116.1948,0.057,1.0,3.6733,3,0,4,0.0038,0.3896,0.2534,0.1139,0.0034,True,0.0,2.0,25.0,2.0,0.179,0.5,2.0,0.881,0.1861,"LINESTRING (-116.194845 43.600895, -116.194848 43.600446)"
688,6219095607,6219095615,0,Friendship Lane,residential,58.0,43.6053,-116.2044,0.0,0.25,9.8666,7,0,0,0.0007,0.2323,0.1098,0.0702,0.013,True,0.0,2.0,15.0,1.0,0.054,0.5,2.0,0.977,0.2362,"LINESTRING (-116.204144 43.605147, -116.204214 43.605207, -116.204306 43.60526, -116.204483 43.60535, -116.204592 43.605399, -116.204629 43.605419, -116.204705 43.60547)"
689,6219095607,6708844870,0,Friendship Lane,residential,61.1,43.6056,-116.205,0.0,0.25,9.8666,6,0,0,0.0798,0.1366,0.004,0.0966,0.0033,True,0.0,2.0,15.0,1.0,0.054,0.5,1.0,0.977,0.2456,"LINESTRING (-116.205299 43.605811, -116.205273 43.605796, -116.205195 43.605758, -116.205099 43.605711, -116.204914 43.605602, -116.204705 43.60547)"
690,6219095620,11552944623,0,Friendship Lane,residential,133.6,43.6048,-116.1968,0.0,0.375,17.7277,3,0,1,,,,,,False,0.0,2.0,15.0,2.0,0.107,0.5,1.0,0.974,0.3544,"LINESTRING (-116.197576 43.605059, -116.197442 43.605041, -116.197239 43.60499, -116.196092 43.604534)"
691,6219382686,6219382689,0,nan,footway,33.8,43.6144,-116.2114,0.1666,1.0,6.3693,5,0,2,,,,,,False,1.0,0.0,25.0,2.0,0.0,1.0,2.0,0.92,0.1417,"LINESTRING (-116.211362 43.614281, -116.211345 43.614307, -116.211341 43.61434, -116.211615 43.61448)"
692,6219382689,6219382690,0,nan,footway,33.1,43.6144,-116.2115,0.9211,1.0,6.257,5,0,2,,,,,,False,1.0,0.0,25.0,2.0,0.0,1.0,4.0,0.92,0.4342,"LINESTRING (-116.211699 43.614452, -116.211362 43.614281)"
693,6219382691,6219382692,0,nan,footway,45.6,43.6146,-116.2122,0.7918,0.6667,6.405,6,0,2,,,,,,False,1.0,0.0,25.0,2.0,0.0,1.0,5.0,0.92,0.4842,"LINESTRING (-116.212296 43.614786, -116.212056 43.614415)"
694,6219382692,6219382702,0,nan,footway,48.2,43.6148,-116.212,0.0908,1.0,6.3183,2,0,2,,,,,,False,1.0,0.0,25.0,2.0,0.0,1.0,2.0,0.92,0.1601,"LINESTRING (-116.211743 43.614823, -116.211845 43.614786, -116.211865 43.614821, -116.212296 43.614786)"
695,6219382701,6219382702,0,nan,footway,48.9,43.6148,-116.2115,0.0019,1.0,6.1447,12,0,2,,,,,,False,1.0,0.0,25.0,2.0,0.0,1.0,2.0,0.92,0.02,"LINESTRING (-116.211743 43.614823, -116.211562 43.614889, -116.21152 43.614829, -116.211495 43.614784, -116.211465 43.614756, -116.211451 43.614718, -116.211406 43.614655, -116.211444 43.614639)"
696,6219382702,6219382710,0,nan,footway,36.2,43.6147,-116.2118,0.0155,1.0,6.2315,6,0,2,,,,,,False,1.0,0.0,25.0,2.0,0.0,1.0,2.0,0.92,0.07,"LINESTRING (-116.211609 43.614619, -116.211678 43.614603, -116.211716 43.614604, -116.211755 43.614612, -116.211767 43.61465, -116.211761 43.614694, -116.211772 43.614731, -116.211761 43.614779, -116.211743 43.614823)"
697,6219382714,6258540644,0,nan,footway,73.0,43.614,-116.2111,0.498,1.0,5.0,8,0,3,,,,,,False,1.0,0.0,25.0,2.0,0.0,1.0,10.0,0.92,0.2741,"LINESTRING (-116.210699 43.613779, -116.211398 43.614135, -116.211442 43.614155)"
698,6219382714,6219382715,0,nan,footway,25.1,43.6142,-116.2116,0.3009,1.0,4.5924,5,0,2,,,,,,False,1.0,0.0,25.0,2.0,0.0,1.0,4.0,0.92,0.1651,"LINESTRING (-116.2117 43.614282, -116.211471 43.61417, -116.211442 43.614155)"
699,6228253311,8225216537,0,nan,footway,104.0,43.6197,-116.1937,0.0,0.8333,8.5162,2,1,3,,,,,,False,1.0,0.0,25.0,2.0,0.0,1.0,4.0,0.92,0.3615,"LINESTRING (-116.193805 43.620009, -116.193807 43.619978, -116.193764 43.619977, -116.193712 43.619963, -116.193665 43.619926, -116.193622 43.619862, -116.193649 43.619707, -116.193727 43.619681, -116.193724 43.619662, -116.193574 43.619397, -116.193537 43.619363, -116.193527 43.619316, -116.193662 43.619322)"
700,6228253552,13455494760,0,West Shoreline Drive,tertiary,27.3,43.6148,-116.219,0.0427,0.0,0.0,4,1,0,0.0189,0.2981,0.2551,0.0104,0.0142,True,0.0,3.0,20.0,2.0,0.214,0.5,6.0,0.943,0.2186,"LINESTRING (-116.2189 43.614669, -116.218904 43.614676, -116.218994 43.614824, -116.219027 43.614897)"
701,6228540297,6228540300,0,West Crescent Rim Drive,residential,75.5,43.6046,-116.2188,0.0013,0.2,9.5435,1,0,0,0.0316,0.4055,0.2496,0.0206,0.0035,True,0.0,2.0,25.0,2.0,0.179,0.5,3.0,0.881,0.3472,"LINESTRING (-116.21841 43.60445, -116.218695 43.604542, -116.219013 43.604679, -116.219219 43.604788)"
702,6228564943,7033943448,0,South Americana Boulevard,secondary,36.4,43.6183,-116.2155,0.0796,1.0,6.6741,11,2,3,,,,,,False,0.0,4.0,30.0,3.0,0.643,0.5,2.0,0.75,0.2773,"LINESTRING (-116.215306 43.618408, -116.215713 43.618266)"
703,6228564945,8324061598,0,South Americana Boulevard,secondary,47.6,43.6181,-116.2161,0.073,1.0,4.463,13,2,4,,,,,,False,0.0,4.0,30.0,3.0,0.643,0.5,5.0,0.75,0.2815,"LINESTRING (-116.215865 43.618213, -116.216398 43.618028)"
704,6228564966,8158878445,0,West River Street,secondary,46.9,43.6163,-116.2157,0.2132,0.6667,5.5367,6,0,1,0.0106,0.1704,0.2739,0.0499,0.0047,True,0.0,4.0,30.0,5.0,1.0,0.5,10.0,0.705,0.1923,"LINESTRING (-116.215537 43.616121, -116.215792 43.616501)"
705,6228564967,8403752156,0,West Grand Avenue,residential,46.2,43.6173,-116.2141,0.1673,1.0,2.8702,2,0,3,,,,,,False,0.0,2.0,25.0,2.0,0.179,0.5,2.0,0.881,0.1763,"LINESTRING (-116.21424 43.617505, -116.21399 43.617131)"
706,6228564967,7241809799,0,West Grand Avenue,residential,47.1,43.6169,-116.2139,0.2555,1.0,4.6182,1,0,2,,,,,,False,0.0,2.0,25.0,2.0,0.179,0.5,5.0,0.881,0.2251,"LINESTRING (-116.213736 43.61675, -116.21399 43.617131)"
707,6228564968,9289431021,0,West Grand Avenue,residential,46.1,43.6164,-116.2135,0.185,1.0,5.3502,2,0,2,,,,,,False,0.0,2.0,25.0,2.0,0.179,0.5,6.0,0.881,0.1819,"LINESTRING (-116.213617 43.616571, -116.213368 43.616197)"
708,6228564968,7483653648,0,West Grand Avenue,residential,49.8,43.616,-116.2132,0.3349,1.0,6.8608,5,0,1,0.0238,0.2666,0.1987,0.0863,0.0099,True,0.0,2.0,25.0,2.0,0.179,0.5,7.0,0.881,0.1609,"LINESTRING (-116.213099 43.615794, -116.213368 43.616197)"
709,6231737972,7248900592,0,North 10th Street,residential,39.9,43.6189,-116.2039,0.5427,1.0,0.0,76,5,10,,,,,,False,0.0,2.0,25.0,2.0,0.179,0.5,10.0,0.881,0.5874,"LINESTRING (-116.203734 43.619028, -116.204015 43.618733)"
710,6231737972,7248891771,0,North 10th Street,residential,40.9,43.6186,-116.2042,0.5611,1.0,55.0,127,5,11,,,,,,False,0.0,2.0,25.0,2.0,0.179,0.5,9.0,0.881,1.0,"LINESTRING (-116.204302 43.61843, -116.204015 43.618733)"
711,6234019542,13877593897,0,nan,footway,26.2,43.6065,-116.196,0.0,0.0,0.0,0,0,2,,,,,,False,1.0,0.0,25.0,2.0,0.0,1.0,0.0,0.92,0.32,"LINESTRING (-116.195869 43.606558, -116.19594 43.606494, -116.195975 43.606476, -116.196036 43.606457, -116.196138 43.606453)"
712,6234019546,6234019570,0,nan,footway,265.2,43.6063,-116.1977,0.0,0.0,0.0,0,0,2,,,,,,False,1.0,0.0,25.0,2.0,0.0,1.0,0.0,0.92,0.32,"LINESTRING (-116.19892 43.606791, -116.198591 43.606865, -116.198562 43.606782, -116.198512 43.606699, -116.198422 43.606601, -116.198283 43.606503, -116.198146 43.606442, -116.198014 43.60641, -116.197843 43.606391, -116.197851 43.606353, -116.197741 43.60633, -116.197571 43.606301, -116.197422 43.606283, -116.197098 43.606255, -116.196928 43.606228, -116.196764 43.606194, -116.196684 43.606174, -116.196624 43.606168, -116.196543 43.606175, -116.196459 43.606196, -116.196373 43.606221, -116.196286 43.606259, -116.196195 43.606304, -116.196158 43.606336, -116.196138 43.606356)"
713,6234019546,13877628101,0,nan,footway,60.4,43.6061,-116.1962,0.0,0.5,2.5935,0,0,2,,,,,,False,1.0,0.0,25.0,2.0,0.0,1.0,0.0,0.92,0.2908,"LINESTRING (-116.196029 43.605893, -116.196051 43.605894, -116.196108 43.605898, -116.196124 43.605902, -116.196132 43.605911, -116.196137 43.605934, -116.19615 43.605971, -116.196168 43.606004, -116.196191 43.606059, -116.196203 43.606098, -116.196206 43.606137, -116.196201 43.606172, -116.196186 43.606204, -116.196166 43.606235, -116.196132 43.606322, -116.196129 43.606348, -116.196138 43.606356)"
714,6250192529,6250192535,0,nan,path,47.7,43.6073,-116.2162,0.0,0.0,0.0,0,0,0,,,,,,False,1.0,0.0,25.0,2.0,0.0,1.0,0.0,0.92,0.2136,"LINESTRING (-116.216058 43.607474, -116.216096 43.607443, -116.216149 43.6074, -116.216187 43.607336, -116.216187 43.607263, -116.216197 43.607197, -116.216224 43.607147, -116.216288 43.607098)"
715,6250192559,6250192586,0,South Americana Boulevard,secondary,46.1,43.6174,-116.2183,0.1171,0.3333,6.1652,14,0,1,0.0212,0.1417,0.363,0.0171,0.0018,True,0.0,4.0,30.0,3.0,0.643,0.5,4.0,0.75,0.22,"LINESTRING (-116.218586 43.617291, -116.21806 43.617455)"
716,6250192559,6250192577,0,South Americana Boulevard,secondary,47.0,43.6175,-116.2178,0.0862,1.0,6.1652,8,0,1,0.0526,0.0897,0.3568,0.0686,0.0034,True,0.0,4.0,30.0,3.0,0.643,0.5,7.0,0.75,0.0257,"LINESTRING (-116.217531 43.617633, -116.217861 43.617517, -116.21806 43.617455)"
717,6250192561,6250192564,0,South 17th Street,unclassified,53.6,43.6184,-116.2187,0.2012,1.0,4.2231,17,1,3,,,,,,False,0.0,2.0,25.0,2.0,0.179,0.5,2.0,0.881,0.1966,"LINESTRING (-116.218406 43.618465, -116.21901 43.61826)"
718,6250192561,6250192589,0,South 17th Street,unclassified,60.4,43.6182,-116.2194,0.3235,0.5,1.4361,14,1,1,,,,,,False,0.0,2.0,25.0,2.0,0.179,0.5,2.0,0.881,0.2341,"LINESTRING (-116.219723 43.618125, -116.219524 43.618121, -116.219265 43.618174, -116.21901 43.61826)"
719,6250192586,9009438626,0,South Americana Boulevard,secondary,111.6,43.6171,-116.2192,0.2773,0.7143,6.1918,16,0,1,0.0491,0.1765,0.2741,0.0752,0.0066,True,0.0,4.0,30.0,3.0,0.643,0.5,7.0,0.75,0.1494,"LINESTRING (-116.219824 43.616845, -116.219284 43.61708, -116.219127 43.617132, -116.21867 43.617264, -116.218586 43.617291)"
720,6258540633,6258540634,0,nan,footway,117.2,43.6135,-116.2119,0.5263,1.0,5.6966,9,1,3,,,,,,False,1.0,0.0,25.0,2.0,0.0,1.0,8.0,0.92,0.3907,"LINESTRING (-116.211274 43.613182, -116.212469 43.613784)"
721,6258540633,6754601298,0,nan,footway,43.9,43.614,-116.2124,0.2431,0.6667,6.4176,7,1,2,,,,,,False,1.0,0.0,25.0,2.0,0.0,1.0,4.0,0.92,0.3625,"LINESTRING (-116.212282 43.614155, -116.212299 43.614133, -116.212469 43.613784)"
722,6258540634,6258540635,0,nan,footway,41.5,43.6133,-116.2111,0.9215,1.0,4.7223,5,0,3,,,,,,False,1.0,0.0,25.0,2.0,0.0,1.0,7.0,0.92,0.4627,"LINESTRING (-116.210976 43.613486, -116.211003 43.613459, -116.211274 43.613182)"
723,6258540635,6258540644,0,nan,footway,39.5,43.6136,-116.2108,1.0101,1.0,0.0,4,0,3,,,,,,False,1.0,0.0,25.0,2.0,0.0,1.0,8.0,0.92,0.3269,"LINESTRING (-116.210699 43.613779, -116.210956 43.613508, -116.210976 43.613486)"
724,6262451543,7483653652,0,nan,path,47.7,43.6157,-116.2121,0.2456,1.0,12.318,10,0,2,,,,,,False,1.0,0.0,25.0,2.0,0.0,1.0,3.0,0.92,0.1921,"LINESTRING (-116.212214 43.615909, -116.211963 43.615521)"
725,6270667623,11836038358,0,South 24th Street,residential,51.6,43.621,-116.2198,0.117,0.6667,4.7831,3,2,4,,,,,,False,0.0,2.0,25.0,2.0,0.179,0.5,4.0,0.881,0.5017,"LINESTRING (-116.219753 43.62076, -116.219751 43.621224)"
726,6270667623,10723399682,0,South 24th Street,residential,40.2,43.6214,-116.2197,0.0326,1.0,5.6379,3,2,4,,,,,,False,0.0,2.0,25.0,2.0,0.179,0.5,5.0,0.881,0.3742,"LINESTRING (-116.219749 43.621585, -116.219751 43.621224)"
727,6276883919,9262348078,0,West State Street,tertiary,28.3,43.6191,-116.2014,0.3073,1.0,5.6355,7,0,8,,,,,,False,0.0,3.0,30.0,4.0,0.643,0.5,10.0,0.727,0.4847,"LINESTRING (-116.201546 43.619192, -116.201258 43.619045)"
728,6276957360,12753799582,0,nan,footway,45.5,43.6263,-116.2086,0.2292,0.0,0.0,5,1,6,,,,,,False,1.0,0.0,25.0,2.0,0.0,1.0,12.0,0.92,0.5979,"LINESTRING (-116.208508 43.626512, -116.208512 43.626394, -116.20852 43.626366, -116.20854 43.626347, -116.208581 43.626323, -116.208639 43.626318, -116.208675 43.626324, -116.208824 43.626401)"
729,6276957371,8223170558,0,nan,footway,80.7,43.6266,-116.2077,0.169,1.0,6.2808,9,1,2,,,,,,False,1.0,0.0,25.0,2.0,0.0,1.0,15.0,0.92,0.207,"LINESTRING (-116.208168 43.626578, -116.207165 43.626576)"
730,6283694263,8223170837,0,West Alturas Street,residential,43.1,43.6293,-116.213,0.0,1.0,4.2806,0,0,0,,,,,,False,0.0,2.0,25.0,2.0,0.179,0.5,7.0,0.881,0.0612,"LINESTRING (-116.213251 43.629283, -116.212715 43.629283)"
731,6283694263,8223171119,0,West Alturas Street,residential,39.4,43.6293,-116.2125,0.0477,1.0,5.2819,0,0,0,,,,,,False,0.0,2.0,25.0,2.0,0.179,0.5,6.0,0.881,0.098,"LINESTRING (-116.212225 43.629282, -116.212715 43.629283)"
732,6298733561,7241809939,0,West River Street,secondary,46.6,43.6154,-116.215,0.4544,1.0,10.2206,11,2,1,0.0194,0.13,0.2406,0.1692,0.0138,True,0.0,4.0,30.0,5.0,1.0,0.5,6.0,0.705,0.3569,"LINESTRING (-116.21492 43.615186, -116.215169 43.615564)"
733,6298733561,7241809941,0,West River Street,secondary,47.7,43.6158,-116.2153,0.0823,1.0,7.3706,7,0,1,0.0117,0.1586,0.2628,0.0942,0.0034,True,0.0,4.0,30.0,5.0,1.0,0.5,9.0,0.705,0.0488,"LINESTRING (-116.215424 43.615951, -116.215169 43.615564)"
734,6298733735,8158878497,0,West Spa Street,unclassified,31.8,43.6168,-116.2171,0.0,0.0,0.0,4,0,0,,,,,,False,0.0,2.0,25.0,2.0,0.179,0.5,5.0,0.881,0.1005,"LINESTRING (-116.217007 43.616921, -116.217018 43.616895, -116.217047 43.616826, -116.2171 43.616681, -116.217103 43.616644)"
735,6298733737,8158878453,0,West River Street,secondary,46.9,43.6167,-116.2159,0.2627,1.0,7.5495,5,0,0,0.0137,0.2092,0.2462,0.0344,0.0042,True,0.0,4.0,30.0,5.0,1.0,0.5,6.0,0.705,0.0883,"LINESTRING (-116.216055 43.616894, -116.215801 43.616515)"
736,6298733812,6943964670,0,South 9th Street,primary,52.4,43.6081,-116.2098,0.4264,0.0,0.0,0,0,6,0.025,0.2482,0.2683,0.0034,0.0039,True,0.0,5.0,35.0,4.0,1.0,0.5,6.0,0.55,0.6992,"LINESTRING (-116.209774 43.608312, -116.209903 43.60785)"
737,6298733812,7048222724,0,South 9th Street,primary,89.2,43.6075,-116.21,0.2602,0.0,0.0,3,1,5,0.0128,0.134,0.303,0.0434,0.0111,True,0.0,5.0,35.0,4.0,1.0,0.5,5.0,0.55,0.5852,"LINESTRING (-116.210206 43.60708, -116.210045 43.607396, -116.209964 43.607631, -116.209903 43.60785)"
738,6298733815,8816237571,0,West Island Avenue,residential,78.5,43.6073,-116.2111,0.0084,1.0,0.0,3,1,4,,,,,,False,0.0,2.0,25.0,2.0,0.179,0.5,3.0,0.881,0.1068,"LINESTRING (-116.21063 43.607128, -116.21154 43.60738)"
739,6298733816,7234143981,0,South Lusk Street,residential,27.8,43.6082,-116.2119,0.0,1.0,6.9662,9,3,5,,,,,,False,0.0,2.0,25.0,2.0,0.179,0.5,2.0,0.881,0.4116,"LINESTRING (-116.211816 43.608358, -116.211934 43.608123)"
740,6300125223,8223342507,0,West Alturas Street,residential,41.4,43.6293,-116.2154,0.1082,1.0,3.8385,0,0,2,,,,,,False,0.0,2.0,25.0,2.0,0.179,0.5,6.0,0.881,0.2006,"LINESTRING (-116.21564 43.629286, -116.215126 43.629285)"
741,6300125223,8223284899,0,West Alturas Street,residential,42.2,43.6293,-116.2149,0.0576,1.0,4.5117,0,0,2,,,,,,False,0.0,2.0,25.0,2.0,0.179,0.5,6.0,0.881,0.1946,"LINESTRING (-116.214602 43.629285, -116.215126 43.629285)"
742,6300125224,8223285334,0,West Alturas Street,residential,40.4,43.6293,-116.2166,0.0033,1.0,4.8916,0,0,2,,,,,,False,0.0,2.0,25.0,2.0,0.179,0.5,8.0,0.881,0.1804,"LINESTRING (-116.216823 43.629287, -116.216322 43.629286)"
743,6300125224,8223170657,0,West Alturas Street,residential,40.2,43.6293,-116.2161,0.0218,1.0,5.2281,0,0,2,,,,,,False,0.0,2.0,25.0,2.0,0.179,0.5,6.0,0.881,0.1935,"LINESTRING (-116.215823 43.629286, -116.216322 43.629286)"
744,6300125229,8223171330,0,West Resseguie Street,residential,37.4,43.6266,-116.1956,0.0477,1.0,6.9163,0,0,0,,,,,,False,0.0,2.0,20.0,2.0,0.143,0.5,7.0,0.943,0.1223,"LINESTRING (-116.195318 43.626645, -116.195783 43.626646)"
745,6300125229,8223328297,0,West Resseguie Street,residential,38.7,43.6266,-116.196,0.0178,1.0,5.7468,0,0,0,,,,,,False,0.0,2.0,20.0,2.0,0.143,0.5,7.0,0.943,0.0938,"LINESTRING (-116.196265 43.626646, -116.196247 43.626646, -116.195783 43.626646)"
746,6300125233,8223343179,0,West Resseguie Street,residential,40.1,43.6266,-116.1972,0.0121,1.0,3.1917,4,0,0,,,,,,False,0.0,2.0,20.0,2.0,0.143,0.5,7.0,0.943,0.0,"LINESTRING (-116.197468 43.626646, -116.197438 43.626646, -116.19697 43.626646)"
747,6300125233,8223342419,0,West Resseguie Street,residential,38.9,43.6266,-116.1967,0.044,1.0,2.9468,1,0,0,,,,,,False,0.0,2.0,20.0,2.0,0.143,0.5,6.0,0.943,0.0,"LINESTRING (-116.196486 43.626646, -116.196503 43.626646, -116.19697 43.626646)"
748,6317290279,6317291090,0,nan,footway,26.8,43.6032,-116.1883,0.4207,1.0,9.6056,31,0,0,0.157,0.0998,0.036,0.277,0.0134,True,1.0,0.0,25.0,2.0,0.0,1.0,7.0,0.92,0.055,"LINESTRING (-116.188269 43.603365, -116.188301 43.603286, -116.188315 43.60324, -116.188356 43.603204, -116.188399 43.603182, -116.188436 43.603182)"
749,6317290280,11639982682,0,nan,footway,43.0,43.6033,-116.1887,0.1947,1.0,9.6056,18,0,0,0.2056,0.0652,0.08,0.2659,0.0039,True,1.0,0.0,25.0,2.0,0.0,1.0,8.0,0.92,0.0035,"LINESTRING (-116.188448 43.603182, -116.188471 43.603182, -116.188538 43.60319, -116.188911 43.603365)"
750,6317291085,6317291087,0,nan,footway,29.3,43.6033,-116.1886,0.0971,1.0,9.6056,18,0,0,,,,,,False,1.0,0.0,25.0,2.0,0.0,1.0,6.0,0.92,0.0,"LINESTRING (-116.188799 43.603397, -116.188767 43.603369, -116.188485 43.60327)"
751,6317291091,6317291097,0,nan,footway,33.8,43.6035,-116.1883,0.25,1.0,9.6056,31,0,0,0.113,0.1756,0.0905,0.1682,0.001,True,1.0,0.0,25.0,2.0,0.0,1.0,3.0,0.92,0.0,"LINESTRING (-116.188219 43.603563, -116.188276 43.603548, -116.188254 43.603502, -116.188311 43.603483, -116.188289 43.60344, -116.188347 43.603422, -116.18831 43.603353)"
752,6317291100,6317291111,0,nan,footway,27.2,43.6037,-116.1881,0.0698,1.0,9.6056,31,0,0,0.2124,0.1693,0.01,0.2513,0.0041,True,1.0,0.0,25.0,2.0,0.0,1.0,1.0,0.92,0.0,"LINESTRING (-116.187967 43.603815, -116.188039 43.60373, -116.188135 43.603603)"
753,6317291102,6317291110,0,nan,footway,42.3,43.6037,-116.1881,0.0407,1.0,9.6056,31,0,0,0.0122,0.1021,0.2831,0.0736,0.0035,True,1.0,0.0,25.0,2.0,0.0,1.0,1.0,0.92,0.0,"LINESTRING (-116.18798 43.603852, -116.18804 43.603844, -116.188033 43.603801, -116.188092 43.60379, -116.18808 43.603746, -116.188141 43.603734, -116.188129 43.603688, -116.18819 43.603678, -116.188172 43.603614)"
754,6319470030,6975988187,0,South 11th Street,tertiary,26.0,43.6126,-116.2116,0.1916,1.0,0.0,7,0,3,0.0482,0.1047,0.2458,0.222,0.009,True,0.0,3.0,30.0,2.0,0.321,0.5,6.0,0.773,0.0,"LINESTRING (-116.211728 43.612505, -116.211544 43.612697)"
755,6331219652,7056068229,0,South 23rd Street,unclassified,39.2,43.62,-116.2182,0.0223,0.6667,5.8773,1,0,4,,,,,,False,0.0,2.0,25.0,2.0,0.179,0.5,2.0,0.881,0.3709,"LINESTRING (-116.218075 43.619836, -116.218274 43.620006, -116.218347 43.620109, -116.218351 43.620123)"
756,6331220025,6331220031,0,West Fairview Avenue,secondary,28.6,43.6206,-116.2188,0.2278,1.0,0.0,2,0,5,,,,,,False,0.0,4.0,35.0,3.0,0.75,0.5,5.0,0.587,0.1643,"LINESTRING (-116.21862 43.620635, -116.218975 43.620642)"
757,6334697446,7259690342,0,West Fulton Street,unclassified,46.8,43.6116,-116.2068,0.8812,1.0,7.6951,19,5,4,,,,,,False,0.0,2.0,25.0,2.0,0.179,0.5,6.0,0.881,0.7217,"LINESTRING (-116.207072 43.611762, -116.207039 43.611745, -116.206596 43.61152)"
758,6334697447,7259690348,0,West River Street,secondary,46.6,43.6109,-116.2076,0.5639,1.0,7.7199,11,1,5,0.0514,0.0342,0.202,0.298,0.0044,True,0.0,4.0,30.0,3.0,0.643,0.5,12.0,0.75,0.5267,"LINESTRING (-116.2078 43.610989, -116.207324 43.61075)"
759,6342055527,7400067318,0,North 9th Street,secondary,41.4,43.6198,-116.2012,0.2563,1.0,10.004,3,0,9,,,,,,False,0.0,4.0,25.0,2.0,0.357,0.5,8.0,0.881,0.6199,"LINESTRING (-116.20107 43.619965, -116.201362 43.619659)"
760,6342055537,7248891768,0,North 10th Street,residential,40.6,43.6181,-116.2046,0.6035,1.0,0.0,80,5,12,,,,,,False,0.0,2.0,25.0,2.0,0.179,0.5,9.0,0.881,0.7141,"LINESTRING (-116.204459 43.618265, -116.204745 43.617964)"
761,6342055537,7248891764,0,North 10th Street,residential,40.9,43.6178,-116.2049,0.6972,1.0,22.7174,38,4,12,,,,,,False,0.0,2.0,25.0,2.0,0.179,0.5,8.0,0.881,1.0,"LINESTRING (-116.205033 43.617661, -116.204745 43.617964)"
762,6342055539,7248925407,0,North 8th Street,pedestrian,40.2,43.6169,-116.2023,0.7546,1.0,0.0,115,37,8,,,,,,False,1.0,0.0,25.0,2.0,0.0,1.0,8.0,0.92,0.8049,"LINESTRING (-116.202113 43.617071, -116.202392 43.616771)"
763,6342055539,7248925404,0,North 8th Street,pedestrian,42.0,43.6166,-116.2025,0.9979,1.0,0.0,109,40,9,0.0674,0.1073,0.1543,0.3192,0.0101,True,1.0,0.0,25.0,2.0,0.0,1.0,8.0,0.92,0.9678,"LINESTRING (-116.202683 43.616458, -116.202392 43.616771)"
764,6364038153,7967942245,0,nan,footway,44.6,43.6023,-116.1996,0.0,1.0,0.0,1,0,0,,,,,,False,1.0,0.0,25.0,2.0,0.0,1.0,1.0,0.92,0.0,"LINESTRING (-116.199358 43.602397, -116.199472 43.602376, -116.199614 43.602331, -116.199724 43.602295, -116.19986 43.602233)"
765,6364039731,8271477521,0,West Chalet Lane,unclassified,28.8,43.6047,-116.2104,0.0,1.0,7.4524,1,0,3,,,,,,False,0.0,2.0,25.0,2.0,0.179,0.5,5.0,0.881,0.2216,"LINESTRING (-116.210538 43.604749, -116.210202 43.604661)"
766,6364039767,7512659966,0,West Chalet Lane,unclassified,31.1,43.6049,-116.2112,0.0878,1.0,6.1761,1,1,3,,,,,,False,0.0,2.0,25.0,2.0,0.179,0.5,6.0,0.881,0.34,"LINESTRING (-116.211336 43.60496, -116.210974 43.604864)"
767,6364039767,8271477521,0,West Chalet Lane,unclassified,37.4,43.6048,-116.2108,0.0,1.0,7.2543,0,0,3,,,,,,False,0.0,2.0,25.0,2.0,0.179,0.5,6.0,0.881,0.2677,"LINESTRING (-116.210538 43.604749, -116.210974 43.604864)"
768,6365444728,6742374702,0,nan,path,39.3,43.6046,-116.2064,0.0,1.0,14.4156,6,1,1,,,,,,False,1.0,0.0,25.0,2.0,0.0,1.0,0.0,0.92,0.1916,"LINESTRING (-116.206204 43.604556, -116.206646 43.604707)"
769,6365444756,11548512961,0,West Ann Morrison Park Drive,tertiary,87.3,43.606,-116.2124,0.0563,1.0,11.5009,11,6,4,0.0778,0.1618,0.3362,0.0354,0.0033,True,0.0,3.0,30.0,4.0,0.643,0.5,11.0,0.727,0.4967,"LINESTRING (-116.212903 43.606206, -116.212655 43.606134, -116.212421 43.606027, -116.212397 43.606016, -116.212166 43.605883, -116.212104 43.605852, -116.211989 43.605793)"
770,6365444777,7494957055,0,South Lusk Street,residential,27.1,43.6064,-116.2128,0.2785,1.0,12.6677,4,2,4,0.0279,0.1977,0.3223,0.0148,0.0052,True,0.0,2.0,25.0,2.0,0.179,0.5,6.0,0.881,0.5302,"LINESTRING (-116.212845 43.606319, -116.212729 43.606548)"
771,6367833674,7234149287,0,North Robbins Road,unclassified,33.1,43.6168,-116.1915,0.4141,0.0,0.0,4,0,4,,,,,,False,0.0,2.0,25.0,3.0,0.268,0.5,4.0,0.869,0.4749,"LINESTRING (-116.191684 43.616707, -116.1913 43.616814)"
772,6367833675,6910742067,0,East Garrison Road,unclassified,27.4,43.6154,-116.1908,0.0,1.0,0.0,13,0,4,,,,,,False,0.0,2.0,25.0,2.0,0.179,0.5,3.0,0.881,0.0,"LINESTRING (-116.190932 43.615381, -116.190616 43.615473)"
773,6391703026,7248969228,0,nan,footway,79.8,43.614,-116.2045,0.56,1.0,60.0,60,20,5,0.1168,0.2876,0.0,0.4298,0.0074,True,1.0,0.0,25.0,2.0,0.0,1.0,5.0,0.92,0.9592,"LINESTRING (-116.204861 43.614182, -116.204825 43.614144, -116.204066 43.613758)"
774,6391703229,8235235596,0,East Bannock Street,living_street,41.6,43.6125,-116.1929,0.0,1.0,18.6306,351,1,6,,,,,,False,0.0,1.0,15.0,1.0,0.027,0.5,3.0,0.977,0.208,"LINESTRING (-116.19273 43.61244, -116.193151 43.612658)"
775,6391703359,8223343035,0,North 9th Street,residential,62.2,43.6236,-116.1988,0.0295,1.0,7.2054,0,0,4,,,,,,False,0.0,2.0,25.0,2.0,0.179,0.5,8.0,0.881,0.3319,"LINESTRING (-116.198749 43.62389, -116.198753 43.623331)"
776,6404887114,6404887121,0,nan,footway,63.0,43.6047,-116.2001,0.0,1.0,8.2571,4,0,0,,,,,,False,1.0,0.0,25.0,2.0,0.0,1.0,0.0,0.92,0.0071,"LINESTRING (-116.200478 43.604632, -116.199702 43.604704)"
777,6404887119,6404887130,0,nan,footway,51.8,43.6041,-116.2012,0.0,1.0,8.2571,5,1,0,,,,,,False,1.0,0.0,25.0,2.0,0.0,1.0,0.0,0.92,0.0957,"LINESTRING (-116.201037 43.604353, -116.201321 43.603935)"
778,6404887120,6404887121,0,nan,footway,29.1,43.6048,-116.2005,0.0,1.0,8.2571,4,0,0,,,,,,False,1.0,0.0,25.0,2.0,0.0,1.0,0.0,0.92,0.0071,"LINESTRING (-116.200478 43.604632, -116.200491 43.604705, -116.200507 43.604799, -116.200525 43.604891)"
779,6404887121,6404887130,0,nan,footway,58.1,43.6046,-116.2008,0.0,1.0,8.2571,6,1,0,,,,,,False,1.0,0.0,25.0,2.0,0.0,1.0,0.0,0.92,0.0849,"LINESTRING (-116.201037 43.604353, -116.200962 43.604463, -116.200855 43.604537, -116.200744 43.604583, -116.200619 43.604618, -116.200478 43.604632)"
780,6404887123,6404887130,0,nan,footway,51.4,43.6043,-116.2008,0.0,1.0,7.8574,7,1,0,,,,,,False,1.0,0.0,25.0,2.0,0.0,1.0,0.0,0.92,0.0708,"LINESTRING (-116.201037 43.604353, -116.200945 43.604333, -116.200864 43.604325, -116.2008 43.604282, -116.200727 43.604255, -116.200623 43.604238, -116.200541 43.604201, -116.20048 43.604155)"
781,6468127462,6468127466,0,nan,footway,26.1,43.6024,-116.2143,0.0229,0.0,0.0,2,0,3,,,,,,False,1.0,0.0,25.0,2.0,0.0,1.0,2.0,0.92,0.3051,"LINESTRING (-116.214391 43.602468, -116.21432 43.602417, -116.214259 43.602374, -116.214209 43.602331, -116.214171 43.602296)"
782,6647997006,6767156808,0,nan,footway,88.9,43.6154,-116.2041,0.3004,1.0,14.4636,123,18,6,0.0001,0.1371,0.3855,0.4622,0.0,True,1.0,0.0,25.0,2.0,0.0,1.0,1.0,0.92,0.7027,"LINESTRING (-116.203994 43.615757, -116.203954 43.615528, -116.204134 43.615332, -116.20417 43.61535, -116.204189 43.615328, -116.204218 43.615342, -116.204259 43.615297, -116.204284 43.61531, -116.204419 43.615162)"
783,6708844870,6883887182,0,Friendship Lane,residential,101.2,43.6061,-116.2057,0.0,0.8333,13.0921,5,1,1,0.0038,0.3919,0.002,0.1282,0.0262,True,0.0,2.0,15.0,1.0,0.054,0.5,2.0,0.977,0.2475,"LINESTRING (-116.206196 43.606447, -116.205511 43.605984, -116.205299 43.605811)"
784,6708844870,6743332807,0,nan,footway,67.0,43.6056,-116.2056,0.0,0.75,13.0921,11,1,1,,,,,,False,1.0,0.0,25.0,2.0,0.0,1.0,0.0,0.92,0.2261,"LINESTRING (-116.205854 43.605362, -116.205679 43.605507, -116.205656 43.605527, -116.20557 43.605592, -116.205387 43.605736, -116.205299 43.605811)"
785,6708844875,6743332807,0,nan,footway,27.5,43.6053,-116.206,0.0,1.0,13.0921,9,0,1,,,,,,False,1.0,0.0,25.0,2.0,0.0,1.0,0.0,0.92,0.0557,"LINESTRING (-116.205854 43.605362, -116.206078 43.605175)"
786,6708844875,6742374694,0,nan,footway,28.9,43.6053,-116.2062,0.0,1.0,13.0921,6,0,1,,,,,,False,1.0,0.0,25.0,2.0,0.0,1.0,0.0,0.92,0.0808,"LINESTRING (-116.206335 43.605357, -116.206306 43.605338, -116.206078 43.605175)"
787,6737802408,8981685541,0,North Capitol Boulevard,tertiary,33.6,43.6173,-116.2006,0.2923,0.0,0.0,4,1,8,,,,,,False,0.0,3.0,15.0,1.0,0.08,0.5,3.0,0.977,0.7418,"LINESTRING (-116.20057 43.617131, -116.200587 43.617295, -116.200565 43.617379, -116.200541 43.617428)"
788,6741516126,6741516137,0,nan,path,42.4,43.6041,-116.2088,0.0,1.0,9.2675,3,0,3,0.0256,0.1236,0.006,0.048,0.0207,True,1.0,0.0,25.0,2.0,0.0,1.0,1.0,0.92,0.1933,"LINESTRING (-116.208533 43.603984, -116.209024 43.60412)"
789,6741516126,6742310720,0,nan,path,36.4,43.6043,-116.2089,0.0045,1.0,11.0891,2,1,3,,,,,,False,1.0,0.0,25.0,2.0,0.0,1.0,1.0,0.92,0.3338,"LINESTRING (-116.208867 43.604428, -116.209024 43.60412)"
790,6741516126,7512683904,0,nan,path,27.8,43.6042,-116.2092,0.0,1.0,11.0891,2,1,3,0.015,0.0505,0.0059,0.0447,0.0042,True,1.0,0.0,25.0,2.0,0.0,1.0,3.0,0.92,0.3321,"LINESTRING (-116.209346 43.60421, -116.209325 43.604204, -116.209024 43.60412)"
791,6741516130,6741516136,0,nan,path,29.8,43.6038,-116.2091,0.0,1.0,9.1756,1,0,2,,,,,,False,1.0,0.0,25.0,2.0,0.0,1.0,0.0,0.92,0.1878,"LINESTRING (-116.209015 43.603697, -116.209031 43.60377, -116.209043 43.603812, -116.209064 43.603843, -116.20909 43.603881, -116.209102 43.603912, -116.209105 43.603954)"
792,6741516130,7512683908,0,nan,path,35.1,43.6039,-116.2093,0.0,1.0,9.2349,2,0,3,,,,,,False,1.0,0.0,25.0,2.0,0.0,1.0,0.0,0.92,0.2132,"LINESTRING (-116.209522 43.603871, -116.209481 43.603872, -116.209419 43.603878, -116.209365 43.603886, -116.209318 43.6039, -116.209224 43.603928, -116.209171 43.603943, -116.209105 43.603954)"
793,6741516130,6741516140,0,nan,path,35.5,43.604,-116.2089,0.0,1.0,9.1163,2,0,3,,,,,,False,1.0,0.0,25.0,2.0,0.0,1.0,0.0,0.92,0.2119,"LINESTRING (-116.208673 43.603937, -116.208732 43.603938, -116.208816 43.603954, -116.208878 43.603969, -116.20894 43.603972, -116.209105 43.603954)"
794,6741516136,6741516167,0,nan,path,57.0,43.6037,-116.2093,0.0,1.0,9.0703,1,0,2,,,,,,False,1.0,0.0,25.0,2.0,0.0,1.0,0.0,0.92,0.1867,"LINESTRING (-116.209496 43.60344, -116.209412 43.603612, -116.209396 43.603629, -116.209368 43.603644, -116.20934 43.603654, -116.209307 43.603658, -116.209281 43.603657, -116.209225 43.603649, -116.209175 43.603639, -116.209139 43.603634, -116.20911 43.603639, -116.209084 43.603648, -116.209062 43.60366, -116.209038 43.603675, -116.209015 43.603697)"
795,6741516136,6741535486,0,nan,path,32.6,43.6037,-116.2088,0.0,1.0,9.1163,2,0,2,,,,,,False,1.0,0.0,25.0,2.0,0.0,1.0,0.0,0.92,0.1587,"LINESTRING (-116.208616 43.603689, -116.208689 43.603682, -116.208827 43.603674, -116.208888 43.603675, -116.208928 43.603678, -116.20897 43.603686, -116.209015 43.603697)"
796,6741516137,6742310714,0,nan,path,26.2,43.6039,-116.2084,0.0,1.0,8.7365,3,0,3,0.004,0.1448,0.0086,0.0759,0.0007,True,1.0,0.0,25.0,2.0,0.0,1.0,3.0,0.92,0.1877,"LINESTRING (-116.208229 43.6039, -116.208533 43.603984)"
797,6741516167,6741535495,0,nan,path,74.3,43.6033,-116.2091,0.0,1.0,8.965,1,0,2,,,,,,False,1.0,0.0,25.0,2.0,0.0,1.0,0.0,0.92,0.1856,"LINESTRING (-116.208669 43.603344, -116.208712 43.603305, -116.208821 43.603283, -116.208899 43.603273, -116.208981 43.603275, -116.209077 43.603283, -116.209141 43.603299, -116.209244 43.603344, -116.20943 43.603402, -116.209438 43.603422, -116.209496 43.60344)"
798,6741516174,6741516180,0,nan,path,32.0,43.6035,-116.2088,0.0,1.0,8.965,1,0,2,,,,,,False,1.0,0.0,25.0,2.0,0.0,1.0,0.0,0.92,0.1856,"LINESTRING (-116.208665 43.603427, -116.20868 43.603456, -116.208718 43.603482, -116.208761 43.603488, -116.20889 43.603513, -116.20901 43.603539)"
799,6741516180,6741535486,0,nan,path,29.4,43.6036,-116.2086,0.0,1.0,9.0406,2,0,2,,,,,,False,1.0,0.0,25.0,2.0,0.0,1.0,0.0,0.92,0.1579,"LINESTRING (-116.208616 43.603689, -116.208625 43.603659, -116.208637 43.603576, -116.208665 43.603427)"
800,6741535486,6741535489,0,nan,path,31.5,43.6037,-116.2084,0.0,1.0,9.5707,2,0,2,,,,,,False,1.0,0.0,25.0,2.0,0.0,1.0,3.0,0.92,0.1633,"LINESTRING (-116.20823 43.603733, -116.208488 43.603699, -116.208544 43.603694, -116.208616 43.603689)"
801,6741535495,6793757581,0,nan,path,45.1,43.6032,-116.2085,0.0,1.0,10.0251,1,0,2,,,,,,False,1.0,0.0,25.0,2.0,0.0,1.0,1.0,0.92,0.1962,"LINESTRING (-116.208182 43.603276, -116.208231 43.603276, -116.208258 43.60327, -116.20831 43.603263, -116.208533 43.603238, -116.208599 43.603269, -116.208669 43.603344)"
802,6741535502,7512684030,0,nan,path,40.6,43.6036,-116.21,0.0,0.6667,8.6192,0,0,2,,,,,,False,1.0,0.0,25.0,2.0,0.0,1.0,0.0,0.92,0.3396,"LINESTRING (-116.210261 43.60364, -116.210247 43.60363, -116.21013 43.603585, -116.210038 43.603564, -116.20997 43.60357, -116.209928 43.603575, -116.209783 43.603572)"
803,6742310714,6742310721,0,nan,path,36.6,43.6041,-116.2081,0.0158,1.0,8.6099,5,0,3,,,,,,False,1.0,0.0,25.0,2.0,0.0,1.0,5.0,0.92,0.164,"LINESTRING (-116.208069 43.604208, -116.208155 43.604037, -116.208176 43.603996, -116.208229 43.6039)"
804,6742310720,6793800300,0,nan,path,25.6,43.6045,-116.2088,0.1018,1.0,11.0835,2,1,3,0.0426,0.1726,0.087,0.129,0.0188,True,1.0,0.0,25.0,2.0,0.0,1.0,0.0,0.92,0.3717,"LINESTRING (-116.208759 43.604645, -116.208867 43.604428)"
805,6742310720,6795964757,0,nan,path,42.9,43.6044,-116.2086,0.0,1.0,11.0835,3,1,3,,,,,,False,1.0,0.0,25.0,2.0,0.0,1.0,1.0,0.92,0.3118,"LINESTRING (-116.208369 43.604291, -116.208867 43.604428)"
806,6742310721,6795964757,0,nan,path,25.9,43.6042,-116.2082,0.0299,1.0,11.0835,2,0,3,,,,,,False,1.0,0.0,25.0,2.0,0.0,1.0,5.0,0.92,0.2422,"LINESTRING (-116.208369 43.604291, -116.208069 43.604208)"
807,6742310721,6791772257,0,nan,path,28.4,43.6043,-116.208,0.4924,1.0,8.3567,2,0,3,0.0275,0.218,0.1988,0.058,0.0146,True,1.0,0.0,25.0,2.0,0.0,1.0,5.0,0.92,0.3957,"LINESTRING (-116.207948 43.604447, -116.207959 43.604424, -116.208069 43.604208)"
808,6742330784,6770771970,0,nan,path,26.4,43.605,-116.206,0.0,1.0,17.2985,8,0,1,,,,,,False,1.0,0.0,25.0,2.0,0.0,1.0,0.0,0.92,0.0905,"LINESTRING (-116.206177 43.605087, -116.205883 43.604983)"
809,6742374685,6759581423,0,nan,path,34.5,43.6052,-116.2067,0.0,1.0,0.0,6,0,2,,,,,,False,1.0,0.0,25.0,2.0,0.0,1.0,1.0,0.92,0.0,"LINESTRING (-116.206832 43.605183, -116.206828 43.605154, -116.206495 43.605167, -116.206446 43.605184)"
810,6742374694,6742374697,0,nan,path,41.2,43.6055,-116.2062,0.0,1.0,13.0921,8,1,1,,,,,,False,1.0,0.0,25.0,2.0,0.0,1.0,0.0,0.92,0.1645,"LINESTRING (-116.206299 43.605662, -116.206179 43.605584, -116.206335 43.605357)"
811,6742374696,6742374697,0,nan,path,26.7,43.6056,-116.2064,0.0,1.0,8.3847,8,1,1,,,,,,False,1.0,0.0,25.0,2.0,0.0,1.0,0.0,0.92,0.1219,"LINESTRING (-116.206299 43.605662, -116.206523 43.605484)"
812,6742374696,6742374701,0,nan,footway,31.1,43.6056,-116.2067,0.0,1.0,3.1769,5,1,2,,,,,,False,1.0,0.0,25.0,2.0,0.0,1.0,4.0,0.92,0.1186,"LINESTRING (-116.2068 43.605679, -116.206783 43.605668, -116.206523 43.605484)"
813,6742374700,6791772311,0,nan,path,36.9,43.6059,-116.2066,0.0,1.0,13.0921,4,1,2,0.0543,0.4177,0.0407,0.1986,0.0138,True,1.0,0.0,25.0,2.0,0.0,1.0,5.0,0.92,0.2591,"LINESTRING (-116.206813 43.60601, -116.206479 43.605782)"
814,6742374700,6742374701,0,nan,path,28.3,43.6057,-116.2066,0.0,1.0,3.1769,4,1,2,,,,,,False,1.0,0.0,25.0,2.0,0.0,1.0,5.0,0.92,0.1314,"LINESTRING (-116.2068 43.605679, -116.206479 43.605782)"
815,6742374701,6791772310,0,nan,path,31.3,43.6056,-116.207,0.0,0.5,2.6765,2,0,3,,,,,,False,1.0,0.0,25.0,2.0,0.0,1.0,4.0,0.92,0.2692,"LINESTRING (-116.207163 43.605592, -116.207072 43.605592, -116.2068 43.605679)"
816,6742374702,6742374705,0,nan,footway,26.5,43.6044,-116.2063,0.0,1.0,8.6499,4,0,0,,,,,,False,1.0,0.0,25.0,2.0,0.0,1.0,0.0,0.92,0.0114,"LINESTRING (-116.206346 43.604341, -116.206204 43.604556)"
817,6742374703,6742374707,0,nan,path,36.4,43.6044,-116.2062,0.0,1.0,8.2348,4,0,0,,,,,,False,1.0,0.0,25.0,2.0,0.0,1.0,0.0,0.92,0.0068,"LINESTRING (-116.206261 43.604218, -116.206061 43.604512)"
818,6742374748,6742374751,0,nan,footway,30.2,43.6036,-116.2052,0.0085,1.0,9.3133,21,2,0,,,,,,False,1.0,0.0,25.0,2.0,0.0,1.0,0.0,0.92,0.0784,"LINESTRING (-116.205324 43.603727, -116.205298 43.603695, -116.205092 43.603514)"
819,6742374772,6742374773,1,nan,path,48.4,43.6037,-116.2028,0.0,1.0,0.0,5,0,0,,,,,,False,1.0,0.0,25.0,2.0,0.0,1.0,0.0,0.92,0.0,"LINESTRING (-116.202814 43.603578, -116.202716 43.603722, -116.202832 43.603714, -116.202858 43.603675, -116.20295 43.603707, -116.202994 43.603641)"
820,6742374791,6742374795,0,nan,footway,26.7,43.603,-116.2017,0.0,0.5,10.7905,2,0,0,,,,,,False,1.0,0.0,25.0,2.0,0.0,1.0,3.0,0.92,0.2319,"LINESTRING (-116.201807 43.60296, -116.201712 43.602986, -116.201647 43.603026, -116.20159 43.603069, -116.201562 43.60311)"
821,6742374797,6781407326,0,nan,path,62.0,43.6036,-116.2016,0.0,1.0,7.1809,4,0,0,,,,,,False,1.0,0.0,25.0,2.0,0.0,1.0,3.0,0.92,0.0,"LINESTRING (-116.201906 43.603733, -116.201222 43.603477)"
822,6742374804,6742374807,0,nan,path,42.4,43.6049,-116.1991,0.0,1.0,0.0,1,0,0,,,,,,False,1.0,0.0,25.0,2.0,0.0,1.0,0.0,0.92,0.0,"LINESTRING (-116.198967 43.604735, -116.198965 43.604858, -116.199322 43.604864)"
823,6742374811,6778055715,0,nan,pedestrian,72.6,43.6017,-116.2029,0.1398,1.0,10.4093,2,0,0,0.3267,0.0558,0.1567,0.3769,0.002,True,1.0,0.0,25.0,2.0,0.0,1.0,0.0,0.92,0.1194,"LINESTRING (-116.202475 43.601724, -116.203377 43.601718)"
824,6742374811,6778055703,0,nan,path,64.1,43.602,-116.2032,0.292,0.25,10.4093,2,0,0,,,,,,False,1.0,0.0,25.0,2.0,0.0,1.0,2.0,0.92,0.424,"LINESTRING (-116.203 43.602226, -116.203016 43.602199, -116.203103 43.602085, -116.203377 43.601718)"
825,6742374816,6742374816,0,nan,path,103.2,43.6014,-116.203,0.0,1.0,10.4093,1,0,0,,,,,,False,1.0,0.0,25.0,2.0,0.0,1.0,0.0,0.92,0.0934,"LINESTRING (-116.203427 43.601292, -116.203386 43.601462, -116.203002 43.601463, -116.203002 43.601294, -116.203427 43.601292)"
826,6742374816,6742374828,0,nan,path,28.6,43.6012,-116.2035,0.0,1.0,10.4093,1,0,0,,,,,,False,1.0,0.0,25.0,2.0,0.0,1.0,0.0,0.92,0.0934,"LINESTRING (-116.203498 43.60104, -116.203481 43.601105, -116.203427 43.601292)"
827,6742374819,6742374827,0,nan,path,42.6,43.6013,-116.2037,0.0,1.0,10.4093,1,0,0,,,,,,False,1.0,0.0,25.0,2.0,0.0,1.0,0.0,0.92,0.0934,"LINESTRING (-116.203745 43.601128, -116.203736 43.601162, -116.203654 43.601506)"
828,6743332807,6743332809,0,nan,path,52.8,43.6051,-116.2058,0.0,1.0,9.3227,9,0,1,,,,,,False,1.0,0.0,25.0,2.0,0.0,1.0,0.0,0.92,0.023,"LINESTRING (-116.20569 43.604902, -116.205806 43.605237, -116.20583 43.605301, -116.205854 43.605362)"
829,6743332809,6797632317,0,nan,footway,34.4,43.6048,-116.2055,0.0,1.0,8.2348,9,0,0,,,,,,False,1.0,0.0,25.0,2.0,0.0,1.0,0.0,0.92,0.0,"LINESTRING (-116.205308 43.604762, -116.20569 43.604902)"
830,6743332866,7516027544,0,nan,footway,25.9,43.6039,-116.2109,0.0,1.0,8.8727,2,0,2,,,,,,False,1.0,0.0,25.0,2.0,0.0,1.0,1.0,0.92,0.1562,"LINESTRING (-116.211063 43.603912, -116.210936 43.603927, -116.210885 43.603933, -116.210873 43.603933, -116.210795 43.603858)"
831,6746387794,13879774715,0,nan,footway,69.2,43.6085,-116.2039,0.0,0.0,0.0,4,1,2,,,,,,False,1.0,0.0,25.0,2.0,0.0,1.0,1.0,0.92,0.3084,"LINESTRING (-116.203547 43.608339, -116.204333 43.608591)"
832,6746387794,7234149098,0,nan,footway,31.2,43.6085,-116.2045,0.0,0.0,0.0,0,0,2,,,,,,False,1.0,0.0,25.0,2.0,0.0,1.0,0.0,0.92,0.32,"LINESTRING (-116.204613 43.608402, -116.204542 43.608431, -116.204474 43.608469, -116.204442 43.60849, -116.204333 43.608591)"
833,6746387807,13879774752,0,nan,footway,76.8,43.6076,-116.2051,0.0,0.0,0.0,0,0,3,,,,,,False,1.0,0.0,25.0,2.0,0.0,1.0,1.0,0.92,0.3733,"LINESTRING (-116.204922 43.607886, -116.204926 43.607879, -116.204933 43.607833, -116.204925 43.607766, -116.204954 43.607707, -116.205032 43.607638, -116.205069 43.607581, -116.205072 43.607448, -116.205098 43.60739, -116.20516 43.607319, -116.205236 43.607264)"
834,6748711652,6748711659,0,nan,footway,28.8,43.6061,-116.2106,0.7174,1.0,9.5777,5,1,4,0.0116,0.1508,0.2881,0.0829,0.0068,True,1.0,0.0,25.0,2.0,0.0,1.0,3.0,0.92,0.6023,"LINESTRING (-116.210715 43.606007, -116.210585 43.606134, -116.210546 43.606185, -116.210511 43.60622)"
835,6748711652,7967942266,0,nan,footway,80.2,43.6065,-116.2102,0.6533,1.0,10.4565,2,0,4,0.0165,0.1915,0.2662,0.0791,0.0028,True,1.0,0.0,25.0,2.0,0.0,1.0,6.0,0.92,0.5329,"LINESTRING (-116.209937 43.606809, -116.210084 43.606662, -116.210269 43.60647, -116.210429 43.606303, -116.210477 43.606254, -116.210511 43.60622)"
836,6748711660,6748752406,0,nan,path,53.5,43.606,-116.2099,0.0,1.0,10.1636,4,1,4,,,,,,False,1.0,0.0,25.0,2.0,0.0,1.0,1.0,0.92,0.3411,"LINESTRING (-116.209582 43.605966, -116.21008 43.606098, -116.210148 43.606182)"
837,6748711677,12200682046,0,nan,path,50.1,43.6061,-116.2094,0.0,0.6667,10.4565,1,0,4,,,,,,False,1.0,0.0,25.0,2.0,0.0,1.0,1.0,0.92,0.4157,"LINESTRING (-116.209606 43.606298, -116.209214 43.605948)"
838,6748752406,12200682046,0,nan,path,40.1,43.6061,-116.2095,0.0,1.0,10.4565,1,0,4,,,,,,False,1.0,0.0,25.0,2.0,0.0,1.0,1.0,0.92,0.3067,"LINESTRING (-116.209606 43.606298, -116.209621 43.606279, -116.20956 43.606211, -116.209533 43.606156, -116.209528 43.606101, -116.20953 43.606048, -116.209582 43.605966)"
839,6748752418,12200682048,0,nan,footway,61.5,43.6059,-116.2091,0.0,0.0,0.0,1,0,4,0.067,0.4084,0.0524,0.0222,0.006,True,1.0,0.0,25.0,2.0,0.0,1.0,1.0,0.92,0.3778,"LINESTRING (-116.209001 43.606142, -116.209033 43.606082, -116.209126 43.605909, -116.209135 43.605901, -116.209176 43.605866, -116.209207 43.605834, -116.209247 43.605789, -116.20932 43.605645)"
840,6748752420,6748752421,0,nan,path,38.4,43.6053,-116.2095,0.491,1.0,9.5777,0,0,4,0.2263,0.1235,0.2043,0.1718,0.048,True,1.0,0.0,25.0,2.0,0.0,1.0,5.0,0.92,0.5384,"LINESTRING (-116.209497 43.605474, -116.209521 43.605457, -116.209565 43.605211, -116.209576 43.605139)"
841,6748752422,6748752451,0,nan,footway,38.4,43.6053,-116.2095,0.6564,1.0,9.5777,0,0,4,0.245,0.1396,0.1828,0.1562,0.0408,True,1.0,0.0,25.0,2.0,0.0,1.0,5.0,0.92,0.6029,"LINESTRING (-116.209564 43.605142, -116.209402 43.605467)"
842,6748752440,6748752445,0,nan,footway,70.6,43.6054,-116.2105,0.3307,1.0,9.5777,5,1,4,0.0238,0.2129,0.2695,0.057,0.0105,True,1.0,0.0,25.0,2.0,0.0,1.0,7.0,0.92,0.4515,"LINESTRING (-116.210089 43.605274, -116.210908 43.6055)"
843,6748752445,12196126456,0,nan,footway,42.3,43.6052,-116.2098,0.7356,1.0,9.5777,2,1,4,0.0352,0.1255,0.2954,0.1201,0.0223,True,1.0,0.0,25.0,2.0,0.0,1.0,5.0,0.92,0.658,"LINESTRING (-116.209598 43.605138, -116.20967 43.605158, -116.210089 43.605274)"
844,6754570367,8223337178,0,nan,path,37.1,43.6107,-116.1903,0.0882,0.0,0.0,2,0,3,,,,,,False,1.0,0.0,25.0,2.0,0.0,1.0,1.0,0.92,0.3305,"LINESTRING (-116.190311 43.610571, -116.190316 43.610905)"
845,6758505317,7221772563,0,nan,footway,38.4,43.6042,-116.1877,0.3159,1.0,0.0,3,0,0,0.0888,0.137,0.0949,0.1018,0.0068,True,1.0,0.0,25.0,2.0,0.0,1.0,2.0,0.92,0.0,"LINESTRING (-116.187571 43.604324, -116.187586 43.604287, -116.187613 43.60425, -116.18764 43.604207, -116.187664 43.604171, -116.18769 43.604137, -116.187716 43.604107, -116.187738 43.60408, -116.187752 43.604063, -116.187792 43.604019)"
846,6760344430,6791772309,0,nan,path,25.1,43.6055,-116.2071,0.0,1.0,0.0,1,0,3,0.1384,0.3364,0.0,0.1252,0.0276,True,1.0,0.0,25.0,2.0,0.0,1.0,3.0,0.92,0.0,"LINESTRING (-116.207166 43.60553, -116.206937 43.605376)"
847,6765193353,6765193360,0,nan,path,35.6,43.6072,-116.2003,0.0,0.0,0.0,0,0,0,,,,,,False,1.0,0.0,25.0,2.0,0.0,1.0,0.0,0.92,0.2136,"LINESTRING (-116.200297 43.607026, -116.200268 43.607078, -116.200254 43.607106, -116.200254 43.607142, -116.20027 43.607189, -116.20029 43.607227, -116.200267 43.607275, -116.200237 43.60733)"
848,6765388939,10649854539,0,nan,path,39.5,43.6066,-116.2023,0.0,0.0,0.0,0,0,0,0.0122,0.4918,0.0022,0.0,0.0088,True,1.0,0.0,25.0,2.0,0.0,1.0,1.0,0.92,0.2136,"LINESTRING (-116.202277 43.606754, -116.202281 43.606694, -116.202244 43.606528, -116.202206 43.606404)"
849,6765388959,11135182649,0,nan,footway,132.1,43.608,-116.2011,0.0,0.5,5.3127,1,0,1,,,,,,False,1.0,0.0,25.0,2.0,0.0,1.0,1.0,0.92,0.248,"LINESTRING (-116.201449 43.608565, -116.201345 43.60842, -116.201284 43.608321, -116.201164 43.608214, -116.20113 43.608162, -116.201115 43.608092, -116.20111 43.608024, -116.201118 43.607947, -116.201159 43.607799, -116.201167 43.607754, -116.201167 43.607722, -116.20116 43.607682, -116.201141 43.607636, -116.201111 43.607593, -116.201068 43.607556, -116.201026 43.607526, -116.200971 43.607498)"
850,6767396471,6767396474,0,nan,footway,33.1,43.6015,-116.2,0.0,1.0,4.9977,2,0,0,,,,,,False,1.0,0.0,25.0,2.0,0.0,1.0,1.0,0.92,0.0,"LINESTRING (-116.199785 43.601476, -116.200131 43.601473, -116.200187 43.60145)"
851,6767396471,6767396473,0,nan,path,38.1,43.6014,-116.2,0.0,1.0,7.402,2,0,0,,,,,,False,1.0,0.0,25.0,2.0,0.0,1.0,4.0,0.92,0.0328,"LINESTRING (-116.199787 43.601277, -116.200096 43.601438, -116.200187 43.60145)"
852,6767396471,6780113339,0,nan,footway,82.0,43.6018,-116.2,0.0,1.0,4.9977,2,0,0,,,,,,False,1.0,0.0,25.0,2.0,0.0,1.0,2.0,0.92,0.0,"LINESTRING (-116.199806 43.602085, -116.199881 43.602036, -116.199941 43.601983, -116.19997 43.601948, -116.199971 43.601935, -116.199967 43.601917, -116.199969 43.601898, -116.199975 43.601885, -116.199991 43.60187, -116.200001 43.601855, -116.2 43.601839, -116.19999 43.601819, -116.200047 43.601797, -116.200068 43.601783, -116.200081 43.601763, -116.200114 43.601689, -116.200135 43.60163, -116.200152 43.601579, -116.200155 43.601538, -116.200155 43.601484, -116.200187 43.60145)"
853,6767396471,6778598108,0,nan,footway,42.0,43.6013,-116.2002,0.0577,0.3333,4.9977,2,0,0,0.132,0.209,0.2664,0.0482,0.0107,True,1.0,0.0,25.0,2.0,0.0,1.0,4.0,0.92,0.2379,"LINESTRING (-116.200175 43.601074, -116.200185 43.601094, -116.200182 43.601427, -116.200187 43.60145)"
854,6767396474,6767473298,0,nan,footway,44.0,43.6015,-116.1995,0.0,1.0,4.9977,1,0,0,,,,,,False,1.0,0.0,25.0,2.0,0.0,1.0,1.0,0.92,0.0259,"LINESTRING (-116.199239 43.601475, -116.199785 43.601476)"
855,6767396475,6767396478,0,nan,path,31.0,43.6012,-116.1996,0.0807,1.0,8.6041,1,0,0,,,,,,False,1.0,0.0,25.0,2.0,0.0,1.0,3.0,0.92,0.1068,"LINESTRING (-116.199406 43.601174, -116.199764 43.601175, -116.199787 43.601185)"
856,6767396479,6767396481,0,nan,path,42.0,43.6012,-116.199,0.1577,1.0,8.6041,4,0,0,,,,,,False,1.0,0.0,25.0,2.0,0.0,1.0,2.0,0.92,0.0724,"LINESTRING (-116.198781 43.601159, -116.198953 43.601175, -116.199301 43.601172)"
857,6767473285,6767473298,0,nan,footway,50.4,43.6014,-116.1989,0.0,1.0,7.402,2,0,0,,,,,,False,1.0,0.0,25.0,2.0,0.0,1.0,1.0,0.92,0.0328,"LINESTRING (-116.199239 43.601475, -116.199027 43.601474, -116.198711 43.60128)"
858,6767473298,6780113339,0,nan,path,109.0,43.6018,-116.1995,0.0,1.0,4.9977,1,0,0,,,,,,False,1.0,0.0,25.0,2.0,0.0,1.0,2.0,0.92,0.0259,"LINESTRING (-116.199806 43.602085, -116.199768 43.602057, -116.199709 43.602031, -116.199675 43.602025, -116.199625 43.602024, -116.199553 43.602027, -116.199483 43.602023, -116.199487 43.601865, -116.199484 43.601656, -116.19924 43.601658, -116.199239 43.601475)"
859,6770725268,7234149176,0,nan,footway,113.2,43.6086,-116.2083,1.6227,0.0,0.0,1,0,6,0.0052,0.1674,0.0032,0.3896,0.0034,True,1.0,0.0,25.0,2.0,0.0,1.0,3.0,0.92,1.0,"LINESTRING (-116.207937 43.609051, -116.20798 43.609007, -116.208636 43.60833, -116.208669 43.608292, -116.20871 43.608205)"
860,6770758309,6770758310,0,nan,path,32.3,43.6037,-116.2036,0.0,1.0,8.1934,5,0,0,,,,,,False,1.0,0.0,25.0,2.0,0.0,1.0,0.0,0.92,0.0,"LINESTRING (-116.20369 43.60357, -116.203515 43.603831)"
861,6770758309,6770758312,0,nan,footway,29.1,43.6038,-116.2034,0.0,1.0,0.0,4,0,0,,,,,,False,1.0,0.0,25.0,2.0,0.0,1.0,0.0,0.92,0.0,"LINESTRING (-116.203192 43.603714, -116.203515 43.603831)"
862,6770758310,6770758312,0,nan,path,61.2,43.6035,-116.2034,0.0,1.0,8.1934,6,0,0,,,,,,False,1.0,0.0,25.0,2.0,0.0,1.0,0.0,0.92,0.0,"LINESTRING (-116.203192 43.603714, -116.203363 43.603455, -116.20369 43.60357)"
863,6770758310,6780115476,0,nan,path,26.7,43.6036,-116.2038,0.0,1.0,8.7534,5,0,0,,,,,,False,1.0,0.0,25.0,2.0,0.0,1.0,0.0,0.92,0.0,"LINESTRING (-116.203991 43.603657, -116.203767 43.603579, -116.203733 43.603584, -116.20369 43.60357)"
864,6776095245,6781407336,0,nan,footway,25.7,43.6026,-116.2029,0.7982,1.0,4.375,2,0,0,0.1358,0.1658,0.2788,0.1016,0.0063,True,1.0,0.0,25.0,2.0,0.0,1.0,3.0,0.92,0.2971,"LINESTRING (-116.20301 43.60248, -116.202987 43.602497, -116.202861 43.602683)"
865,6776095252,6776137801,0,nan,path,34.6,43.6014,-116.2022,0.3123,0.5,10.7905,7,1,0,0.0432,0.153,0.2709,0.0842,0.0056,True,1.0,0.0,25.0,2.0,0.0,1.0,1.0,0.92,0.3862,"LINESTRING (-116.202163 43.601595, -116.202164 43.601522, -116.202167 43.601488, -116.202173 43.601451, -116.202203 43.601374, -116.202083 43.601372)"
866,6776095252,6781683311,0,nan,path,26.9,43.6014,-116.2019,0.0916,1.0,10.7905,9,1,0,,,,,,False,1.0,0.0,25.0,2.0,0.0,1.0,1.0,0.92,0.1209,"LINESTRING (-116.201896 43.601478, -116.201893 43.60142, -116.201893 43.601374, -116.202083 43.601372)"
867,6776095254,6776095268,0,nan,footway,75.0,43.6011,-116.2017,0.2,1.0,10.7905,8,2,0,0.3022,0.2006,0.1797,0.1234,0.0138,True,1.0,0.0,25.0,2.0,0.0,1.0,10.0,0.92,0.2299,"LINESTRING (-116.201206 43.601078, -116.201249 43.601071, -116.202136 43.601076)"
868,6776095257,6776137803,0,nan,path,30.4,43.6019,-116.2022,0.0697,0.5,0.0,7,0,0,0.021,0.1075,0.2662,0.1488,0.0032,True,1.0,0.0,25.0,2.0,0.0,1.0,0.0,0.92,0.0,"LINESTRING (-116.202175 43.601761, -116.202197 43.601843, -116.202242 43.601922, -116.202097 43.601921)"
869,6776095262,7076269010,0,nan,path,42.1,43.6022,-116.2021,0.0397,0.6667,10.7905,5,0,0,,,,,,False,,,,,,,,,0.1442,"LINESTRING (-116.201932 43.602383, -116.201963 43.602352, -116.2021 43.602223, -116.202258 43.602224, -116.202346 43.602222)"
870,6776095268,6776137793,0,nan,footway,67.0,43.6011,-116.2008,0.1961,0.5,10.7905,6,1,0,0.3324,0.1817,0.1714,0.1697,0.0134,True,1.0,0.0,25.0,2.0,0.0,1.0,5.0,0.92,0.3503,"LINESTRING (-116.200374 43.601075, -116.201206 43.601078)"
871,6776095270,6793695964,0,nan,footway,30.5,43.6021,-116.2006,0.0,1.0,10.7905,4,1,0,,,,,,False,1.0,0.0,25.0,2.0,0.0,1.0,0.0,0.92,0.1339,"LINESTRING (-116.200786 43.602134, -116.200453 43.602003)"
872,6776095273,6780113372,0,nan,footway,36.9,43.6021,-116.2001,0.0,0.3333,4.9977,1,0,0,,,,,,False,1.0,0.0,25.0,2.0,0.0,1.0,1.0,0.92,0.2439,"LINESTRING (-116.199936 43.602183, -116.200062 43.602081, -116.200202 43.601914)"
873,6776095276,6797786149,0,nan,path,33.4,43.6017,-116.2004,0.0,1.0,10.7905,2,0,0,,,,,,False,1.0,0.0,25.0,2.0,0.0,1.0,1.0,0.92,0.0683,"LINESTRING (-116.200446 43.601541, -116.200445 43.601552, -116.20043 43.601623, -116.200399 43.601702, -116.200387 43.601752, -116.200391 43.601836)"
874,6778014262,6778055726,0,nan,footway,28.1,43.6023,-116.2027,0.6642,0.0,0.0,3,0,0,0.0432,0.2289,0.2231,0.0602,0.0041,True,1.0,0.0,25.0,2.0,0.0,1.0,3.0,0.92,0.3751,"LINESTRING (-116.202802 43.602416, -116.202742 43.602391, -116.202611 43.602325, -116.202526 43.602264)"
875,6778055703,6791748556,0,nan,footway,37.9,43.6023,-116.2032,0.6451,0.0,0.0,1,0,0,0.0304,0.0924,0.2748,0.1715,0.0072,True,1.0,0.0,25.0,2.0,0.0,1.0,4.0,0.92,0.4164,"LINESTRING (-116.203421 43.602368, -116.203411 43.602371, -116.203385 43.602369, -116.203334 43.602352, -116.203167 43.60229, -116.203 43.602226)"
876,6778055703,6778055715,0,nan,footway,71.6,43.602,-116.2027,0.3862,0.25,10.4093,4,0,0,0.1433,0.0311,0.2511,0.2831,0.0041,True,1.0,0.0,25.0,2.0,0.0,1.0,1.0,0.92,0.4249,"LINESTRING (-116.202475 43.601724, -116.202487 43.601756, -116.202505 43.601795, -116.202526 43.601832, -116.20255 43.601871, -116.202592 43.601921, -116.202626 43.601963, -116.202668 43.602005, -116.202749 43.602075, -116.20282 43.602125, -116.202871 43.602158, -116.202955 43.602203, -116.203 43.602226)"
877,6778055703,6778055726,0,nan,footway,26.5,43.6023,-116.2029,1.1509,0.0,0.0,2,0,0,0.0393,0.2698,0.1745,0.0385,0.0048,True,1.0,0.0,25.0,2.0,0.0,1.0,3.0,0.92,0.5851,"LINESTRING (-116.202802 43.602416, -116.202909 43.602314, -116.203 43.602226)"
878,6778055715,6778055723,0,nan,footway,70.4,43.6014,-116.2025,0.2297,1.0,10.4093,3,1,0,0.1589,0.0405,0.2405,0.2879,0.0097,True,1.0,0.0,25.0,2.0,0.0,1.0,8.0,0.92,0.2356,"LINESTRING (-116.202455 43.601091, -116.202455 43.601207, -116.202458 43.601272, -116.20246 43.601346, -116.20246 43.601431, -116.20246 43.601511, -116.202457 43.601591, -116.202461 43.601645, -116.202475 43.601724)"
879,6778598099,6778598100,0,nan,footway,76.5,43.6009,-116.2017,0.1284,1.0,0.0,7,2,0,0.0195,0.1008,0.2175,0.205,0.0122,True,1.0,0.0,25.0,2.0,0.0,1.0,10.0,0.92,0.0,"LINESTRING (-116.201203 43.600904, -116.202153 43.600899)"
880,6778598106,6778598107,0,nan,footway,36.4,43.6009,-116.2001,0.0597,0.6667,9.7308,5,0,0,,,,,,False,1.0,0.0,25.0,2.0,0.0,1.0,3.0,0.92,0.1421,"LINESTRING (-116.199864 43.60087, -116.200316 43.600869)"
881,6778598106,6793745375,0,nan,footway,53.7,43.6009,-116.2006,0.1808,1.0,9.7308,6,2,0,,,,,,False,1.0,0.0,25.0,2.0,0.0,1.0,5.0,0.92,0.2302,"LINESTRING (-116.200982 43.600867, -116.200316 43.600869)"
882,6778598107,6779700170,0,nan,path,89.3,43.6005,-116.1999,0.0181,1.0,10.7532,4,0,0,,,,,,False,1.0,0.0,25.0,2.0,0.0,1.0,3.0,0.92,0.0392,"LINESTRING (-116.199853 43.600067, -116.199864 43.60087)"
883,6778598107,11733513724,0,nan,footway,92.5,43.6009,-116.1993,0.2375,0.8333,12.798,8,0,0,0.0428,0.1124,0.1598,0.1837,0.005,True,1.0,0.0,25.0,2.0,0.0,1.0,5.0,0.92,0.1548,"LINESTRING (-116.198719 43.600899, -116.198819 43.600879, -116.199218 43.60087, -116.199864 43.60087)"
884,6778598108,6778598111,0,nan,footway,25.4,43.6011,-116.2,0.0641,0.5,8.6041,2,0,0,0.1317,0.2106,0.253,0.0571,0.0078,True,1.0,0.0,25.0,2.0,0.0,1.0,4.0,0.92,0.2353,"LINESTRING (-116.19986 43.601069, -116.200141 43.601069, -116.200175 43.601074)"
885,6778598110,6797586634,0,nan,footway,91.0,43.6011,-116.198,0.177,1.0,4.7502,3,0,2,0.0597,0.2588,0.1836,0.0843,0.0008,True,1.0,0.0,25.0,2.0,0.0,1.0,6.0,0.92,0.1482,"LINESTRING (-116.197452 43.601072, -116.198581 43.601072)"
886,6778598111,6778598114,0,nan,footway,36.5,43.6011,-116.1996,0.1127,1.0,8.6041,2,0,0,0.2094,0.3189,0.0808,0.1446,0.0026,True,1.0,0.0,25.0,2.0,0.0,1.0,4.0,0.92,0.0907,"LINESTRING (-116.199408 43.60107, -116.19986 43.601069)"
887,6778598112,6778598113,0,nan,footway,42.1,43.6011,-116.199,0.2424,1.0,8.6041,4,0,0,0.252,0.3934,0.0083,0.1695,0.0061,True,1.0,0.0,25.0,2.0,0.0,1.0,2.0,0.92,0.1054,"LINESTRING (-116.199303 43.601071, -116.198781 43.601072)"
888,6779688110,6781370874,0,nan,footway,34.4,43.603,-116.2033,0.0,1.0,4.375,3,0,0,,,,,,False,1.0,0.0,25.0,2.0,0.0,1.0,2.0,0.92,0.0,"LINESTRING (-116.203107 43.602924, -116.203489 43.603063)"
889,6779700170,8822877248,0,nan,footway,46.9,43.6001,-116.1996,0.0,0.3333,0.0,1,0,0,,,,,,False,1.0,0.0,25.0,2.0,0.0,1.0,0.0,0.92,0.0559,"LINESTRING (-116.19927 43.600058, -116.199853 43.600067)"
890,6780113339,6780113366,0,nan,footway,251.5,43.6023,-116.1983,0.0,0.0714,0.0,3,1,1,,,,,,False,1.0,0.0,25.0,2.0,0.0,1.0,9.0,0.92,0.2475,"LINESTRING (-116.197198 43.60166, -116.197221 43.601742, -116.197222 43.601764, -116.197246 43.601824, -116.197302 43.601899, -116.197354 43.601963, -116.197426 43.602027, -116.197512 43.602096, -116.197562 43.602129, -116.197631 43.602162, -116.197703 43.602195, -116.197826 43.602236, -116.197909 43.602253, -116.197984 43.602267, -116.198061 43.602275, -116.198115 43.602279, -116.198332 43.60228, -116.199065 43.60228, -116.199192 43.602278, -116.199284 43.602274, -116.199375 43.602259, -116.199443 43.602241, -116.199531 43.602218, -116.199623 43.602188, -116.199688 43.602158, -116.199755 43.60212, -116.199806 43.602085)"
891,6780113365,6780113371,0,nan,footway,51.1,43.6013,-116.1972,0.0207,1.0,5.5725,1,0,2,0.0011,0.0938,0.3959,0.2849,0.0057,True,1.0,0.0,25.0,2.0,0.0,1.0,6.0,0.92,0.15,"LINESTRING (-116.197187 43.601075, -116.197166 43.60109, -116.19716 43.601113, -116.197156 43.601528)"
892,6780115930,6781370874,0,nan,path,55.8,43.6031,-116.203,0.0,1.0,7.2388,6,0,0,,,,,,False,1.0,0.0,25.0,2.0,0.0,1.0,2.0,0.92,0.0,"LINESTRING (-116.203107 43.602924, -116.202796 43.603372)"
893,6780119788,7967942245,0,nan,footway,92.5,43.6024,-116.1988,0.0,0.8333,11.195,2,2,0,,,,,,False,1.0,0.0,25.0,2.0,0.0,1.0,3.0,0.92,0.2871,"LINESTRING (-116.199358 43.602397, -116.199259 43.602406, -116.19911 43.602409, -116.19821 43.60242)"
894,6780119804,6780119812,0,nan,footway,89.3,43.6019,-116.1971,0.0,0.0,0.0,2,0,2,,,,,,False,1.0,0.0,25.0,2.0,0.0,1.0,6.0,0.92,0.2429,"LINESTRING (-116.196968 43.601554, -116.196974 43.601617, -116.196992 43.601717, -116.197044 43.601822, -116.197092 43.60191, -116.19716 43.602003, -116.197303 43.602143, -116.197401 43.602218, -116.19746 43.602244)"
895,6780119812,6780119817,0,nan,footway,48.8,43.6013,-116.197,0.0616,0.0,0.0,1,0,2,,,,,,False,1.0,0.0,25.0,2.0,0.0,1.0,5.0,0.92,0.2954,"LINESTRING (-116.196971 43.601117, -116.196975 43.601452, -116.19697 43.601469, -116.19696 43.60149, -116.196968 43.601554)"
896,6780119816,6797586644,0,nan,footway,60.6,43.6011,-116.1966,0.1882,0.5,0.0,3,0,3,0.0004,0.0989,0.3908,0.2567,0.0008,True,1.0,0.0,25.0,2.0,0.0,1.0,6.0,0.92,0.1857,"LINESTRING (-116.196207 43.60108, -116.196932 43.601073, -116.19696 43.601076)"
897,6781370875,6781407328,0,nan,footway,29.1,43.6035,-116.2025,0.0,1.0,0.0,2,0,0,,,,,,False,1.0,0.0,25.0,2.0,0.0,1.0,3.0,0.92,0.0,"LINESTRING (-116.202361 43.603414, -116.202685 43.603531)"
898,6781407299,6781407340,0,nan,footway,63.0,43.603,-116.2025,0.0051,1.0,10.7905,3,0,0,,,,,,False,1.0,0.0,25.0,2.0,0.0,1.0,6.0,0.92,0.0501,"LINESTRING (-116.202649 43.6027, -116.202556 43.602844, -116.202504 43.602917, -116.202477 43.602956, -116.20245 43.602978, -116.202373 43.603027, -116.202308 43.603062, -116.202174 43.603132)"
899,6781407303,6781407328,0,nan,footway,25.3,43.6034,-116.2022,0.0,1.0,0.0,2,0,0,,,,,,False,1.0,0.0,25.0,2.0,0.0,1.0,3.0,0.92,0.0,"LINESTRING (-116.202361 43.603414, -116.202188 43.603351, -116.202138 43.603332, -116.20208 43.603312)"
900,6781407325,6781407326,0,nan,footway,33.2,43.6039,-116.2018,0.0,1.0,0.0,2,0,0,,,,,,False,1.0,0.0,25.0,2.0,0.0,1.0,1.0,0.92,0.0,"LINESTRING (-116.201906 43.603733, -116.201888 43.60376, -116.201837 43.603833, -116.201816 43.603862, -116.201797 43.60388, -116.201773 43.603896, -116.201739 43.603911, -116.201714 43.60392, -116.201676 43.603931, -116.201677 43.60396)"
901,6781407326,6781407344,0,nan,footway,34.6,43.6036,-116.202,0.0,1.0,0.0,2,0,0,,,,,,False,1.0,0.0,25.0,2.0,0.0,1.0,3.0,0.92,0.0,"LINESTRING (-116.202004 43.603439, -116.20198 43.603499, -116.201976 43.603535, -116.201988 43.603592, -116.201989 43.603604, -116.201982 43.603624, -116.201906 43.603733)"
902,6781407336,10173635927,0,nan,footway,43.6,43.6026,-116.2033,0.7112,0.6667,4.375,1,0,0,0.1,0.153,0.3064,0.0745,0.0064,True,1.0,0.0,25.0,2.0,0.0,1.0,4.0,0.92,0.4006,"LINESTRING (-116.203498 43.602651, -116.203056 43.602492, -116.20301 43.60248)"
903,6786836636,6786836643,1,nan,path,34.2,43.6028,-116.2024,0.011,1.0,10.7905,2,0,0,,,,,,False,1.0,0.0,25.0,2.0,0.0,1.0,3.0,0.92,0.0726,"LINESTRING (-116.202505 43.602629, -116.202429 43.602755, -116.202433 43.602764, -116.202442 43.602766, -116.20245 43.602762, -116.202551 43.602711, -116.202618 43.60268)"
904,6791748546,10173635927,0,nan,footway,77.3,43.6028,-116.2039,0.2991,0.0,0.0,8,0,0,0.0472,0.2568,0.2279,0.0322,0.0018,True,1.0,0.0,25.0,2.0,0.0,1.0,5.0,0.92,0.1758,"LINESTRING (-116.203498 43.602651, -116.203671 43.602713, -116.204318 43.602944, -116.204353 43.602966)"
905,6791748548,6791748554,0,nan,footway,83.2,43.6026,-116.204,0.1077,1.0,4.8009,8,0,0,0.022,0.3436,0.1504,0.0292,0.0009,True,1.0,0.0,25.0,2.0,0.0,1.0,5.0,0.92,0.0,"LINESTRING (-116.203586 43.602425, -116.203594 43.602443, -116.203618 43.602455, -116.203764 43.60251, -116.204426 43.602752, -116.204494 43.60277)"
906,6791748575,6791772229,0,nan,footway,65.5,43.6036,-116.2063,0.6611,0.0,0.0,3,0,0,0.1843,0.4149,0.0346,0.0368,0.0076,True,1.0,0.0,25.0,2.0,0.0,1.0,5.0,0.92,0.374,"LINESTRING (-116.205899 43.603518, -116.206035 43.603567, -116.206512 43.603742, -116.206584 43.603767, -116.20662 43.603788)"
907,6791748579,6791772205,0,nan,footway,26.1,43.604,-116.2066,0.1196,1.0,8.6499,5,2,0,,,,,,False,1.0,0.0,25.0,2.0,0.0,1.0,3.0,0.92,0.206,"LINESTRING (-116.206701 43.603913, -116.206558 43.604123)"
908,6791772204,6791772271,0,nan,footway,43.4,43.6045,-116.2075,0.6969,1.0,8.6499,4,1,3,0.046,0.216,0.2562,0.0491,0.0084,True,1.0,0.0,25.0,2.0,0.0,1.0,4.0,0.92,0.5442,"LINESTRING (-116.207643 43.6046, -116.207646 43.604587, -116.207643 43.604566, -116.207622 43.60455, -116.207585 43.604531, -116.207529 43.604501, -116.207436 43.604455, -116.207376 43.60441, -116.207323 43.604365, -116.207285 43.604325)"
909,6791772204,6791772206,0,nan,footway,60.0,43.6041,-116.2071,0.6264,1.0,8.6499,8,2,1,0.0104,0.3346,0.1902,0.1038,0.0052,True,1.0,0.0,25.0,2.0,0.0,1.0,6.0,0.92,0.4283,"LINESTRING (-116.206856 43.603887, -116.206933 43.603942, -116.206959 43.603982, -116.207102 43.604134, -116.207224 43.604261, -116.207285 43.604325)"
910,6791772206,6791772208,0,nan,footway,25.4,43.6038,-116.207,1.102,1.0,6.9974,7,1,0,0.0304,0.3146,0.145,0.069,0.0062,True,1.0,0.0,25.0,2.0,0.0,1.0,5.0,0.92,0.4897,"LINESTRING (-116.207058 43.603712, -116.206944 43.603811, -116.206856 43.603887)"
911,6791772210,7234143975,0,nan,footway,28.1,43.6036,-116.2072,0.3236,1.0,5.3449,7,1,0,,,,,,False,1.0,0.0,25.0,2.0,0.0,1.0,6.0,0.92,0.162,"LINESTRING (-116.207236 43.60346, -116.207078 43.603685)"
912,6791772210,6791772218,0,nan,footway,41.1,43.6036,-116.2069,0.3033,1.0,5.8724,7,1,0,0.0394,0.3051,0.1402,0.1038,0.0037,True,1.0,0.0,25.0,2.0,0.0,1.0,6.0,0.92,0.1624,"LINESTRING (-116.206623 43.60352, -116.206692 43.603545, -116.206796 43.603586, -116.206901 43.603618, -116.206968 43.603641, -116.206999 43.603652, -116.207035 43.60367, -116.207078 43.603685)"
913,6791772228,6990486624,0,South Juanita Street,residential,32.1,43.6032,-116.2062,0.2947,1.0,6.7095,3,0,0,0.0522,0.2092,0.3216,0.2005,0.003,True,0.0,2.0,15.0,2.0,0.107,0.5,4.0,0.974,0.1184,"LINESTRING (-116.206269 43.603086, -116.206098 43.603347)"
914,6791772230,6791772237,0,nan,footway,124.7,43.6031,-116.2053,0.2324,1.0,7.0543,27,2,0,0.0999,0.2242,0.1754,0.1272,0.0105,True,1.0,0.0,25.0,2.0,0.0,1.0,7.0,0.92,0.1228,"LINESTRING (-116.204645 43.602826, -116.204843 43.6029, -116.205237 43.603044, -116.205631 43.603184, -116.205884 43.603278, -116.205989 43.603317, -116.206031 43.603323)"
915,6791772237,11733513734,0,nan,footway,53.3,43.6026,-116.2048,0.2043,1.0,7.3128,7,0,0,0.021,0.2506,0.1991,0.0488,0.0191,True,1.0,0.0,25.0,2.0,0.0,1.0,5.0,0.92,0.0424,"LINESTRING (-116.204941 43.602398, -116.204645 43.602826)"
916,6791772238,11552071717,0,nan,footway,40.6,43.6032,-116.2044,0.2175,0.3333,9.3133,23,2,0,0.0,0.1501,0.3405,0.0312,0.0059,True,1.0,0.0,25.0,2.0,0.0,1.0,4.0,0.92,0.3718,"LINESTRING (-116.204296 43.603353, -116.204505 43.603044, -116.204521 43.603035, -116.204529 43.603034)"
917,6791772240,6913398334,0,South Joyce Street,residential,53.3,43.6026,-116.2047,0.178,1.0,5.2076,7,0,0,0.021,0.2799,0.2008,0.0771,0.0108,True,0.0,2.0,25.0,2.0,0.179,0.5,5.0,0.881,0.0015,"LINESTRING (-116.204853 43.602365, -116.204548 43.60279)"
918,6791772248,6854649076,0,nan,footway,45.8,43.604,-116.2076,0.0107,0.6667,5.2701,8,2,2,0.0614,0.1242,0.2898,0.1106,0.0036,True,1.0,0.0,25.0,2.0,0.0,1.0,6.0,0.92,0.3053,"LINESTRING (-116.207733 43.60383, -116.207551 43.604167, -116.207542 43.604176, -116.207497 43.604198)"
919,6791772248,7512684019,0,nan,footway,47.6,43.604,-116.2073,0.1043,0.6667,5.2701,8,2,2,0.0794,0.1911,0.2367,0.1192,0.0094,True,1.0,0.0,25.0,2.0,0.0,1.0,7.0,0.92,0.3418,"LINESTRING (-116.207184 43.603838, -116.207185 43.603856, -116.207192 43.603868, -116.20724 43.603925, -116.207378 43.604071, -116.207497 43.604198)"
920,6791772255,6793800300,0,nan,footway,69.4,43.6045,-116.2084,0.1505,1.0,11.0835,3,1,3,0.2019,0.1414,0.0627,0.1021,0.0317,True,1.0,0.0,25.0,2.0,0.0,1.0,3.0,0.92,0.3705,"LINESTRING (-116.208759 43.604645, -116.208684 43.604624, -116.208123 43.604471, -116.207986 43.604433, -116.207962 43.604451)"
921,6791772256,6854649080,0,nan,footway,37.1,43.6042,-116.2078,0.2032,1.0,8.3567,7,1,3,0.0075,0.2144,0.2436,0.0437,0.0036,True,1.0,0.0,25.0,2.0,0.0,1.0,6.0,0.92,0.3155,"LINESTRING (-116.207853 43.60403, -116.207691 43.604343)"
922,6791772261,6793800301,0,nan,footway,127.0,43.6048,-116.2086,0.4857,1.0,11.6296,3,1,3,0.0488,0.2914,0.1518,0.1239,0.0036,True,1.0,0.0,25.0,2.0,0.0,1.0,11.0,0.92,0.5058,"LINESTRING (-116.209338 43.605039, -116.2093 43.60502, -116.209162 43.604983, -116.208073 43.604686, -116.207894 43.604633, -116.207868 43.60463)"
923,6791772270,6791772275,0,nan,footway,83.2,43.605,-116.2076,0.0706,1.0,11.6296,4,1,3,0.0117,0.2065,0.0,0.0647,0.0248,True,1.0,0.0,25.0,2.0,0.0,1.0,7.0,0.92,0.3283,"LINESTRING (-116.207425 43.605335, -116.207428 43.605328, -116.20751 43.605245, -116.207507 43.60524, -116.207516 43.605211, -116.207595 43.60506, -116.20779 43.604682, -116.207807 43.604657, -116.207815 43.604648)"
924,6791772271,6791772286,0,nan,footway,38.5,43.6048,-116.2076,0.3349,1.0,8.6499,3,1,3,,,,,,False,1.0,0.0,25.0,2.0,0.0,1.0,4.0,0.92,0.4188,"LINESTRING (-116.207474 43.604922, -116.207482 43.604918, -116.207636 43.604626, -116.207643 43.6046)"
925,6791772283,7246508429,0,nan,path,136.1,43.6057,-116.2082,0.0,1.0,11.6296,2,0,4,0.0001,0.2724,0.3414,0.1293,0.003,True,1.0,0.0,25.0,2.0,0.0,1.0,5.0,0.92,0.2885,"LINESTRING (-116.208959 43.605831, -116.208932 43.605831, -116.208849 43.605839, -116.208794 43.605838, -116.208723 43.605821, -116.207414 43.605471, -116.207363 43.605458)"
926,6791772284,6791772294,0,nan,footway,26.7,43.6054,-116.2072,0.0,1.0,0.0,1,0,3,,,,,,False,1.0,0.0,25.0,2.0,0.0,1.0,4.0,0.92,0.0,"LINESTRING (-116.207282 43.605251, -116.20725 43.605313, -116.207233 43.605344, -116.207224 43.605363, -116.207226 43.60539, -116.207216 43.605423, -116.207181 43.605477)"
927,6791772288,6791772294,0,nan,footway,35.4,43.6051,-116.2074,0.0,1.0,0.0,1,0,3,,,,,,False,1.0,0.0,25.0,2.0,0.0,1.0,5.0,0.92,0.0,"LINESTRING (-116.207282 43.605251, -116.207318 43.605176, -116.207339 43.605153, -116.207368 43.605136, -116.207376 43.605124, -116.207414 43.605052, -116.207431 43.605008, -116.207453 43.604963)"
928,6791772314,10538457013,0,nan,path,77.4,43.6058,-116.2076,0.0,0.0,0.0,0,0,4,0.0043,0.3788,0.2768,0.1881,0.0102,True,1.0,0.0,25.0,2.0,0.0,1.0,5.0,0.92,0.4265,"LINESTRING (-116.207961 43.606076, -116.207463 43.60574, -116.207344 43.605659, -116.207261 43.605599)"
929,6791772326,6804580029,0,Friendship Lane,residential,77.5,43.6068,-116.2067,0.0,1.0,8.9453,4,0,3,0.0048,0.3126,0.0796,0.1276,0.0152,True,0.0,2.0,15.0,1.0,0.054,0.5,2.0,0.977,0.1743,"LINESTRING (-116.207011 43.607003, -116.206387 43.606592, -116.206314 43.606523)"
930,6791772326,6791772327,0,nan,footway,66.8,43.6063,-116.2066,0.0,1.0,9.982,6,1,3,0.0483,0.1872,0.0384,0.1688,0.0141,True,1.0,0.0,25.0,2.0,0.0,1.0,4.0,0.92,0.2625,"LINESTRING (-116.206714 43.606089, -116.206748 43.606118, -116.206797 43.606151, -116.206451 43.606396, -116.206405 43.606437, -116.206376 43.606453, -116.20635 43.606481, -116.206348 43.606492, -116.206314 43.606523)"
931,6793695962,6793695964,0,nan,path,27.7,43.6021,-116.201,0.0,1.0,10.7905,6,1,0,,,,,,False,1.0,0.0,25.0,2.0,0.0,1.0,0.0,0.92,0.1102,"LINESTRING (-116.200786 43.602134, -116.201089 43.602129, -116.20113 43.60213)"
932,6793695966,6848917823,0,nan,path,51.6,43.6022,-116.2014,0.0,1.0,10.7905,7,1,0,,,,,,False,,,,,,,,,0.1009,"LINESTRING (-116.20177 43.602219, -116.201658 43.602222, -116.201611 43.602221, -116.201129 43.602214)"
933,6793755495,7234149015,0,nan,path,101.5,43.6008,-116.2031,0.0773,0.3333,4.9834,3,1,0,0.0339,0.1032,0.2616,0.1444,0.0089,True,1.0,0.0,25.0,2.0,0.0,1.0,8.0,0.92,0.3265,"LINESTRING (-116.203655 43.600677, -116.20357 43.600754, -116.203471 43.600798, -116.203028 43.600804, -116.202784 43.600895, -116.202601 43.600889, -116.202494 43.600896)"
934,6793757581,6793807386,0,nan,footway,48.2,43.6035,-116.208,0.0,1.0,10.0251,4,0,2,,,,,,False,1.0,0.0,25.0,2.0,0.0,1.0,3.0,0.92,0.1319,"LINESTRING (-116.208086 43.60368, -116.208042 43.603509, -116.208036 43.603481, -116.208046 43.603463, -116.208144 43.603328, -116.208182 43.603276)"
935,6793800297,6793800299,0,nan,footway,39.7,43.6048,-116.2092,0.5828,1.0,11.0891,2,1,3,0.025,0.149,0.0447,0.0828,0.0077,True,1.0,0.0,25.0,2.0,0.0,1.0,7.0,0.92,0.5593,"LINESTRING (-116.208978 43.604705, -116.2091 43.604739, -116.209439 43.604831)"
936,6793800299,7512683896,0,nan,path,33.9,43.6046,-116.2091,0.0406,1.0,11.0891,2,1,3,0.0389,0.2122,0.0894,0.0926,0.0071,True,1.0,0.0,25.0,2.0,0.0,1.0,5.0,0.92,0.3479,"LINESTRING (-116.209191 43.604505, -116.209153 43.604494, -116.209142 43.604514, -116.209116 43.604506, -116.209095 43.604544, -116.209075 43.604548, -116.209069 43.604559, -116.209051 43.604562, -116.209045 43.604573, -116.209026 43.604608, -116.208978 43.604705)"
937,6793800302,7246508426,0,nan,footway,79.0,43.6054,-116.2092,0.2783,1.0,11.6296,1,0,4,0.2056,0.3394,0.0074,0.2786,0.0217,True,1.0,0.0,25.0,2.0,0.0,1.0,5.0,0.92,0.4254,"LINESTRING (-116.20898 43.605704, -116.208995 43.605708, -116.209022 43.60571, -116.209036 43.605704, -116.209047 43.605696, -116.209057 43.605685, -116.209357 43.605109, -116.209358 43.605082)"
938,6793800307,12196126456,0,nan,footway,25.8,43.605,-116.2096,1.6051,1.0,7.6551,1,1,3,0.0958,0.1295,0.2213,0.1466,0.0241,True,1.0,0.0,25.0,2.0,0.0,1.0,6.0,0.92,0.9512,"LINESTRING (-116.209598 43.605138, -116.209613 43.605105, -116.209654 43.605019, -116.209694 43.604934, -116.209702 43.604918)"
939,6793800310,7512683918,0,nan,footway,37.2,43.6047,-116.2097,0.4713,1.0,6.3095,2,1,3,0.0189,0.1049,0.0008,0.0032,0.0,True,1.0,0.0,25.0,2.0,0.0,1.0,9.0,0.92,0.463,"LINESTRING (-116.209703 43.604567, -116.209734 43.604584, -116.20975 43.604589, -116.20973 43.604635, -116.209717 43.604682, -116.209698 43.604718, -116.209638 43.604837, -116.209657 43.604866)"
940,6793800314,8270974412,0,nan,footway,86.1,43.6051,-116.2105,0.3183,1.0,7.9035,1,0,3,0.1086,0.1032,0.2717,0.165,0.0068,True,1.0,0.0,25.0,2.0,0.0,1.0,13.0,0.92,0.3511,"LINESTRING (-116.211039 43.605247, -116.210079 43.60498, -116.210041 43.60497)"
941,6793800321,6795985225,0,nan,path,106.2,43.6049,-116.2117,0.8533,0.0,0.0,5,5,3,0.0127,0.2718,0.2131,0.0124,0.0177,True,1.0,0.0,25.0,2.0,0.0,1.0,17.0,0.92,0.8423,"LINESTRING (-116.212147 43.604546, -116.212124 43.604562, -116.212052 43.604613, -116.211459 43.605222, -116.211426 43.605293, -116.211408 43.60533)"
942,6793807387,7512684012,0,nan,footway,50.2,43.6035,-116.2077,0.0219,1.0,5.2701,6,1,2,,,,,,False,1.0,0.0,25.0,2.0,0.0,1.0,7.0,0.92,0.1589,"LINESTRING (-116.207457 43.603418, -116.207784 43.603536, -116.207798 43.603543, -116.207842 43.603714)"
943,6796022108,7512684032,0,nan,footway,332.1,43.6031,-116.2133,0.3706,0.4211,3.263,5,2,4,0.0044,0.681,0.1006,0.029,0.0002,True,1.0,0.0,25.0,2.0,0.0,1.0,8.0,0.92,0.6204,"LINESTRING (-116.212304 43.604383, -116.212344 43.604368, -116.212395 43.604337, -116.212696 43.604021, -116.212884 43.603816, -116.212918 43.603744, -116.213086 43.60354, -116.21319 43.603421, -116.213229 43.603357, -116.213291 43.603212, -116.213303 43.603057, -116.213281 43.602946, -116.213243 43.602829, -116.213154 43.60271, -116.213041 43.602611, -116.21293 43.602535, -116.2127 43.602415, -116.212566 43.602347, -116.212416 43.602266, -116.21236 43.602229, -116.212294 43.602182, -116.212244 43.602116, -116.212207 43.602058, -116.212167 43.601996, -116.212183 43.601949)"
944,6796022108,7509249750,0,nan,footway,38.0,43.6018,-116.2123,0.4215,0.0,0.0,1,0,3,0.0384,0.2076,0.2595,0.0008,0.0195,True,1.0,0.0,25.0,2.0,0.0,1.0,4.0,0.92,0.4889,"LINESTRING (-116.212366 43.601645, -116.212367 43.601655, -116.212355 43.601692, -116.212342 43.601726, -116.212336 43.601749, -116.212319 43.60176, -116.212259 43.601852, -116.212199 43.601947, -116.212183 43.601949)"
945,6796022112,9353771663,1,West Hulbe Drive,residential,162.8,43.6013,-116.2111,0.0144,0.8,4.9463,2,0,2,0.2049,0.4496,0.1205,0.0031,0.0062,True,0.0,2.0,25.0,2.0,0.179,0.5,5.0,0.881,0.174,"LINESTRING (-116.211851 43.601303, -116.211828 43.60132, -116.211696 43.601417, -116.211628 43.601457, -116.211538 43.601485, -116.211434 43.601501, -116.211285 43.601477, -116.211192 43.601422, -116.211154 43.601373, -116.21113 43.601311, -116.211124 43.60124, -116.211132 43.601177, -116.211159 43.601116, -116.211249 43.600993, -116.211694 43.601175, -116.211725 43.601177, -116.211756 43.601176, -116.211785 43.601171)"
946,6796022112,6796022115,0,nan,footway,60.9,43.6009,-116.2117,0.0045,0.75,3.9855,2,0,2,0.1594,0.4333,0.131,0.0409,0.0042,True,1.0,0.0,25.0,2.0,0.0,1.0,4.0,0.92,0.168,"LINESTRING (-116.211506 43.600663, -116.211535 43.600692, -116.211785 43.601171)"
947,6797586630,7183261463,0,nan,footway,42.7,43.6009,-116.1982,0.0385,1.0,0.0,4,0,2,,,,,,False,1.0,0.0,25.0,2.0,0.0,1.0,2.0,0.92,0.0,"LINESTRING (-116.197966 43.600885, -116.198496 43.600884)"
948,6797586630,7183261460,0,nan,footway,71.0,43.6006,-116.1985,0.0154,1.0,0.0,5,0,1,0.0077,0.1279,0.1907,0.1842,0.0027,True,1.0,0.0,25.0,2.0,0.0,1.0,2.0,0.92,0.0,"LINESTRING (-116.198529 43.600268, -116.198529 43.600286, -116.198528 43.600874, -116.198528 43.600884, -116.198496 43.600884)"
949,6797586632,7183261463,0,nan,footway,39.5,43.6009,-116.1977,0.2388,0.3333,0.0,4,0,2,,,,,,False,1.0,0.0,25.0,2.0,0.0,1.0,5.0,0.92,0.1911,"LINESTRING (-116.197966 43.600885, -116.197475 43.600886)"
950,6797586638,6797586642,0,nan,footway,82.9,43.6009,-116.1967,0.0396,1.0,18.6949,2,0,3,0.0001,0.0756,0.4122,0.2577,0.0002,True,1.0,0.0,25.0,2.0,0.0,1.0,8.0,0.92,0.2973,"LINESTRING (-116.196223 43.600887, -116.196951 43.600882, -116.197016 43.600893, -116.197187 43.600893, -116.197251 43.600891)"
951,6797586638,7183261480,0,nan,footway,37.1,43.6007,-116.1973,0.0369,1.0,18.6949,2,0,3,,,,,,False,1.0,0.0,25.0,2.0,0.0,1.0,5.0,0.92,0.2963,"LINESTRING (-116.197256 43.600558, -116.197255 43.60081, -116.197251 43.600891)"
952,6797586642,7183315494,0,nan,footway,45.0,43.6007,-116.1962,0.0163,1.0,18.6949,3,0,4,,,,,,False,1.0,0.0,25.0,2.0,0.0,1.0,4.0,0.92,0.3213,"LINESTRING (-116.196224 43.600483, -116.196223 43.600887)"
953,6797586649,6797586653,0,nan,footway,84.7,43.6009,-116.1955,0.2177,0.8,11.5279,5,0,4,,,,,,False,1.0,0.0,25.0,2.0,0.0,1.0,4.0,0.92,0.3892,"LINESTRING (-116.194947 43.60088, -116.195226 43.600882, -116.195755 43.600883, -116.195785 43.600874, -116.195996 43.600875)"
954,6797586649,7606743460,0,nan,footway,47.7,43.6007,-116.196,0.0316,1.0,11.5279,5,0,4,,,,,,False,1.0,0.0,25.0,2.0,0.0,1.0,4.0,0.92,0.2512,"LINESTRING (-116.196008 43.600446, -116.196009 43.600489, -116.196008 43.600544, -116.195996 43.600875)"
955,6797586653,7606743468,0,nan,footway,48.4,43.6007,-116.1949,0.1115,0.6667,1.9004,4,0,4,,,,,,False,1.0,0.0,25.0,2.0,0.0,1.0,2.0,0.92,0.2506,"LINESTRING (-116.194956 43.600445, -116.194955 43.600499, -116.194951 43.600545, -116.19495 43.600623, -116.194949 43.600797, -116.194947 43.60088)"
956,6797586659,6938540489,0,nan,footway,179.6,43.6011,-116.195,0.1967,0.0909,0.0,12,3,4,0.0016,0.0338,0.5952,0.1357,0.0204,True,1.0,0.0,25.0,2.0,0.0,1.0,12.0,0.92,0.4962,"LINESTRING (-116.193892 43.60108, -116.195973 43.601077, -116.196026 43.601081, -116.196122 43.601084)"
957,6797586662,9537637977,0,nan,footway,169.4,43.6019,-116.1937,0.4537,0.0,0.0,8,5,3,0.1551,0.3152,0.1866,0.0284,0.0058,True,1.0,0.0,25.0,2.0,0.0,1.0,12.0,0.92,0.658,"LINESTRING (-116.193695 43.602638, -116.19374 43.601115)"
958,6797586662,7967924088,0,nan,footway,27.9,43.6011,-116.1936,1.8888,0.5,6.8988,14,9,4,0.0111,0.1271,0.3146,0.0466,0.0088,True,1.0,0.0,25.0,2.0,0.0,1.0,8.0,0.92,1.0,"LINESTRING (-116.193397 43.60108, -116.193411 43.601079, -116.193534 43.601093, -116.193729 43.601115, -116.19374 43.601115)"
959,6797586668,6797586669,0,nan,footway,42.9,43.6009,-116.1945,0.0551,1.0,0.0,3,2,4,0.0038,0.4697,0.2071,0.0942,0.0049,True,1.0,0.0,25.0,2.0,0.0,1.0,5.0,0.92,0.1843,"LINESTRING (-116.19479 43.600895, -116.194285 43.6009, -116.194257 43.6009)"
960,6797586672,7967924089,0,nan,footway,27.9,43.6009,-116.1936,1.258,0.5,5.6028,11,6,4,0.0279,0.0648,0.3163,0.1302,0.0161,True,1.0,0.0,25.0,2.0,0.0,1.0,8.0,0.92,1.0,"LINESTRING (-116.193386 43.60085, -116.1934 43.60085, -116.193487 43.600852, -116.193628 43.600854, -116.193716 43.600858, -116.193733 43.600858)"
961,6797632317,6797632319,0,nan,path,69.0,43.605,-116.2051,0.0,1.0,10.0895,6,0,0,,,,,,False,1.0,0.0,25.0,2.0,0.0,1.0,2.0,0.92,0.0024,"LINESTRING (-116.204847 43.605102, -116.20504 43.605172, -116.205234 43.604886, -116.205221 43.604881, -116.205308 43.604762)"
962,6797632319,6797632321,0,nan,path,39.4,43.605,-116.2046,0.0,1.0,10.3124,5,0,0,,,,,,False,1.0,0.0,25.0,2.0,0.0,1.0,2.0,0.92,0.0153,"LINESTRING (-116.20441 43.604944, -116.204847 43.605102)"
963,6797786147,6797786150,0,nan,path,30.5,43.6017,-116.2005,0.0,1.0,10.7905,3,1,0,,,,,,False,1.0,0.0,25.0,2.0,0.0,1.0,1.0,0.92,0.1495,"LINESTRING (-116.200561 43.601618, -116.200563 43.601674, -116.200486 43.601674, -116.200485 43.601836)"
964,6797786161,6797786164,0,nan,path,34.2,43.6012,-116.2016,0.1253,1.0,10.7905,10,2,0,,,,,,False,1.0,0.0,25.0,2.0,0.0,1.0,3.0,0.92,0.1867,"LINESTRING (-116.201367 43.601193, -116.201667 43.601194, -116.201724 43.60117, -116.201783 43.60117)"
965,6800012613,7967900338,0,South Longmont Avenue,residential,34.7,43.6002,-116.1922,0.0,1.0,6.776,0,0,4,0.0293,0.4432,0.1045,0.1267,0.002,True,0.0,2.0,25.0,2.0,0.179,0.5,1.0,0.881,0.3147,"LINESTRING (-116.192226 43.600391, -116.192227 43.600079)"
966,6800012615,6800012620,0,South Leadville Avenue,residential,59.1,43.6004,-116.1909,0.0293,1.0,4.8764,1,0,4,,,,,,False,0.0,2.0,20.0,2.0,0.143,0.5,0.0,0.943,0.2481,"LINESTRING (-116.190935 43.600119, -116.190943 43.600651)"
967,6800012812,6800012816,0,East Holly Street,residential,78.1,43.6053,-116.1857,0.0,1.0,6.9,0,0,0,,,,,,False,0.0,2.0,25.0,2.0,0.179,0.5,5.0,0.881,0.1035,"LINESTRING (-116.186129 43.605472, -116.185314 43.605091)"
968,6802831937,13266698487,0,West Rose Hill Street,tertiary,26.8,43.6007,-116.2151,0.0041,1.0,5.218,2,0,4,0.0548,0.253,0.2607,0.0315,0.0043,True,0.0,3.0,30.0,2.0,0.321,0.5,2.0,0.773,0.2157,"LINESTRING (-116.215248 43.600708, -116.214915 43.600708)"
969,6802831941,7504083205,0,South Opal Street,residential,62.9,43.6011,-116.2143,0.0759,1.0,4.8027,2,0,2,,,,,,False,0.0,2.0,25.0,2.0,0.179,0.5,3.0,0.881,0.13,"LINESTRING (-116.21433 43.600782, -116.214327 43.601348)"
970,6804580019,6804580029,1,nan,path,39.6,43.6072,-116.207,0.0,0.6667,8.9453,4,0,5,0.0,0.4554,0.0572,0.0802,0.018,True,1.0,0.0,25.0,2.0,0.0,1.0,0.0,0.92,0.3898,"LINESTRING (-116.207011 43.607003, -116.206947 43.607058, -116.206928 43.607082, -116.206932 43.607115, -116.206939 43.607137, -116.206957 43.607156, -116.206984 43.60717, -116.207016 43.607175, -116.207056 43.60717, -116.20709 43.60715, -116.207157 43.607101)"
971,6804580033,6876634234,0,Friendship Lane,residential,72.0,43.6047,-116.202,0.0,0.6,0.0,3,1,0,,,,,,False,0.0,2.0,15.0,1.0,0.054,0.5,0.0,0.977,0.0214,"LINESTRING (-116.2024 43.60475, -116.20203 43.60474, -116.201733 43.604739, -116.201507 43.604754)"
972,6813467521,7494962748,0,nan,path,56.5,43.61,-116.2121,0.0,1.0,5.5066,2,0,4,0.0002,0.1422,0.0032,0.0467,0.0331,True,1.0,0.0,25.0,2.0,0.0,1.0,1.0,0.92,0.2188,"LINESTRING (-116.212332 43.609836, -116.21229 43.609862, -116.21219 43.609912, -116.212066 43.61015, -116.212 43.610266)"
973,6829209078,6829209081,0,nan,footway,58.7,43.6178,-116.2008,0.2563,0.0,0.0,7,2,8,,,,,,False,1.0,0.0,25.0,2.0,0.0,1.0,7.0,0.92,0.7541,"LINESTRING (-116.20108 43.617955, -116.201075 43.617937, -116.20106 43.617922, -116.201043 43.617909, -116.200507 43.617638)"
974,6829209081,8982376310,0,nan,footway,33.1,43.6181,-116.201,0.225,0.5,0.0,1,0,9,,,,,,False,1.0,0.0,25.0,2.0,0.0,1.0,5.0,0.92,0.5681,"LINESTRING (-116.200874 43.618209, -116.201066 43.617999, -116.201074 43.617986, -116.201079 43.617972, -116.20108 43.617955)"
975,6829209081,7248900630,0,nan,footway,25.0,43.618,-116.2012,0.9689,0.0,0.0,8,3,9,,,,,,False,1.0,0.0,25.0,2.0,0.0,1.0,8.0,0.92,1.0,"LINESTRING (-116.201345 43.618072, -116.201297 43.618051, -116.201287 43.618046, -116.201224 43.618015, -116.201134 43.617971, -116.20108 43.617955)"
976,6829227085,6829227088,0,nan,footway,62.4,43.6169,-116.1995,0.7258,0.0,0.0,5,1,8,,,,,,False,1.0,0.0,25.0,2.0,0.0,1.0,9.0,0.92,0.898,"LINESTRING (-116.199149 43.616717, -116.19916 43.616724, -116.199783 43.61704)"
977,6829227091,8982376289,0,nan,footway,31.4,43.617,-116.1988,0.135,0.5,0.0,0,0,5,0.1788,0.181,0.2746,0.0798,0.012,True,1.0,0.0,25.0,2.0,0.0,1.0,6.0,0.92,0.3688,"LINESTRING (-116.198738 43.617106, -116.198745 43.617093, -116.198903 43.616933, -116.198914 43.616922, -116.19893 43.616912, -116.198956 43.616897, -116.19898 43.61689)"
978,6829227091,8225202745,0,nan,footway,25.1,43.6168,-116.1989,0.8712,0.0,0.0,0,0,5,0.014,0.2194,0.2542,0.0344,0.0087,True,1.0,0.0,25.0,2.0,0.0,1.0,8.0,0.92,0.8194,"LINESTRING (-116.198743 43.616757, -116.198808 43.616778, -116.198852 43.616799, -116.198959 43.61685, -116.19898 43.61689)"
979,6854680565,6854680572,0,nan,footway,52.0,43.6097,-116.1923,0.0,0.3333,0.0,6,1,6,,,,,,False,1.0,0.0,25.0,2.0,0.0,1.0,1.0,0.92,0.3887,"LINESTRING (-116.192084 43.609831, -116.192108 43.609787, -116.192142 43.609749, -116.192335 43.60966, -116.192373 43.60964, -116.192418 43.609608, -116.192489 43.609561, -116.192566 43.609538)"
980,6854680565,7221772659,0,nan,footway,51.4,43.6095,-116.1929,0.2885,0.6667,4.8133,6,3,6,0.085,0.0956,0.2284,0.0932,0.017,True,1.0,0.0,25.0,2.0,0.0,1.0,7.0,0.92,0.6783,"LINESTRING (-116.193196 43.609502, -116.193139 43.609522, -116.193028 43.609536, -116.192967 43.609538, -116.192848 43.609539, -116.192637 43.609538, -116.192566 43.609538)"
981,6854680572,6854680582,0,nan,path,27.4,43.6099,-116.1919,0.0,1.0,0.0,1,0,5,,,,,,False,1.0,0.0,25.0,2.0,0.0,1.0,1.0,0.92,0.104,"LINESTRING (-116.191901 43.610008, -116.191917 43.609939, -116.191952 43.609882, -116.19199 43.609852, -116.192037 43.609833, -116.192084 43.609831)"
982,6854680583,6854700906,0,nan,path,106.2,43.6104,-116.1914,0.1152,0.3333,7.6033,3,0,4,,,,,,False,1.0,0.0,25.0,2.0,0.0,1.0,5.0,0.92,0.4909,"LINESTRING (-116.190896 43.610609, -116.190971 43.610485, -116.191008 43.61046, -116.191051 43.610452, -116.191115 43.610453, -116.191219 43.610467, -116.191265 43.610468, -116.191333 43.610458, -116.191488 43.6104, -116.19162 43.610331, -116.191818 43.61021, -116.191951 43.610153)"
983,6854700906,7974918156,0,nan,footway,131.3,43.6108,-116.1917,0.2787,0.625,4.3037,5,0,5,0.0272,0.4572,0.0918,0.0106,0.0004,True,1.0,0.0,25.0,2.0,0.0,1.0,10.0,0.92,0.4332,"LINESTRING (-116.192479 43.610885, -116.192268 43.610846, -116.192063 43.610815, -116.191925 43.610796, -116.191679 43.610762, -116.191237 43.610696, -116.191151 43.610676, -116.190896 43.610609)"
984,6876577500,6876577501,0,nan,path,33.3,43.6057,-116.2103,0.0,1.0,9.5777,4,1,4,,,,,,False,1.0,0.0,25.0,2.0,0.0,1.0,0.0,0.92,0.3354,"LINESTRING (-116.210224 43.605614, -116.21031 43.605637, -116.210231 43.605792, -116.210142 43.605768)"
985,6876577515,6876577517,0,nan,path,25.8,43.6056,-116.2099,0.0,1.0,9.5777,4,1,4,,,,,,False,1.0,0.0,25.0,2.0,0.0,1.0,0.0,0.92,0.3354,"LINESTRING (-116.209727 43.605602, -116.209767 43.605608, -116.210028 43.605681)"
986,6880298427,8225216519,0,North VA Hospital Loop,unclassified,25.1,43.6202,-116.1938,0.0,0.0,0.0,4,2,1,,,,,,False,0.0,2.0,25.0,2.0,0.179,0.5,3.0,0.881,0.3145,"LINESTRING (-116.193871 43.620118, -116.193695 43.620305)"
987,6880298428,8225216496,0,nan,footway,128.1,43.62,-116.1929,0.0,0.0,0.0,1,1,3,,,,,,False,1.0,0.0,25.0,2.0,0.0,1.0,4.0,0.92,0.426,"LINESTRING (-116.192108 43.619811, -116.192255 43.619854, -116.192434 43.619919, -116.192692 43.61998, -116.19304 43.62004, -116.193228 43.620067, -116.193446 43.620085, -116.193504 43.620109, -116.193539 43.620137, -116.193606 43.620117)"
988,6896821799,6896821802,0,nan,footway,166.2,43.6128,-116.1861,0.0683,0.9,0.0,1,0,0,,,,,,False,1.0,0.0,25.0,2.0,0.0,1.0,0.0,0.92,0.0,"LINESTRING (-116.186007 43.613575, -116.186053 43.613493, -116.18609 43.61337, -116.18609 43.612089)"
989,6900061437,8223285555,0,nan,footway,47.8,43.6234,-116.2007,0.2873,1.0,5.4798,4,0,4,,,,,,False,1.0,0.0,25.0,2.0,0.0,1.0,8.0,0.92,0.2945,"LINESTRING (-116.20097 43.623563, -116.200484 43.623316)"
990,6900061437,8223342639,0,nan,footway,47.3,43.6232,-116.2002,0.0037,0.6667,0.0,4,0,4,,,,,,False,1.0,0.0,25.0,2.0,0.0,1.0,5.0,0.92,0.0969,"LINESTRING (-116.200004 43.623072, -116.200484 43.623316)"
991,6900061438,8223285582,0,West Fort Street,tertiary,51.1,43.6233,-116.2008,0.1153,1.0,5.4798,4,0,4,,,,,,False,0.0,3.0,30.0,2.0,0.321,0.5,7.0,0.773,0.2275,"LINESTRING (-116.201048 43.623481, -116.200529 43.623217)"
992,6900061438,8223342670,0,West Fort Street,tertiary,43.9,43.6231,-116.2003,0.0088,0.6667,4.8368,4,0,4,,,,,,False,0.0,3.0,30.0,2.0,0.321,0.5,5.0,0.773,0.284,"LINESTRING (-116.200083 43.62299, -116.200529 43.623217)"
993,6910742061,6910784648,0,nan,footway,28.3,43.6153,-116.1911,0.0,0.0,0.0,39,0,4,,,,,,False,1.0,0.0,25.0,2.0,0.0,1.0,3.0,0.92,0.1674,"LINESTRING (-116.191235 43.615241, -116.190909 43.615335)"
994,6910742063,6910784633,0,nan,footway,285.2,43.6159,-116.189,0.0116,0.0625,2.0176,7,0,3,,,,,,False,1.0,0.0,25.0,2.0,0.0,1.0,4.0,0.92,0.3272,"LINESTRING (-116.187386 43.61587, -116.187403 43.615899, -116.187429 43.61593, -116.187458 43.615955, -116.187504 43.615986, -116.187531 43.616002, -116.187567 43.616016, -116.187606 43.61603, -116.187653 43.616041, -116.187696 43.616045, -116.187758 43.616047, -116.188277 43.616045, -116.188346 43.61604, -116.18845 43.616031, -116.188491 43.616023, -116.189592 43.615715, -116.190662 43.615407)"
995,6910742066,7996357599,0,nan,footway,98.2,43.6153,-116.1915,0.0,0.8333,0.0,54,0,4,,,,,,False,1.0,0.0,25.0,2.0,0.0,1.0,5.0,0.92,0.0,"LINESTRING (-116.192022 43.615149, -116.191931 43.615171, -116.191548 43.615277, -116.191428 43.615312, -116.191411 43.615341, -116.191399 43.615364, -116.191378 43.615385, -116.191346 43.6154, -116.191094 43.615473, -116.191049 43.615478, -116.190996 43.615472, -116.190941 43.615451)"
996,6910742066,6910742077,0,nan,footway,25.5,43.6155,-116.1908,0.0,1.0,0.0,13,0,4,,,,,,False,1.0,0.0,25.0,2.0,0.0,1.0,3.0,0.92,0.0,"LINESTRING (-116.190651 43.615542, -116.19072 43.615521, -116.190741 43.615509, -116.190941 43.615451)"
997,6910742071,6910742074,0,nan,footway,90.8,43.6157,-116.19,0.0,0.0,0.0,4,0,3,,,,,,False,1.0,0.0,25.0,2.0,0.0,1.0,4.0,0.92,0.2602,"LINESTRING (-116.190482 43.615591, -116.190435 43.615604, -116.189496 43.615876, -116.189434 43.615894)"
998,6910773066,7996330030,0,nan,footway,252.3,43.6141,-116.1876,0.0382,0.5333,4.5201,1,0,1,0.1383,0.2378,0.0992,0.0209,0.0024,True,1.0,0.0,25.0,2.0,0.0,1.0,4.0,0.92,0.2379,"LINESTRING (-116.18907 43.613719, -116.188946 43.613751, -116.186372 43.614435, -116.186234 43.614452, -116.186171 43.614464, -116.186123 43.614484)"
999,6910773066,6910784630,0,nan,footway,104.1,43.6149,-116.186,0.1255,0.0,0.0,0,0,0,0.092,0.3221,0.0717,0.0655,0.0129,True,1.0,0.0,25.0,2.0,0.0,1.0,2.0,0.92,0.2625,"LINESTRING (-116.186029 43.615399, -116.186 43.615374, -116.186025 43.615011, -116.186087 43.614516, -116.1861 43.614496, -116.186123 43.614484)"
1000,6910773076,7996330023,0,nan,footway,55.0,43.6138,-116.1905,0.8359,0.0,0.0,0,0,5,0.0278,0.0428,0.371,0.0782,0.0274,True,1.0,0.0,25.0,2.0,0.0,1.0,4.0,0.92,0.8056,"LINESTRING (-116.190803 43.613889, -116.190697 43.613837, -116.190681 43.613834, -116.190658 43.613831, -116.190596 43.613825, -116.190538 43.613816, -116.190481 43.613799, -116.190436 43.613777, -116.190403 43.613755, -116.19035 43.613705, -116.190304 43.613674, -116.190232 43.613645)"
1001,6910773076,7996330030,0,nan,footway,95.2,43.6136,-116.1896,0.0903,0.0,0.0,0,0,4,0.1306,0.1,0.1335,0.117,0.0128,True,1.0,0.0,25.0,2.0,0.0,1.0,5.0,0.92,0.4617,"LINESTRING (-116.18907 43.613719, -116.189347 43.613645, -116.189517 43.613635, -116.18969 43.613635, -116.189831 43.613643, -116.189954 43.613647, -116.190108 43.613639, -116.190232 43.613645)"
1002,6910784617,6910784625,0,nan,footway,62.7,43.6159,-116.1863,0.0108,0.25,0.0,1,0,1,,,,,,False,1.0,0.0,25.0,2.0,0.0,1.0,2.0,0.92,0.1406,"LINESTRING (-116.185962 43.615988, -116.186 43.615974, -116.186046 43.615956, -116.18608 43.61595, -116.186253 43.615944, -116.18646 43.615939, -116.186501 43.61593, -116.186654 43.615877, -116.186704 43.615857)"
1003,6910784625,6910784631,0,nan,footway,53.9,43.6157,-116.186,0.0048,0.0,0.0,0,0,1,,,,,,False,1.0,0.0,25.0,2.0,0.0,1.0,2.0,0.92,0.2687,"LINESTRING (-116.186013 43.615504, -116.186002 43.615579, -116.185962 43.615988)"
1004,6910784630,6910784632,0,nan,footway,30.1,43.6153,-116.186,0.0,0.0,0.0,0,0,0,,,,,,False,1.0,0.0,25.0,2.0,0.0,1.0,1.0,0.92,0.2136,"LINESTRING (-116.186066 43.61513, -116.186029 43.615399)"
1005,6913398218,6913398221,0,South Longmont Avenue,residential,87.3,43.6017,-116.1927,0.0,0.2,23.0,17,8,3,0.0144,0.1318,0.3502,0.2012,0.0123,True,0.0,2.0,25.0,2.0,0.179,0.5,4.0,0.881,0.76,"LINESTRING (-116.192338 43.601422, -116.193082 43.601993)"
1006,6913398344,7516027566,0,South Martha Street,residential,27.7,43.6023,-116.2108,0.0358,0.5,5.1408,2,0,3,0.0253,0.421,0.1345,0.0085,0.0026,True,0.0,2.0,25.0,2.0,0.179,0.5,2.0,0.881,0.3371,"LINESTRING (-116.210931 43.602246, -116.210667 43.602406)"
1007,6913398356,9537637964,0,South Ferguson Street,unclassified,52.4,43.6037,-116.1906,0.2346,1.0,0.0,12,1,3,0.0608,0.2642,0.1124,0.104,0.0136,True,0.0,2.0,25.0,2.0,0.179,0.5,3.0,0.881,0.0589,"LINESTRING (-116.190466 43.603859, -116.190502 43.603819, -116.190819 43.603464)"
1008,6913398357,11699233855,0,South Ferguson Street,path,58.4,43.6031,-116.1911,0.228,0.5,0.0,2,0,2,,,,,,False,1.0,0.0,25.0,2.0,0.0,1.0,1.0,0.92,0.1682,"LINESTRING (-116.191297 43.602863, -116.191274 43.602954, -116.19095 43.603318)"
1009,6913398362,8225216437,0,Officer Row,unclassified,40.6,43.6194,-116.1871,0.0,1.0,4.0994,1,0,2,,,,,,False,0.0,2.0,25.0,2.0,0.179,0.5,0.0,0.881,0.1153,"LINESTRING (-116.187199 43.619609, -116.187004 43.619273)"
1010,6913398362,6913398366,0,Officer Row,unclassified,29.3,43.6192,-116.1869,0.0,1.0,4.0784,2,0,2,,,,,,False,0.0,2.0,25.0,2.0,0.179,0.5,2.0,0.881,0.0864,"LINESTRING (-116.186898 43.619026, -116.186892 43.619052, -116.186904 43.619109, -116.186944 43.619168, -116.187004 43.619273)"
1011,6913398366,8225216343,0,Officer Row,unclassified,44.5,43.6189,-116.1871,0.0,1.0,5.5678,2,0,2,,,,,,False,0.0,2.0,25.0,2.0,0.179,0.5,2.0,0.881,0.1134,"LINESTRING (-116.187302 43.618788, -116.18721 43.618815, -116.186983 43.618906, -116.186915 43.618959, -116.186904 43.619001, -116.186898 43.619026)"
1012,6918666000,6918666051,0,nan,path,45.4,43.625,-116.1862,0.0,0.3333,5.8614,0,0,0,,,,,,False,1.0,0.0,25.0,2.0,0.0,1.0,0.0,0.92,0.3067,"LINESTRING (-116.186095 43.624804, -116.186374 43.625159)"
1013,6918666000,6955683412,0,West Horizon Drive,residential,96.7,43.6253,-116.1858,0.0,1.0,5.6182,0,0,0,,,,,,False,0.0,2.0,25.0,2.0,0.179,0.5,0.0,0.881,0.0849,"LINESTRING (-116.18523 43.625421, -116.185486 43.625344, -116.186374 43.625159)"
1014,6918666051,12943843754,0,nan,path,158.1,43.6243,-116.1867,0.0,0.0,0.0,0,0,0,,,,,,False,1.0,0.0,25.0,2.0,0.0,1.0,0.0,0.92,0.2136,"LINESTRING (-116.187431 43.62454, -116.187419 43.624498, -116.187424 43.624475, -116.187416 43.624431, -116.187397 43.624395, -116.187359 43.624351, -116.187305 43.624336, -116.187261 43.624332, -116.187233 43.62434, -116.187169 43.624342, -116.187128 43.624344, -116.187101 43.62434, -116.186992 43.624293, -116.186917 43.624258, -116.186876 43.624236, -116.186818 43.624267, -116.186727 43.624315, -116.186671 43.624363, -116.186636 43.624415, -116.186592 43.624494, -116.186569 43.624543, -116.186516 43.624599, -116.186423 43.624657, -116.186363 43.624716, -116.186216 43.624774, -116.186095 43.624804)"
1015,6928746868,7048222711,0,West Cesar Chavez Lane,residential,35.7,43.6077,-116.209,0.3125,0.0,0.0,1,0,6,,,,,,False,0.0,2.0,15.0,2.0,0.107,0.5,3.0,0.974,0.6061,"LINESTRING (-116.209152 43.607667, -116.208887 43.607757, -116.208753 43.607808)"
1016,6938540489,6938540494,0,nan,path,41.6,43.6012,-116.1938,0.2733,0.0,0.0,7,3,4,0.002,0.0305,0.5996,0.1683,0.015,True,1.0,0.0,25.0,2.0,0.0,1.0,9.0,0.92,0.5898,"LINESTRING (-116.193968 43.601233, -116.193935 43.601148, -116.193911 43.601121, -116.193791 43.601189, -116.193785 43.601154, -116.19387 43.601106, -116.193892 43.60108)"
1017,6939580159,8223343028,0,North 7th Street,residential,43.3,43.6237,-116.1964,0.0416,1.0,4.5825,0,0,2,,,,,,False,0.0,2.0,25.0,2.0,0.179,0.5,5.0,0.881,0.1897,"LINESTRING (-116.196363 43.623893, -116.196363 43.623875, -116.196363 43.623504)"
1018,6939580159,8223342989,0,North 7th Street,residential,40.4,43.6233,-116.1964,0.0146,1.0,5.553,0,0,2,,,,,,False,0.0,2.0,25.0,2.0,0.179,0.5,5.0,0.881,0.196,"LINESTRING (-116.196363 43.62314, -116.196363 43.623157, -116.196363 43.623504)"
1019,6943723440,6943723451,0,nan,path,42.4,43.6051,-116.1931,0.0843,1.0,5.8853,14,8,1,,,,,,False,1.0,0.0,25.0,2.0,0.0,1.0,4.0,0.92,0.3064,"LINESTRING (-116.193103 43.605308, -116.193106 43.604969, -116.19312 43.604927)"
1020,6943723440,9550908283,0,nan,footway,25.1,43.6049,-116.193,0.0257,1.0,5.8853,9,6,1,,,,,,False,1.0,0.0,25.0,2.0,0.0,1.0,4.0,0.92,0.2753,"LINESTRING (-116.192833 43.604938, -116.192914 43.604895, -116.19312 43.604927)"
1021,6943723444,6943723453,0,nan,path,34.3,43.6055,-116.1929,0.0978,1.0,4.6804,13,7,1,0.0039,0.1803,0.2228,0.1423,0.0043,True,1.0,0.0,25.0,2.0,0.0,1.0,5.0,0.92,0.2791,"LINESTRING (-116.192703 43.605449, -116.19291 43.605568, -116.192962 43.605579, -116.193013 43.605578, -116.193068 43.605566)"
1022,6943723444,6943723451,0,nan,path,29.4,43.6054,-116.1931,0.2075,1.0,5.2829,13,7,1,,,,,,False,1.0,0.0,25.0,2.0,0.0,1.0,4.0,0.92,0.3325,"LINESTRING (-116.193103 43.605308, -116.193101 43.605512, -116.193091 43.605539, -116.193068 43.605566)"
1023,6943723453,8670125875,0,nan,path,68.4,43.6053,-116.1924,0.1979,0.5,5.0974,15,8,1,0.0344,0.168,0.3088,0.0324,0.0028,True,1.0,0.0,25.0,2.0,0.0,1.0,9.0,0.92,0.497,"LINESTRING (-116.192081 43.605036, -116.192131 43.605083, -116.192198 43.605148, -116.192408 43.60529, -116.192703 43.605449)"
1024,6964903358,7033943448,0,South Americana Boulevard,secondary,49.5,43.6185,-116.215,0.3003,1.0,6.8776,6,2,3,,,,,,False,0.0,4.0,30.0,3.0,0.643,0.5,5.0,0.75,0.404,"LINESTRING (-116.215306 43.618408, -116.215112 43.618476, -116.214813 43.618595, -116.214767 43.61862)"
1025,6964903358,7241809687,0,South Americana Boulevard,secondary,42.1,43.6187,-116.2146,1.4616,0.3333,7.6596,4,1,5,,,,,,False,0.0,4.0,30.0,3.0,0.643,0.5,7.0,0.75,1.0,"LINESTRING (-116.214385 43.618875, -116.214416 43.618843, -116.214555 43.618736, -116.214767 43.61862)"
1026,6975988103,10039443544,0,South Walnut Street,tertiary,34.8,43.6015,-116.1873,0.066,1.0,6.7478,32,0,0,0.0228,0.0908,0.2598,0.0432,0.0107,True,0.0,3.0,30.0,2.0,0.321,0.5,6.0,0.773,0.0,"LINESTRING (-116.187187 43.601674, -116.187421 43.601411)"
1027,6988808124,7499244872,0,West Eastover Terrace,unclassified,113.8,43.6016,-116.2136,0.1649,0.0,0.0,1,0,2,,,,,,False,0.0,2.0,25.0,2.0,0.179,0.5,3.0,0.881,0.3356,"LINESTRING (-116.212899 43.601661, -116.213175 43.601579, -116.213273 43.601563, -116.21343 43.601579, -116.213626 43.601636, -116.213753 43.601704, -116.213944 43.60191, -116.214029 43.601994)"
1028,7046057406,7516052848,0,South Juanita Street,residential,52.4,43.6009,-116.2079,0.0116,1.0,6.5373,2,0,0,,,,,,False,0.0,2.0,25.0,2.0,0.179,0.5,3.0,0.881,0.0259,"LINESTRING (-116.208123 43.600728, -116.207773 43.601125)"
1029,7048222705,7048222711,0,nan,footway,108.9,43.6073,-116.2095,0.7976,0.1429,10.4565,2,0,4,0.009,0.3036,0.1238,0.0668,0.0112,True,1.0,0.0,25.0,2.0,0.0,1.0,5.0,0.92,0.8695,"LINESTRING (-116.209152 43.607667, -116.20918 43.607613, -116.209342 43.607431, -116.209502 43.607269, -116.209688 43.607075, -116.209895 43.606851)"
1030,7048222705,7048222724,0,nan,path,42.6,43.607,-116.2101,1.5249,0.0,0.0,2,0,4,0.0086,0.1497,0.3442,0.0106,0.0102,True,1.0,0.0,25.0,2.0,0.0,1.0,4.0,0.92,0.9438,"LINESTRING (-116.210206 43.60708, -116.210093 43.607038, -116.210072 43.607029, -116.210116 43.606949, -116.210093 43.60694, -116.210026 43.606911, -116.209961 43.606882, -116.209895 43.606851)"
1031,7048222711,7048222716,0,nan,footway,45.3,43.6078,-116.209,0.7814,0.0,0.0,1,0,6,0.0246,0.4336,0.0981,0.0018,0.012,True,1.0,0.0,25.0,2.0,0.0,1.0,6.0,0.92,0.7889,"LINESTRING (-116.20887 43.608019, -116.209034 43.607822, -116.209055 43.607798, -116.209076 43.607775, -116.209145 43.60768, -116.209152 43.607667)"
1032,7048222728,7048222730,0,nan,footway,55.2,43.6084,-116.2093,0.287,0.0,0.0,0,0,6,0.0,0.1724,0.0,0.0,0.0473,True,1.0,0.0,25.0,2.0,0.0,1.0,7.0,0.92,0.6449,"LINESTRING (-116.208951 43.608304, -116.20939 43.608422, -116.209594 43.608477)"
1033,7048222731,7246531865,0,nan,footway,131.6,43.6088,-116.2085,1.4606,0.0,0.0,3,0,6,0.0252,0.0,0.0,0.4589,0.0,True,1.0,0.0,25.0,2.0,0.0,1.0,3.0,0.92,1.0,"LINESTRING (-116.208059 43.609275, -116.20816 43.609172, -116.208144 43.609154, -116.208136 43.609136, -116.208136 43.609117, -116.208149 43.609095, -116.208557 43.608671, -116.208806 43.608413, -116.208884 43.608335, -116.208936 43.608308)"
1034,7048222733,7048222736,0,nan,footway,46.4,43.6082,-116.2094,0.5015,0.0,0.0,0,0,7,0.0321,0.3231,0.2492,0.0421,0.0092,True,1.0,0.0,25.0,2.0,0.0,1.0,9.0,0.92,0.7817,"LINESTRING (-116.20912 43.608134, -116.209244 43.608168, -116.209533 43.608244, -116.20966 43.608279)"
1035,7055890130,7055898642,0,nan,footway,78.2,43.6238,-116.215,0.0782,0.0,0.0,0,0,5,,,,,,False,1.0,0.0,25.0,2.0,0.0,1.0,5.0,0.92,0.5102,"LINESTRING (-116.215436 43.623746, -116.215094 43.623748, -116.214732 43.624099, -116.214717 43.624114)"
1036,7055890130,7055898640,0,nan,footway,44.9,43.6243,-116.2146,0.0505,0.0,0.0,0,0,3,,,,,,False,1.0,0.0,25.0,2.0,0.0,1.0,5.0,0.92,0.393,"LINESTRING (-116.214401 43.624446, -116.214693 43.624138, -116.214717 43.624114)"
1037,7055890132,7055898776,0,nan,footway,40.1,43.6257,-116.2157,0.0163,1.0,4.3152,0,0,4,,,,,,False,1.0,0.0,25.0,2.0,0.0,1.0,3.0,0.92,0.2811,"LINESTRING (-116.215698 43.625502, -116.215702 43.625843, -116.215702 43.625863)"
1038,7055890132,7055898775,0,nan,footway,42.3,43.6261,-116.2157,0.0614,1.0,5.6084,0,0,4,,,,,,False,1.0,0.0,25.0,2.0,0.0,1.0,5.0,0.92,0.3216,"LINESTRING (-116.215706 43.626243, -116.215703 43.625896, -116.215702 43.625863)"
1039,7055890175,7057388645,0,nan,footway,30.1,43.6262,-116.2154,0.5443,0.0,0.0,8,1,4,,,,,,False,1.0,0.0,25.0,2.0,0.0,1.0,5.0,0.92,0.5858,"LINESTRING (-116.215317 43.626253, -116.215355 43.626247, -116.215401 43.626231, -116.215428 43.626209, -116.215442 43.62619, -116.215437 43.626036)"
1040,7055890175,7055890177,0,nan,footway,42.5,43.6258,-116.2154,0.0784,1.0,4.4925,7,1,4,,,,,,False,1.0,0.0,25.0,2.0,0.0,1.0,7.0,0.92,0.2642,"LINESTRING (-116.215439 43.625654, -116.215443 43.625687, -116.215437 43.626036)"
1041,7055890177,10742746690,0,West Madison Avenue,residential,56.7,43.6255,-116.2151,0.0017,1.0,3.1038,10,2,4,,,,,,False,0.0,2.0,25.0,2.0,0.179,0.0,3.0,0.841,0.2406,"LINESTRING (-116.214861 43.625362, -116.215439 43.625654)"
1042,7055890177,7055890181,0,nan,footway,73.6,43.6253,-116.2154,0.022,1.0,4.989,5,1,4,,,,,,False,1.0,0.0,25.0,2.0,0.0,1.0,2.0,0.92,0.2715,"LINESTRING (-116.215436 43.624992, -116.215437 43.625018, -116.215435 43.62541, -116.215437 43.625634, -116.215439 43.625654)"
1043,7055890181,7055898485,0,nan,footway,40.7,43.6248,-116.2154,0.0096,1.0,5.1656,0,0,2,,,,,,False,1.0,0.0,25.0,2.0,0.0,1.0,4.0,0.92,0.1876,"LINESTRING (-116.215438 43.624626, -116.215436 43.624971, -116.215436 43.624992)"
1044,7055898485,7057302979,0,nan,footway,98.2,43.6246,-116.2148,0.0101,1.0,5.6438,1,1,3,,,,,,False,1.0,0.0,25.0,2.0,0.0,1.0,8.0,0.92,0.3017,"LINESTRING (-116.214224 43.624606, -116.214259 43.624621, -116.215438 43.624626)"
1045,7055898504,7055898558,0,nan,footway,42.2,43.6243,-116.2198,0.0695,1.0,3.7861,0,0,1,,,,,,False,1.0,0.0,25.0,2.0,0.0,1.0,5.0,0.92,0.1312,"LINESTRING (-116.219844 43.624489, -116.219851 43.624109)"
1046,7055898504,7055898505,0,nan,footway,40.2,43.6239,-116.2199,0.0817,1.0,4.3452,1,0,3,,,,,,False,1.0,0.0,25.0,2.0,0.0,1.0,4.0,0.92,0.2053,"LINESTRING (-116.219855 43.623748, -116.219851 43.624109)"
1047,7055898532,7100703041,0,nan,footway,26.2,43.6219,-116.2172,0.1066,1.0,5.3477,6,0,4,,,,,,False,1.0,0.0,25.0,2.0,0.0,1.0,5.0,0.92,0.1983,"LINESTRING (-116.217391 43.62193, -116.217066 43.62193)"
1048,7055898532,7100703038,0,nan,footway,41.7,43.6221,-116.2171,0.0635,1.0,4.7539,6,0,4,,,,,,False,1.0,0.0,25.0,2.0,0.0,1.0,6.0,0.92,0.1712,"LINESTRING (-116.217064 43.622304, -116.217063 43.622277, -116.217066 43.62193)"
1049,7055898540,7055898541,0,nan,footway,43.2,43.6234,-116.2199,0.0023,1.0,5.8207,1,0,3,,,,,,False,1.0,0.0,25.0,2.0,0.0,1.0,4.0,0.92,0.1999,"LINESTRING (-116.219855 43.623168, -116.219855 43.623557)"
1050,7055898541,7055898543,0,nan,footway,40.2,43.623,-116.2199,0.0266,1.0,4.5927,1,0,4,,,,,,False,1.0,0.0,25.0,2.0,0.0,1.0,4.0,0.92,0.2418,"LINESTRING (-116.219854 43.622807, -116.219855 43.623168)"
1051,7055898547,7056068783,0,nan,footway,42.3,43.6225,-116.2199,0.0296,1.0,6.0759,1,0,4,,,,,,False,1.0,0.0,25.0,2.0,0.0,1.0,6.0,0.92,0.2677,"LINESTRING (-116.219854 43.622298, -116.219854 43.622323, -116.219854 43.622679)"
1052,7055898548,7055898575,0,nan,footway,41.2,43.6261,-116.2199,0.0579,1.0,4.2803,0,0,2,,,,,,False,1.0,0.0,25.0,2.0,0.0,1.0,4.0,0.92,0.1902,"LINESTRING (-116.219855 43.62624, -116.219854 43.625869)"
1053,7055898548,7055898590,0,nan,footway,40.9,43.6257,-116.2199,0.1182,1.0,3.5836,0,0,2,,,,,,False,1.0,0.0,25.0,2.0,0.0,1.0,4.0,0.92,0.1989,"LINESTRING (-116.219852 43.625502, -116.219854 43.625869)"
1054,7055898549,7055898553,0,nan,footway,41.6,43.6248,-116.2198,0.0128,1.0,3.6665,0,0,2,,,,,,False,1.0,0.0,25.0,2.0,0.0,1.0,4.0,0.92,0.1596,"LINESTRING (-116.219847 43.624996, -116.219847 43.624622)"
1055,7055898553,7055898584,0,nan,footway,40.8,43.6252,-116.2199,0.0286,1.0,4.4446,0,0,3,,,,,,False,1.0,0.0,25.0,2.0,0.0,1.0,4.0,0.92,0.2352,"LINESTRING (-116.219855 43.625363, -116.219847 43.624996)"
1056,7055898569,7057362262,0,nan,footway,40.2,43.6266,-116.2199,0.0125,1.0,3.8407,0,0,2,,,,,,False,1.0,0.0,25.0,2.0,0.0,1.0,4.0,0.92,0.1634,"LINESTRING (-116.219855 43.626743, -116.219856 43.626382)"
1057,7055898578,7055898709,0,nan,footway,83.6,43.6264,-116.2177,0.0082,0.6,5.4462,2,0,2,,,,,,False,1.0,0.0,25.0,2.0,0.0,1.0,9.0,0.92,0.2454,"LINESTRING (-116.217204 43.626375, -116.218242 43.626382)"
1058,7055898578,7055898710,0,nan,footway,78.1,43.6267,-116.2182,0.0241,0.8,5.4462,2,0,2,,,,,,False,1.0,0.0,25.0,2.0,0.0,1.0,8.0,0.92,0.1862,"LINESTRING (-116.218246 43.627085, -116.218242 43.626382)"
1059,7055898580,7055898723,0,nan,footway,94.0,43.6264,-116.2191,0.0545,1.0,4.7205,1,0,2,,,,,,False,1.0,0.0,25.0,2.0,0.0,1.0,8.0,0.92,0.1486,"LINESTRING (-116.218498 43.626384, -116.219666 43.626382)"
1060,7055898580,7057362272,0,nan,footway,40.1,43.6266,-116.2197,0.0089,1.0,3.4804,0,0,2,,,,,,False,1.0,0.0,25.0,2.0,0.0,1.0,4.0,0.92,0.1539,"LINESTRING (-116.219666 43.626743, -116.219666 43.626711, -116.219666 43.626382)"
1061,7055898595,7055898659,0,nan,footway,94.2,43.6227,-116.2191,0.0275,1.0,4.7237,7,0,3,,,,,,False,1.0,0.0,25.0,2.0,0.0,1.0,8.0,0.92,0.094,"LINESTRING (-116.218496 43.622677, -116.219666 43.622679)"
1062,7055898595,7100703045,0,nan,footway,42.3,43.6225,-116.2197,0.0173,1.0,4.2419,2,0,4,,,,,,False,1.0,0.0,25.0,2.0,0.0,1.0,6.0,0.92,0.2029,"LINESTRING (-116.219668 43.622299, -116.219669 43.622328, -116.219666 43.622679)"
1063,7055898611,7100703043,0,nan,footway,40.9,43.6221,-116.2182,0.2449,1.0,4.7158,7,1,4,,,,,,False,1.0,0.0,25.0,2.0,0.0,1.0,7.0,0.92,0.3333,"LINESTRING (-116.218236 43.622299, -116.218235 43.622277, -116.218232 43.621932)"
1064,7055898614,7055898620,0,nan,footway,96.6,43.6227,-116.2177,0.0203,1.0,5.7288,6,0,4,,,,,,False,1.0,0.0,25.0,2.0,0.0,1.0,8.0,0.92,0.1708,"LINESTRING (-116.21706 43.62268, -116.218261 43.622676)"
1065,7055898614,7100703043,0,nan,footway,42.0,43.6225,-116.2182,0.013,1.0,4.8181,10,0,4,,,,,,False,1.0,0.0,25.0,2.0,0.0,1.0,6.0,0.92,0.1209,"LINESTRING (-116.218236 43.622299, -116.218236 43.622322, -116.218261 43.622676)"
1066,7055898620,7100703038,0,nan,footway,41.7,43.6225,-116.2171,0.0302,1.0,5.8155,4,0,4,,,,,,False,1.0,0.0,25.0,2.0,0.0,1.0,6.0,0.92,0.1996,"LINESTRING (-116.217064 43.622304, -116.217064 43.622324, -116.21706 43.62268)"
1067,7055898629,7100703042,0,nan,footway,45.9,43.6221,-116.2169,0.0438,1.0,4.4263,6,0,4,,,,,,False,1.0,0.0,25.0,2.0,0.0,1.0,5.0,0.92,0.1574,"LINESTRING (-116.216874 43.622305, -116.216874 43.622281, -116.216874 43.621934, -116.216836 43.621903)"
1068,7055898629,7056068355,0,nan,footway,74.7,43.6219,-116.2164,0.0158,0.8,5.5759,7,0,4,,,,,,False,1.0,0.0,25.0,2.0,0.0,1.0,3.0,0.92,0.2227,"LINESTRING (-116.215909 43.621895, -116.215969 43.621898, -116.216097 43.6219, -116.216516 43.621902, -116.216836 43.621903)"
1069,7055898633,7100703042,0,nan,footway,41.6,43.6225,-116.2169,0.0977,1.0,3.9299,4,0,4,,,,,,False,1.0,0.0,25.0,2.0,0.0,1.0,6.0,0.92,0.1919,"LINESTRING (-116.216874 43.622305, -116.216874 43.622328, -116.216875 43.622679)"
1070,7055898633,7056068347,0,nan,footway,185.4,43.6227,-116.2157,0.0404,1.0,4.7211,9,0,6,,,,,,False,1.0,0.0,25.0,2.0,0.0,1.0,10.0,0.92,0.243,"LINESTRING (-116.21472 43.622338, -116.21538 43.622676, -116.216875 43.622679)"
1071,7055898637,7055898638,0,nan,footway,41.6,43.623,-116.2169,0.0115,1.0,5.0493,0,0,5,,,,,,False,1.0,0.0,25.0,2.0,0.0,1.0,4.0,0.92,0.3461,"LINESTRING (-116.216868 43.623186, -116.216873 43.622812)"
1072,7055898638,7055898677,0,nan,footway,41.0,43.6234,-116.2169,0.0068,1.0,5.257,0,0,5,,,,,,False,1.0,0.0,25.0,2.0,0.0,1.0,4.0,0.92,0.3478,"LINESTRING (-116.216875 43.623554, -116.216868 43.623186)"
1073,7055898639,7055898677,0,nan,footway,95.3,43.6236,-116.2163,0.0045,1.0,5.4725,0,0,5,,,,,,False,1.0,0.0,25.0,2.0,0.0,1.0,6.0,0.92,0.3504,"LINESTRING (-116.216875 43.623554, -116.21569 43.623555)"
1074,7055898640,7055898645,0,nan,footway,84.7,43.6245,-116.2149,0.0278,0.0,0.0,0,0,3,,,,,,False,1.0,0.0,25.0,2.0,0.0,1.0,9.0,0.92,0.3841,"LINESTRING (-116.215436 43.624489, -116.214481 43.624486, -116.214401 43.624446)"
1075,7055898642,7055898643,0,nan,footway,40.7,43.6239,-116.2154,0.037,0.0,0.0,0,0,5,,,,,,False,1.0,0.0,25.0,2.0,0.0,1.0,2.0,0.92,0.4942,"LINESTRING (-116.21543 43.624113, -116.215436 43.623746)"
1076,7055898643,7055898645,0,nan,footway,41.9,43.6243,-116.2154,0.0189,0.0,0.0,0,0,3,,,,,,False,1.0,0.0,25.0,2.0,0.0,1.0,4.0,0.92,0.3807,"LINESTRING (-116.215436 43.624489, -116.215437 43.624139, -116.21543 43.624113)"
1077,7055898649,7055898657,0,nan,footway,94.5,43.6245,-116.2163,0.015,1.0,5.001,0,0,4,,,,,,False,1.0,0.0,25.0,2.0,0.0,1.0,8.0,0.92,0.2933,"LINESTRING (-116.216874 43.624489, -116.215699 43.624491)"
1078,7055898649,7055898650,0,nan,footway,42.1,43.6243,-116.2157,0.0325,1.0,4.3162,0,0,4,,,,,,False,1.0,0.0,25.0,2.0,0.0,1.0,4.0,0.92,0.2875,"LINESTRING (-116.215697 43.624112, -116.215699 43.624491)"
1079,7055898650,7055898652,0,nan,footway,40.7,43.6239,-116.2157,0.0128,1.0,4.9858,0,0,5,,,,,,False,1.0,0.0,25.0,2.0,0.0,1.0,2.0,0.92,0.3455,"LINESTRING (-116.215702 43.623746, -116.215697 43.624112)"
1080,7055898652,7055898673,0,nan,footway,94.3,43.6237,-116.2163,0.0138,1.0,5.0135,0,0,5,,,,,,False,1.0,0.0,25.0,2.0,0.0,1.0,6.0,0.92,0.3463,"LINESTRING (-116.216874 43.623747, -116.215702 43.623746)"
1081,7055898654,7055898673,0,nan,footway,40.6,43.6239,-116.2169,0.0325,1.0,5.4568,0,0,4,,,,,,False,1.0,0.0,25.0,2.0,0.0,1.0,4.0,0.92,0.3079,"LINESTRING (-116.216874 43.623747, -116.216878 43.624094, -116.216875 43.624112)"
1082,7055898654,7055898657,0,nan,footway,41.9,43.6243,-116.2169,0.0151,1.0,4.444,0,0,4,,,,,,False,1.0,0.0,25.0,2.0,0.0,1.0,4.0,0.92,0.2832,"LINESTRING (-116.216874 43.624489, -116.216874 43.624142, -116.216875 43.624112)"
1083,7055898659,7100703044,0,nan,footway,42.1,43.6225,-116.2185,0.0195,1.0,4.5564,10,0,4,,,,,,False,1.0,0.0,25.0,2.0,0.0,1.0,6.0,0.92,0.1186,"LINESTRING (-116.218499 43.622299, -116.218499 43.622325, -116.218499 43.622333, -116.218496 43.622677)"
1084,7055898660,13710242195,0,nan,footway,46.2,43.6219,-116.2194,0.0043,0.6667,3.6773,4,2,4,,,,,,False,1.0,0.0,25.0,2.0,0.0,1.0,3.0,0.92,0.4198,"LINESTRING (-116.219099 43.621928, -116.219673 43.621932)"
1085,7055898660,7100703045,0,nan,footway,40.8,43.6221,-116.2197,0.0048,1.0,3.6298,3,2,4,,,,,,False,1.0,0.0,25.0,2.0,0.0,1.0,5.0,0.92,0.3255,"LINESTRING (-116.219668 43.622299, -116.219668 43.622285, -116.219673 43.621932)"
1086,7055898662,8375077434,0,nan,footway,38.9,43.6219,-116.2187,0.2314,1.0,4.8648,8,3,6,,,,,,False,1.0,0.0,25.0,2.0,0.0,1.0,4.0,0.92,0.5303,"LINESTRING (-116.218986 43.621928, -116.218503 43.621925)"
1087,7055898662,7100703044,0,nan,footway,41.6,43.6221,-116.2185,0.1678,1.0,4.7379,7,1,4,,,,,,False,1.0,0.0,25.0,2.0,0.0,1.0,6.0,0.92,0.3036,"LINESTRING (-116.218499 43.622299, -116.218499 43.622277, -116.218503 43.621925)"
1088,7055898695,8228573301,0,nan,footway,50.1,43.6265,-116.2171,0.0362,1.0,3.9029,2,0,3,,,,,,False,1.0,0.0,25.0,2.0,0.0,1.0,6.0,0.92,0.15,"LINESTRING (-116.217374 43.626685, -116.216922 43.626376)"
1089,7055898695,7100703063,0,nan,footway,60.8,43.6264,-116.2165,0.0113,1.0,4.555,1,0,3,,,,,,False,1.0,0.0,25.0,2.0,0.0,1.0,7.0,0.92,0.1819,"LINESTRING (-116.216166 43.626368, -116.216922 43.626376)"
1090,7055898705,7100703063,0,nan,footway,37.5,43.6264,-116.2159,0.0387,1.0,0.0,1,0,4,,,,,,False,1.0,0.0,25.0,2.0,0.0,1.0,5.0,0.92,0.0658,"LINESTRING (-116.216166 43.626368, -116.2157 43.626362)"
1091,7055898709,7055898710,0,nan,footway,115.2,43.6267,-116.2177,0.032,0.5714,5.4462,2,0,2,,,,,,False,1.0,0.0,25.0,2.0,0.0,1.0,15.0,0.92,0.2641,"LINESTRING (-116.218246 43.627085, -116.217204 43.626375)"
1092,7055898723,7057362275,0,nan,footway,39.3,43.6266,-116.2185,0.082,1.0,5.6083,1,0,2,,,,,,False,1.0,0.0,25.0,2.0,0.0,1.0,4.0,0.92,0.1744,"LINESTRING (-116.218505 43.626738, -116.218498 43.626384)"
1093,7055898732,7055898734,0,nan,footway,40.5,43.6248,-116.2169,0.0253,1.0,5.5949,0,0,4,,,,,,False,1.0,0.0,25.0,2.0,0.0,1.0,4.0,0.92,0.3073,"LINESTRING (-116.216874 43.624988, -116.216875 43.624623)"
1094,7055898732,7055898736,0,nan,footway,94.7,43.6246,-116.2163,0.016,1.0,4.6796,0,0,4,,,,,,False,1.0,0.0,25.0,2.0,0.0,1.0,8.0,0.92,0.288,"LINESTRING (-116.215698 43.624624, -116.216875 43.624623)"
1095,7055898734,7055898740,0,nan,footway,42.0,43.6252,-116.2169,0.0121,1.0,5.1393,0,0,4,,,,,,False,1.0,0.0,25.0,2.0,0.0,1.0,4.0,0.92,0.2946,"LINESTRING (-116.216871 43.625366, -116.216874 43.624988)"
1096,7055898736,7055898737,0,nan,footway,40.7,43.6248,-116.2157,0.012,1.0,4.1529,0,0,3,,,,,,False,1.0,0.0,25.0,2.0,0.0,1.0,4.0,0.92,0.223,"LINESTRING (-116.215702 43.62499, -116.215698 43.624624)"
1097,7055898737,7055898739,0,nan,footway,41.9,43.6252,-116.2157,0.0457,1.0,4.5378,1,0,4,,,,,,False,1.0,0.0,25.0,2.0,0.0,1.0,2.0,0.92,0.2482,"LINESTRING (-116.215706 43.625366, -116.215702 43.62499)"
1098,7055898739,7055898740,0,nan,footway,93.8,43.6254,-116.2163,0.0122,1.0,5.3921,0,0,4,,,,,,False,1.0,0.0,25.0,2.0,0.0,1.0,6.0,0.92,0.2989,"LINESTRING (-116.216871 43.625366, -116.215706 43.625366)"
1099,7055898774,7055898775,0,nan,footway,93.9,43.6262,-116.2163,0.016,1.0,5.8026,0,0,4,,,,,,False,1.0,0.0,25.0,2.0,0.0,1.0,8.0,0.92,0.3069,"LINESTRING (-116.215706 43.626243, -116.216873 43.626242)"
1100,7055898774,7055898777,0,nan,footway,42.5,43.6261,-116.2169,0.026,1.0,4.5894,0,0,3,,,,,,False,1.0,0.0,25.0,2.0,0.0,1.0,5.0,0.92,0.237,"LINESTRING (-116.216872 43.62586, -116.216873 43.626242)"
1101,7055898776,7055898779,0,nan,footway,94.6,43.6255,-116.2163,0.0168,1.0,4.1777,0,0,4,,,,,,False,1.0,0.0,25.0,2.0,0.0,1.0,6.0,0.92,0.2786,"LINESTRING (-116.216872 43.625503, -116.215698 43.625502)"
1102,7055898777,7055898779,0,nan,footway,39.7,43.6257,-116.2169,0.033,1.0,4.6945,0,0,3,,,,,,False,1.0,0.0,25.0,2.0,0.0,1.0,4.0,0.92,0.2416,"LINESTRING (-116.216872 43.625503, -116.216872 43.62586)"
1103,7055898818,7055898823,0,nan,footway,40.3,43.6257,-116.2182,0.009,1.0,4.9223,1,0,2,,,,,,False,1.0,0.0,25.0,2.0,0.0,1.0,4.0,0.92,0.1345,"LINESTRING (-116.218235 43.625504, -116.218236 43.625866)"
1104,7055898818,7055898819,0,nan,footway,42.1,43.6261,-116.2182,0.0193,1.0,3.9396,2,0,2,,,,,,False,1.0,0.0,25.0,2.0,0.0,1.0,4.0,0.92,0.091,"LINESTRING (-116.218236 43.626244, -116.218236 43.625866)"
1105,7055898819,7055898820,0,nan,footway,94.6,43.6262,-116.2176,0.0343,1.0,4.7599,2,0,2,,,,,,False,1.0,0.0,25.0,2.0,0.0,1.0,8.0,0.92,0.113,"LINESTRING (-116.21706 43.626245, -116.218236 43.626244)"
1106,7055898820,7055898821,0,nan,footway,42.8,43.6261,-116.2171,0.0422,1.0,5.0386,0,0,3,,,,,,False,1.0,0.0,25.0,2.0,0.0,1.0,5.0,0.92,0.2514,"LINESTRING (-116.21706 43.62586, -116.21706 43.626245)"
1107,7055898821,7055898822,0,nan,footway,39.6,43.6257,-116.2171,0.0702,1.0,6.1167,0,0,3,,,,,,False,1.0,0.0,25.0,2.0,0.0,1.0,4.0,0.92,0.2796,"LINESTRING (-116.217059 43.625504, -116.21706 43.62586)"
1108,7055898822,7055898823,0,nan,footway,94.6,43.6255,-116.2176,0.0127,1.0,6.1028,1,0,3,,,,,,False,1.0,0.0,25.0,2.0,0.0,1.0,8.0,0.92,0.2082,"LINESTRING (-116.218235 43.625504, -116.217059 43.625504)"
1109,7055898824,7055898829,0,nan,footway,41.0,43.6257,-116.2197,0.0396,1.0,4.0878,0,0,2,,,,,,False,1.0,0.0,25.0,2.0,0.0,1.0,4.0,0.92,0.1792,"LINESTRING (-116.219665 43.6255, -116.219666 43.625869)"
1110,7055898824,7055898825,0,nan,footway,41.3,43.6261,-116.2197,0.0285,1.0,3.4445,0,0,2,,,,,,False,1.0,0.0,25.0,2.0,0.0,1.0,4.0,0.92,0.1606,"LINESTRING (-116.219667 43.626241, -116.219666 43.625869)"
1111,7055898825,7055898826,0,nan,footway,94.4,43.6262,-116.2191,0.0264,1.0,4.3295,1,0,2,,,,,,False,1.0,0.0,25.0,2.0,0.0,1.0,8.0,0.92,0.1302,"LINESTRING (-116.218495 43.626242, -116.219667 43.626241)"
1112,7055898826,7055898827,0,nan,footway,41.8,43.6261,-116.2185,0.0197,1.0,4.6901,1,0,2,,,,,,False,1.0,0.0,25.0,2.0,0.0,1.0,4.0,0.92,0.1344,"LINESTRING (-116.218494 43.625866, -116.218495 43.626242)"
1113,7055898827,7055898828,0,nan,footway,40.5,43.6257,-116.2185,0.0184,1.0,4.6804,0,0,2,,,,,,False,1.0,0.0,25.0,2.0,0.0,1.0,4.0,0.92,0.1825,"LINESTRING (-116.218494 43.625503, -116.218494 43.625866)"
1114,7055898828,7055898829,0,nan,footway,94.3,43.6255,-116.2191,0.0193,1.0,4.6474,0,0,2,,,,,,False,1.0,0.0,25.0,2.0,0.0,1.0,8.0,0.92,0.1822,"LINESTRING (-116.219665 43.6255, -116.218494 43.625503)"
1115,7055898830,7055898839,0,nan,footway,95.3,43.6228,-116.2177,0.0171,1.0,4.0425,5,0,4,,,,,,False,1.0,0.0,25.0,2.0,0.0,1.0,8.0,0.92,0.15,"LINESTRING (-116.218242 43.622807, -116.217059 43.622813)"
1116,7055898830,7055898854,0,nan,footway,41.3,43.623,-116.2171,0.0056,1.0,4.1491,0,0,4,,,,,,False,1.0,0.0,25.0,2.0,0.0,1.0,4.0,0.92,0.2736,"LINESTRING (-116.21706 43.623185, -116.217059 43.622813)"
1117,7055898838,7055898856,0,nan,footway,42.4,43.6234,-116.2182,0.019,1.0,4.1464,5,0,3,,,,,,False,1.0,0.0,25.0,2.0,0.0,1.0,4.0,0.92,0.0997,"LINESTRING (-116.218233 43.62355, -116.218238 43.623169)"
1118,7055898838,7055898839,0,nan,footway,40.3,43.623,-116.2182,0.0416,1.0,4.1044,6,0,4,,,,,,False,1.0,0.0,25.0,2.0,0.0,1.0,4.0,0.92,0.1501,"LINESTRING (-116.218242 43.622807, -116.218238 43.623169)"
1119,7055898840,7055898845,0,nan,footway,41.5,43.6243,-116.2185,0.0261,1.0,4.44,0,0,1,,,,,,False,1.0,0.0,25.0,2.0,0.0,1.0,4.0,0.92,0.1277,"LINESTRING (-116.218498 43.624484, -116.218496 43.62411)"
1120,7055898840,7055898841,0,nan,footway,40.2,43.6239,-116.2185,0.0438,1.0,3.8132,1,0,2,,,,,,False,1.0,0.0,25.0,2.0,0.0,1.0,4.0,0.92,0.1263,"LINESTRING (-116.218496 43.623749, -116.218496 43.62411)"
1121,7055898841,7055898842,0,nan,footway,94.8,43.6237,-116.2191,0.0183,1.0,5.1358,2,0,2,,,,,,False,1.0,0.0,25.0,2.0,0.0,1.0,8.0,0.92,0.1134,"LINESTRING (-116.219674 43.623748, -116.218496 43.623749)"
1122,7055898842,7055898843,0,nan,footway,40.2,43.6239,-116.2197,0.0352,1.0,4.7632,1,0,3,,,,,,False,1.0,0.0,25.0,2.0,0.0,1.0,4.0,0.92,0.1951,"LINESTRING (-116.219662 43.62411, -116.219674 43.623748)"
1123,7055898843,7055898844,0,nan,footway,41.9,43.6243,-116.2197,0.0246,1.0,5.0147,0,0,1,,,,,,False,1.0,0.0,25.0,2.0,0.0,1.0,4.0,0.92,0.1377,"LINESTRING (-116.219663 43.624487, -116.219662 43.62411)"
1124,7055898844,7055898845,0,nan,footway,93.7,43.6245,-116.2191,0.0115,1.0,4.6552,0,0,1,,,,,,False,1.0,0.0,25.0,2.0,0.0,1.0,8.0,0.92,0.1261,"LINESTRING (-116.218498 43.624484, -116.219663 43.624487)"
1125,7055898846,7055898851,0,nan,footway,40.9,43.6252,-116.2197,0.0162,1.0,5.2166,0,0,3,,,,,,False,1.0,0.0,25.0,2.0,0.0,1.0,4.0,0.92,0.2443,"LINESTRING (-116.219668 43.625364, -116.219668 43.624996)"
1126,7055898846,7055898847,0,nan,footway,41.2,43.6248,-116.2197,0.0134,1.0,3.7131,0,0,2,,,,,,False,1.0,0.0,25.0,2.0,0.0,1.0,4.0,0.92,0.1609,"LINESTRING (-116.219671 43.624625, -116.219668 43.624996)"
1127,7055898847,7055898848,0,nan,footway,94.3,43.6246,-116.2191,0.0083,1.0,3.9053,0,0,2,,,,,,False,1.0,0.0,25.0,2.0,0.0,1.0,8.0,0.92,0.1631,"LINESTRING (-116.218499 43.624625, -116.219671 43.624625)"
1128,7055898848,7055898849,0,nan,footway,40.9,43.6248,-116.2185,0.0069,1.0,3.8584,0,0,3,,,,,,False,1.0,0.0,25.0,2.0,0.0,1.0,4.0,0.92,0.2148,"LINESTRING (-116.218499 43.624993, -116.218499 43.624625)"
1129,7055898849,7055898850,0,nan,footway,41.1,43.6252,-116.2185,0.0591,0.6667,3.6956,0,0,3,,,,,,False,1.0,0.0,25.0,2.0,0.0,1.0,4.0,0.92,0.3406,"LINESTRING (-116.218497 43.625363, -116.218499 43.624993)"
1130,7055898850,7055898851,0,nan,footway,94.3,43.6254,-116.2191,0.0152,1.0,5.0228,0,0,3,,,,,,False,1.0,0.0,25.0,2.0,0.0,1.0,8.0,0.92,0.2406,"LINESTRING (-116.219668 43.625364, -116.218497 43.625363)"
1131,7055898854,7055898855,0,nan,footway,41.2,43.6234,-116.2171,0.0089,1.0,4.0473,0,0,5,,,,,,False,1.0,0.0,25.0,2.0,0.0,1.0,4.0,0.92,0.326,"LINESTRING (-116.217065 43.623555, -116.21706 43.623185)"
1132,7055898855,7055898856,0,nan,footway,94.1,43.6236,-116.2176,0.0169,1.0,4.5019,1,0,3,,,,,,False,1.0,0.0,25.0,2.0,0.0,1.0,8.0,0.92,0.1831,"LINESTRING (-116.218233 43.62355, -116.217065 43.623555)"
1133,7055898858,7055898859,0,nan,footway,94.4,43.6237,-116.2176,0.1388,1.0,5.179,1,0,3,,,,,,False,1.0,0.0,25.0,2.0,0.0,1.0,8.0,0.92,0.2428,"LINESTRING (-116.218233 43.623748, -116.21706 43.623747)"
1134,7055898858,7055898862,0,nan,footway,40.5,43.6239,-116.2171,0.0493,1.0,8.2772,0,0,3,,,,,,False,1.0,0.0,25.0,2.0,0.0,1.0,4.0,0.92,0.2992,"LINESTRING (-116.217062 43.624111, -116.21706 43.623747)"
1135,7055898859,7055898861,0,nan,footway,40.3,43.6239,-116.2182,0.196,1.0,3.8832,1,0,2,,,,,,False,1.0,0.0,25.0,2.0,0.0,1.0,4.0,0.92,0.1871,"LINESTRING (-116.218232 43.624111, -116.218233 43.623748)"
1136,7055898861,7055898864,0,nan,footway,41.9,43.6243,-116.2182,0.1503,1.0,3.4322,0,0,1,,,,,,False,1.0,0.0,25.0,2.0,0.0,1.0,4.0,0.92,0.1546,"LINESTRING (-116.218231 43.624487, -116.218232 43.624111)"
1137,7055898862,7055898863,0,nan,footway,42.1,43.6243,-116.2171,0.0216,1.0,4.2946,0,0,2,,,,,,False,1.0,0.0,25.0,2.0,0.0,1.0,4.0,0.92,0.1763,"LINESTRING (-116.217059 43.62449, -116.217062 43.624111)"
1138,7055898863,7055898864,0,nan,footway,94.4,43.6245,-116.2176,0.0811,1.0,3.9848,0,0,3,,,,,,False,1.0,0.0,25.0,2.0,0.0,1.0,8.0,0.92,0.2464,"LINESTRING (-116.218231 43.624487, -116.217059 43.62449)"
1139,7055898866,7055898869,0,nan,footway,82.8,43.625,-116.2182,0.0297,0.6,4.5544,1,0,3,,,,,,False,1.0,0.0,25.0,2.0,0.0,1.0,8.0,0.92,0.3199,"LINESTRING (-116.218238 43.624624, -116.218234 43.625369)"
1140,7055898866,7055898867,0,nan,footway,94.6,43.6254,-116.2176,0.0142,1.0,4.3079,1,0,3,,,,,,False,1.0,0.0,25.0,2.0,0.0,1.0,8.0,0.92,0.1783,"LINESTRING (-116.217058 43.625372, -116.218234 43.625369)"
1141,7055898867,7055898868,0,nan,footway,83.1,43.625,-116.2171,0.0373,1.0,3.4166,0,0,4,,,,,,False,1.0,0.0,25.0,2.0,0.0,1.0,8.0,0.92,0.2699,"LINESTRING (-116.217059 43.624624, -116.217058 43.625372)"
1142,7055898868,7055898869,0,nan,footway,94.9,43.6246,-116.2176,0.0354,0.3333,3.644,0,0,3,,,,,,False,1.0,0.0,25.0,2.0,0.0,1.0,8.0,0.92,0.4392,"LINESTRING (-116.218238 43.624624, -116.217059 43.624624)"
1143,7056034074,7248152128,0,nan,footway,37.8,43.6228,-116.2129,0.0041,1.0,7.3826,9,0,8,,,,,,False,1.0,0.0,25.0,2.0,0.0,1.0,5.0,0.92,0.3754,"LINESTRING (-116.213045 43.622852, -116.212661 43.622657)"
1144,7056034074,7057302833,0,nan,footway,41.5,43.6228,-116.2125,0.0033,1.0,8.0696,9,0,8,,,,,,False,1.0,0.0,25.0,2.0,0.0,1.0,6.0,0.92,0.3833,"LINESTRING (-116.212371 43.622966, -116.212385 43.622952, -116.212661 43.622657)"
1145,7056034075,7248152128,0,nan,footway,57.1,43.623,-116.2133,0.0021,1.0,5.4833,4,0,8,,,,,,False,1.0,0.0,25.0,2.0,0.0,1.0,7.0,0.92,0.3963,"LINESTRING (-116.213045 43.622852, -116.213626 43.623147)"
1146,7056034075,7057302869,0,nan,footway,41.3,43.6233,-116.2135,0.0036,1.0,0.0,1,0,6,,,,,,False,1.0,0.0,25.0,2.0,0.0,1.0,6.0,0.92,0.1586,"LINESTRING (-116.213332 43.623452, -116.213345 43.623438, -116.213626 43.623147)"
1147,7056067886,7056067887,0,nan,footway,40.8,43.6212,-116.2138,0.1404,1.0,5.745,16,6,5,,,,,,False,1.0,0.0,25.0,2.0,0.0,1.0,3.0,0.92,0.4935,"LINESTRING (-116.213625 43.621321, -116.213913 43.621019)"
1148,7056067887,7057302913,0,nan,footway,41.9,43.6215,-116.2135,1.0991,1.0,6.5407,4,1,7,,,,,,False,1.0,0.0,25.0,2.0,0.0,1.0,6.0,0.92,0.888,"LINESTRING (-116.21333 43.621632, -116.213598 43.62135, -116.213625 43.621321)"
1149,7056067888,7057302913,0,nan,footway,92.2,43.6214,-116.2129,1.2107,1.0,6.174,8,2,9,,,,,,False,1.0,0.0,25.0,2.0,0.0,1.0,10.0,0.92,1.0,"LINESTRING (-116.21333 43.621632, -116.212392 43.621155)"
1150,7056067888,7100703071,0,nan,footway,41.2,43.621,-116.2125,0.8547,1.0,5.7866,3,0,9,,,,,,False,1.0,0.0,25.0,2.0,0.0,1.0,5.0,0.92,0.8024,"LINESTRING (-116.212655 43.62084, -116.212396 43.621132, -116.212392 43.621155)"
1151,7056067892,7056067893,0,nan,footway,42.6,43.6225,-116.2142,0.0075,1.0,4.5376,1,0,7,,,,,,False,1.0,0.0,25.0,2.0,0.0,1.0,5.0,0.92,0.393,"LINESTRING (-116.214058 43.622691, -116.21436 43.622376)"
1152,7056067892,7056067908,0,nan,footway,94.9,43.6221,-116.2139,0.028,1.0,5.0193,8,2,7,,,,,,False,1.0,0.0,25.0,2.0,0.0,1.0,10.0,0.92,0.4649,"LINESTRING (-116.213397 43.621884, -116.21436 43.622376)"
1153,7056067893,7056067894,0,nan,footway,40.4,43.6228,-116.2139,0.0154,1.0,4.4623,2,0,7,,,,,,False,1.0,0.0,25.0,2.0,0.0,1.0,5.0,0.92,0.3662,"LINESTRING (-116.213777 43.622992, -116.214058 43.622691)"
1154,7056067894,7056067905,0,nan,footway,94.6,43.6227,-116.2133,0.0063,1.0,4.3885,9,0,8,,,,,,False,1.0,0.0,25.0,2.0,0.0,1.0,9.0,0.92,0.3299,"LINESTRING (-116.212813 43.622504, -116.213777 43.622992)"
1155,7056067902,7057302915,0,nan,footway,43.1,43.6219,-116.213,0.012,1.0,2.249,3,0,8,,,,,,False,1.0,0.0,25.0,2.0,0.0,1.0,6.0,0.92,0.3433,"LINESTRING (-116.212878 43.622096, -116.213169 43.621806, -116.213198 43.621786)"
1156,7056067905,7056067906,0,nan,footway,40.1,43.6224,-116.213,0.0087,1.0,4.0647,10,0,8,,,,,,False,1.0,0.0,25.0,2.0,0.0,1.0,5.0,0.92,0.3176,"LINESTRING (-116.213092 43.622205, -116.212813 43.622504)"
1157,7056067906,7056067908,0,nan,footway,43.3,43.622,-116.2132,0.0084,1.0,5.1719,2,0,8,,,,,,False,1.0,0.0,25.0,2.0,0.0,1.0,6.0,0.92,0.4295,"LINESTRING (-116.213397 43.621884, -116.213092 43.622205)"
1158,7056067911,8403752178,0,nan,footway,40.2,43.6199,-116.2121,1.5753,1.0,0.0,12,1,6,,,,,,False,1.0,0.0,25.0,2.0,0.0,1.0,9.0,0.92,0.7413,"LINESTRING (-116.211918 43.619781, -116.212324 43.619992)"
1159,7056067911,7056067912,0,nan,footway,53.0,43.6201,-116.2126,0.6205,1.0,4.7949,16,2,6,,,,,,False,1.0,0.0,25.0,2.0,0.0,1.0,5.0,0.92,0.594,"LINESTRING (-116.212863 43.620265, -116.212324 43.619992)"
1160,7056067913,7056067915,0,nan,footway,41.4,43.6201,-116.213,0.3336,1.0,4.7949,21,2,6,,,,,,False,1.0,0.0,25.0,2.0,0.0,1.0,3.0,0.92,0.464,"LINESTRING (-116.21318 43.619958, -116.213157 43.619979, -116.212888 43.620265)"
1161,7056067915,7056067920,0,nan,footway,40.6,43.6198,-116.2133,0.2125,1.0,4.9203,23,2,6,,,,,,False,1.0,0.0,25.0,2.0,0.0,1.0,9.0,0.92,0.413,"LINESTRING (-116.213471 43.61966, -116.2132 43.619938, -116.21318 43.619958)"
1162,7056067928,7056068296,0,nan,footway,51.4,43.6202,-116.2146,0.6154,0.0,0.0,9,0,5,,,,,,False,1.0,0.0,25.0,2.0,0.0,1.0,6.0,0.92,0.5579,"LINESTRING (-116.214696 43.620418, -116.214674 43.620365, -116.214657 43.620262, -116.214636 43.620205, -116.214606 43.620136, -116.214555 43.620072, -116.214477 43.619992)"
1163,7056067928,9262348104,0,nan,footway,45.8,43.6198,-116.2143,0.2979,1.0,4.9199,13,0,5,,,,,,False,1.0,0.0,25.0,2.0,0.0,1.0,5.0,0.92,0.2701,"LINESTRING (-116.214048 43.619726, -116.214218 43.61981, -116.214339 43.619877, -116.214386 43.619914, -116.214437 43.619959, -116.214477 43.619992)"
1164,7056067952,7241806172,0,nan,footway,312.8,43.6193,-116.2164,0.1542,0.0,0.0,22,2,5,0.0007,0.1741,0.3842,0.0668,0.013,True,1.0,0.0,25.0,2.0,0.0,1.0,11.0,0.92,0.4804,"LINESTRING (-116.214566 43.618933, -116.214575 43.618949, -116.214584 43.618961, -116.214913 43.619098, -116.215053 43.619141, -116.215216 43.619188, -116.215316 43.61921, -116.215603 43.619263, -116.215839 43.619294, -116.215947 43.619305, -116.216195 43.619313, -116.216506 43.61931, -116.21753 43.619317, -116.217594 43.619325, -116.217657 43.61934, -116.217742 43.619367, -116.217805 43.619399, -116.217862 43.619437, -116.217911 43.619485, -116.217972 43.619567, -116.218076 43.619702)"
1165,7056067974,7056068035,0,South 17th Street,unclassified,44.8,43.6196,-116.2157,0.0259,0.0,0.0,4,0,5,,,,,,False,0.0,2.0,25.0,2.0,0.179,0.5,1.0,0.881,0.3768,"LINESTRING (-116.215762 43.619801, -116.215709 43.619714, -116.215645 43.619533, -116.215634 43.619413)"
1166,7056067986,7056068029,0,nan,footway,134.4,43.6194,-116.2166,0.0042,0.25,5.1684,2,0,5,,,,,,False,1.0,0.0,25.0,2.0,0.0,1.0,1.0,0.92,0.5134,"LINESTRING (-116.215742 43.61943, -116.215759 43.619418, -116.215774 43.61941, -116.215814 43.619401, -116.215855 43.6194, -116.215946 43.619412, -116.216054 43.619412, -116.216257 43.619419, -116.217111 43.619419, -116.217396 43.619436)"
1167,7056067986,7056068226,0,nan,footway,57.7,43.6195,-116.2177,0.0073,0.25,5.1684,2,0,4,,,,,,False,1.0,0.0,25.0,2.0,0.0,1.0,3.0,0.92,0.4614,"LINESTRING (-116.217843 43.619744, -116.217856 43.619715, -116.217835 43.619657, -116.21778 43.619561, -116.217747 43.619523, -116.217701 43.619491, -116.217648 43.619466, -116.217582 43.619448, -116.217512 43.619437, -116.217396 43.619436)"
1168,7056067995,7056068319,0,nan,footway,41.8,43.6216,-116.2137,0.0598,1.0,4.5335,11,3,7,,,,,,False,1.0,0.0,25.0,2.0,0.0,1.0,5.0,0.92,0.4903,"LINESTRING (-116.213546 43.62174, -116.21381 43.621464, -116.213842 43.621431)"
1169,7056067995,7056068321,0,nan,footway,39.4,43.6213,-116.214,0.0513,1.0,0.0,18,6,5,,,,,,False,1.0,0.0,25.0,2.0,0.0,1.0,3.0,0.92,0.2506,"LINESTRING (-116.214121 43.62114, -116.213852 43.621419, -116.213842 43.621431)"
1170,7056067998,7056067999,0,nan,footway,40.8,43.6234,-116.2151,0.0116,1.0,4.9806,0,0,5,,,,,,False,1.0,0.0,25.0,2.0,0.0,1.0,3.0,0.92,0.3449,"LINESTRING (-116.21495 43.623588, -116.215241 43.623288)"
1171,7056067998,7056068009,0,nan,footway,135.6,43.6228,-116.2153,0.034,1.0,5.5027,2,0,5,,,,,,False,1.0,0.0,25.0,2.0,0.0,1.0,4.0,0.92,0.2853,"LINESTRING (-116.214574 43.622491, -116.21553 43.622978, -116.215241 43.623288)"
1172,7056067999,7056068000,0,nan,footway,94.3,43.6233,-116.2145,0.0249,1.0,4.6685,1,0,4,,,,,,False,1.0,0.0,25.0,2.0,0.0,1.0,5.0,0.92,0.2426,"LINESTRING (-116.213989 43.623102, -116.21495 43.623588)"
1173,7056068000,7056068001,0,nan,footway,40.8,43.6229,-116.2141,0.0265,1.0,5.2876,1,0,7,,,,,,False,1.0,0.0,25.0,2.0,0.0,1.0,4.0,0.92,0.4137,"LINESTRING (-116.214266 43.622796, -116.213989 43.623102)"
1174,7056068001,7056068009,0,nan,footway,42.0,43.6226,-116.2144,0.0198,1.0,4.6982,2,0,7,,,,,,False,1.0,0.0,25.0,2.0,0.0,1.0,5.0,0.92,0.3723,"LINESTRING (-116.214574 43.622491, -116.214291 43.622773, -116.214266 43.622796)"
1175,7056068010,7056068015,0,nan,footway,141.2,43.6203,-116.2163,0.0373,0.75,6.0742,6,1,5,,,,,,False,1.0,0.0,25.0,2.0,0.0,1.0,4.0,0.92,0.4191,"LINESTRING (-116.217112 43.620013, -116.216637 43.620183, -116.21638 43.620271, -116.21634 43.620278, -116.216296 43.620277, -116.216238 43.62027, -116.216187 43.620252, -116.216133 43.620212, -116.216033 43.620063, -116.215879 43.61983, -116.215846 43.61978)"
1176,7056068010,7056068029,0,nan,footway,40.9,43.6196,-116.2157,0.0186,0.0,0.0,3,0,5,,,,,,False,1.0,0.0,25.0,2.0,0.0,1.0,1.0,0.92,0.3896,"LINESTRING (-116.215742 43.61943, -116.215726 43.61946, -116.215724 43.619507, -116.215733 43.619564, -116.215751 43.61962, -116.215802 43.61971, -116.215846 43.61978)"
1177,7056068014,7056068015,0,nan,footway,49.0,43.6199,-116.2174,0.0594,1.0,5.1684,2,1,4,,,,,,False,1.0,0.0,25.0,2.0,0.0,1.0,4.0,0.92,0.3378,"LINESTRING (-116.217112 43.620013, -116.217662 43.619823)"
1178,7056068030,7241806166,0,nan,footway,41.6,43.6193,-116.2153,0.0457,0.0,0.0,1,0,5,,,,,,False,1.0,0.0,25.0,2.0,0.0,1.0,3.0,0.92,0.4488,"LINESTRING (-116.215077 43.619282, -116.215094 43.619278, -116.215112 43.619276, -116.215132 43.619278, -116.215146 43.61928, -116.215169 43.619286, -116.215258 43.619308, -116.215368 43.619333, -116.215462 43.619351, -116.215495 43.619358, -116.215518 43.619367, -116.21555 43.619399)"
1179,7056068030,7056068034,0,nan,footway,49.2,43.6196,-116.2156,0.0608,0.3333,8.5194,3,0,6,,,,,,False,1.0,0.0,25.0,2.0,0.0,1.0,1.0,0.92,0.5868,"LINESTRING (-116.215672 43.619827, -116.215623 43.619752, -116.215579 43.619643, -116.21556 43.619572, -116.21555 43.619399)"
1180,7056068034,7056068273,0,nan,footway,72.4,43.6201,-116.2159,0.0093,1.0,8.5194,3,0,5,,,,,,False,1.0,0.0,25.0,2.0,0.0,1.0,1.0,0.92,0.2954,"LINESTRING (-116.21596 43.620416, -116.215991 43.620384, -116.215998 43.620362, -116.216001 43.620332, -116.215995 43.620301, -116.215977 43.620266, -116.215781 43.619975, -116.215704 43.619874, -116.215672 43.619827)"
1181,7056068075,7056068077,0,nan,footway,51.4,43.621,-116.2198,0.086,1.0,4.7831,3,2,4,,,,,,False,1.0,0.0,25.0,2.0,0.0,1.0,4.0,0.92,0.3805,"LINESTRING (-116.219844 43.621224, -116.219843 43.621188, -116.219856 43.620762)"
1182,7056068077,13710344506,0,nan,footway,51.2,43.6215,-116.2198,0.0975,1.0,5.6379,3,2,4,,,,,,False,1.0,0.0,25.0,2.0,0.0,1.0,5.0,0.92,0.3995,"LINESTRING (-116.219834 43.621685, -116.219846 43.621251, -116.219844 43.621224)"
1183,7056068207,13710344511,0,nan,footway,138.6,43.6199,-116.2197,0.1149,0.75,5.1946,0,0,5,,,,,,False,1.0,0.0,25.0,2.0,0.0,1.0,2.0,0.92,0.4706,"LINESTRING (-116.219663 43.620555, -116.219674 43.620555, -116.219673 43.620158, -116.219675 43.619949, -116.219674 43.61969, -116.219674 43.619317)"
1184,7056068215,7056068230,0,nan,footway,42.9,43.6199,-116.2183,0.0079,0.0,0.0,1,0,4,,,,,,False,1.0,0.0,25.0,2.0,0.0,1.0,2.0,0.92,0.3809,"LINESTRING (-116.218158 43.619795, -116.218271 43.619878, -116.21834 43.619937, -116.218393 43.61999, -116.218434 43.620048, -116.218464 43.620106)"
1185,7056068217,7056068382,0,nan,footway,34.0,43.6204,-116.2185,0.4759,1.0,5.4293,2,0,5,,,,,,False,1.0,0.0,25.0,2.0,0.0,1.0,5.0,0.92,0.4563,"LINESTRING (-116.218519 43.620535, -116.218517 43.620522, -116.218507 43.620474, -116.218511 43.620271, -116.218505 43.620231)"
1186,7056068222,13710344515,0,nan,footway,43.2,43.6205,-116.2192,0.0155,1.0,3.9192,2,0,5,,,,,,False,1.0,0.0,25.0,2.0,0.0,1.0,4.0,0.92,0.2488,"LINESTRING (-116.219513 43.620552, -116.218976 43.62054)"
1187,7056068222,7056068382,0,nan,footway,36.8,43.6205,-116.2187,0.3816,0.6667,5.4293,2,0,5,,,,,,False,1.0,0.0,25.0,2.0,0.0,1.0,5.0,0.92,0.5286,"LINESTRING (-116.218519 43.620535, -116.218569 43.620535, -116.218976 43.62054)"
1188,7056068240,9955626721,0,nan,path,31.9,43.6204,-116.2176,0.1579,1.0,4.1643,2,1,4,,,,,,False,1.0,0.0,25.0,2.0,0.0,1.0,4.0,0.92,0.3576,"LINESTRING (-116.217401 43.620351, -116.217506 43.620341, -116.217532 43.620377, -116.21762 43.620454, -116.217541 43.620494)"
1189,7056068240,8397902418,0,nan,footway,62.1,43.6205,-116.2179,0.8256,0.75,5.8773,3,1,4,,,,,,False,1.0,0.0,25.0,2.0,0.0,1.0,5.0,0.92,0.7095,"LINESTRING (-116.218301 43.620532, -116.218291 43.620536, -116.217997 43.620525, -116.21794 43.6205, -116.217541 43.620494)"
1190,7056068244,7056068249,0,nan,footway,62.0,43.6206,-116.2132,0.0218,1.0,5.745,19,1,6,,,,,,False,1.0,0.0,25.0,2.0,0.0,1.0,3.0,0.92,0.3058,"LINESTRING (-116.212814 43.620692, -116.212856 43.620658, -116.212895 43.620639, -116.21293 43.620628, -116.212968 43.620618, -116.213013 43.620616, -116.213054 43.620617, -116.213091 43.620623, -116.213125 43.62063, -116.213215 43.620669, -116.213479 43.620797)"
1191,7056068255,7056068297,0,nan,footway,37.5,43.6204,-116.2142,0.395,0.3333,5.8609,19,0,4,,,,,,False,1.0,0.0,25.0,2.0,0.0,1.0,5.0,0.92,0.4632,"LINESTRING (-116.214414 43.620439, -116.213947 43.62043)"
1192,7056068255,7056068266,0,nan,footway,69.5,43.6204,-116.2135,0.1787,1.0,5.8609,26,2,6,,,,,,False,1.0,0.0,25.0,2.0,0.0,1.0,4.0,0.92,0.407,"LINESTRING (-116.213102 43.620369, -116.213153 43.620399, -116.213203 43.620411, -116.213536 43.62042, -116.213947 43.62043)"
1193,7056068263,7056068294,0,nan,footway,103.1,43.62,-116.2142,0.2272,0.0,0.0,29,1,4,,,,,,False,1.0,0.0,25.0,2.0,0.0,1.0,12.0,0.92,0.3776,"LINESTRING (-116.214474 43.620421, -116.214474 43.620362, -116.214459 43.620263, -116.214439 43.620211, -116.214403 43.620149, -116.214356 43.620098, -116.214282 43.620043, -116.214158 43.619971, -116.213715 43.619742)"
1194,7056068264,7056068266,0,nan,footway,65.5,43.6201,-116.2133,0.2165,1.0,5.8609,28,2,6,,,,,,False,1.0,0.0,25.0,2.0,0.0,1.0,8.0,0.92,0.4167,"LINESTRING (-116.213102 43.620369, -116.213526 43.619935, -116.213568 43.619886)"
1195,7056068273,7056068292,0,nan,footway,101.5,43.6204,-116.2154,0.1444,0.6667,8.5194,7,0,6,,,,,,False,1.0,0.0,25.0,2.0,0.0,1.0,6.0,0.92,0.4617,"LINESTRING (-116.214736 43.620442, -116.214775 43.620453, -116.215055 43.620458, -116.215186 43.620432, -116.215428 43.620442, -116.21549 43.620467, -116.21581 43.620474, -116.21596 43.620416)"
1196,7056068276,7056068278,0,nan,footway,74.2,43.6206,-116.2138,0.2615,0.8,6.2765,21,1,4,,,,,,False,1.0,0.0,25.0,2.0,0.0,1.0,7.0,0.92,0.3594,"LINESTRING (-116.214273 43.620648, -116.214253 43.620637, -116.213904 43.620629, -116.213868 43.620615, -116.213797 43.620614, -116.213777 43.620625, -116.213648 43.62062, -116.21362 43.62064, -116.213814 43.620744)"
1197,7056068277,7056068278,0,nan,footway,29.6,43.6208,-116.2142,0.6625,1.0,6.2765,20,0,4,,,,,,False,1.0,0.0,25.0,2.0,0.0,1.0,7.0,0.92,0.3522,"LINESTRING (-116.214273 43.620648, -116.214062 43.620866)"
1198,7056068290,9832907232,0,nan,footway,90.8,43.6212,-116.2169,0.0522,1.0,0.0,6,0,4,,,,,,False,1.0,0.0,25.0,2.0,0.0,1.0,6.0,0.92,0.0,"LINESTRING (-116.216915 43.621584, -116.216923 43.621574, -116.216924 43.621309, -116.216886 43.621187, -116.216898 43.620773)"
1199,7056068302,7056068308,0,nan,footway,74.6,43.621,-116.2142,0.3459,0.6,5.4984,21,5,4,,,,,,False,1.0,0.0,25.0,2.0,0.0,1.0,7.0,0.92,0.6066,"LINESTRING (-116.214526 43.621187, -116.214189 43.621011, -116.214472 43.620703)"
1200,7056068313,7056068337,0,nan,footway,125.9,43.6212,-116.2148,0.1086,0.4286,5.4984,21,5,6,,,,,,False,1.0,0.0,25.0,2.0,0.0,1.0,6.0,0.92,0.6767,"LINESTRING (-116.215431 43.621572, -116.215216 43.621461, -116.215014 43.621355, -116.214923 43.621297, -116.2148 43.621211, -116.214745 43.621164, -116.214701 43.621111, -116.214678 43.621054, -116.214665 43.620997, -116.214662 43.620893, -116.214666 43.620688)"
1201,7056068314,7056068321,0,nan,footway,96.4,43.6214,-116.2146,0.0499,1.0,4.8554,24,5,6,,,,,,False,1.0,0.0,25.0,2.0,0.0,1.0,4.0,0.92,0.4469,"LINESTRING (-116.214121 43.62114, -116.215081 43.621606, -116.215098 43.621634)"
1202,7056068314,7056068316,0,nan,footway,40.7,43.6218,-116.215,0.0585,1.0,5.4407,17,4,8,,,,,,False,1.0,0.0,25.0,2.0,0.0,1.0,3.0,0.92,0.5631,"LINESTRING (-116.214833 43.62194, -116.214852 43.621918, -116.214858 43.621912, -116.215098 43.621662, -116.215098 43.621634)"
1203,7056068316,7056068318,0,nan,footway,41.0,43.6221,-116.2147,0.5207,1.0,6.6114,6,0,7,,,,,,False,1.0,0.0,25.0,2.0,0.0,1.0,6.0,0.92,0.5385,"LINESTRING (-116.214534 43.622238, -116.214814 43.621961, -116.214833 43.62194)"
1204,7056068318,7056068319,0,nan,footway,96.9,43.622,-116.214,0.5585,1.0,5.9232,12,5,7,,,,,,False,1.0,0.0,25.0,2.0,0.0,1.0,9.0,0.92,0.762,"LINESTRING (-116.213546 43.62174, -116.214534 43.622238)"
1205,7056068324,7056068325,0,nan,footway,65.1,43.6207,-116.2165,0.0693,0.75,0.0,4,1,5,,,,,,False,1.0,0.0,25.0,2.0,0.0,1.0,3.0,0.92,0.2498,"LINESTRING (-116.21609 43.620669, -116.216898 43.620692)"
1206,7056068325,7056068326,0,nan,footway,94.7,43.6207,-116.2155,0.0195,0.1667,5.4984,4,0,6,,,,,,False,1.0,0.0,25.0,2.0,0.0,1.0,4.0,0.92,0.5695,"LINESTRING (-116.214914 43.620645, -116.21609 43.620669)"
1207,7056068337,7056068345,0,nan,footway,118.5,43.6217,-116.2161,0.0103,0.2857,0.0,13,1,5,,,,,,False,1.0,0.0,25.0,2.0,0.0,1.0,4.0,0.92,0.3064,"LINESTRING (-116.216859 43.621711, -116.216034 43.621715, -116.21594 43.621715, -116.215833 43.621706, -116.21574 43.621688, -116.215629 43.621654, -116.215529 43.621619, -116.215477 43.621596, -116.215431 43.621572)"
1208,7056068347,7056068348,0,nan,footway,41.6,43.6222,-116.2149,0.0607,1.0,4.2838,6,0,7,,,,,,False,1.0,0.0,25.0,2.0,0.0,1.0,6.0,0.92,0.3208,"LINESTRING (-116.215015 43.622031, -116.21472 43.622338)"
1209,7056068348,7056068349,0,nan,footway,41.4,43.6219,-116.2152,0.1531,0.6667,3.3782,9,2,8,,,,,,False,1.0,0.0,25.0,2.0,0.0,1.0,3.0,0.92,0.6351,"LINESTRING (-116.215312 43.621727, -116.215015 43.622031)"
1210,7056068349,7056068355,0,nan,footway,52.3,43.6218,-116.2156,0.0643,0.3333,5.8913,8,1,5,,,,,,False,1.0,0.0,25.0,2.0,0.0,1.0,2.0,0.92,0.5455,"LINESTRING (-116.215909 43.621895, -116.21582 43.621889, -116.21573 43.621874, -116.215605 43.621846, -116.215513 43.621818, -116.215417 43.621775, -116.215312 43.621727)"
1211,7056068368,7056068417,0,nan,footway,51.7,43.621,-116.2197,0.0699,0.6667,4.1313,5,2,5,,,,,,False,1.0,0.0,25.0,2.0,0.0,1.0,4.0,0.92,0.4955,"LINESTRING (-116.219676 43.620758, -116.219673 43.621187, -116.219671 43.621223)"
1212,7056068368,10723399683,0,nan,footway,40.3,43.6214,-116.2197,0.0242,1.0,4.9185,5,2,4,,,,,,False,1.0,0.0,25.0,2.0,0.0,1.0,5.0,0.92,0.3304,"LINESTRING (-116.219677 43.621586, -116.21967 43.621243, -116.219671 43.621223)"
1213,7056068375,7056068376,0,nan,footway,41.7,43.6214,-116.2171,0.0037,1.0,0.0,4,0,4,,,,,,False,1.0,0.0,25.0,2.0,0.0,1.0,4.0,0.92,0.0,"LINESTRING (-116.217054 43.621208, -116.217052 43.621582)"
1214,7056068376,7056068378,0,nan,footway,56.4,43.621,-116.2171,0.9249,1.0,7.6314,2,1,4,,,,,,False,1.0,0.0,25.0,2.0,0.0,1.0,2.0,0.92,0.7105,"LINESTRING (-116.21705 43.620701, -116.217053 43.62093, -116.217054 43.621208)"
1215,7056068378,7056068385,0,nan,footway,98.9,43.6207,-116.2177,1.0124,1.0,6.1496,3,1,4,,,,,,False,1.0,0.0,25.0,2.0,0.0,1.0,7.0,0.92,0.7046,"LINESTRING (-116.218277 43.620724, -116.217374 43.620709, -116.217173 43.620704, -116.21705 43.620701)"
1216,7056068385,7056068387,0,nan,footway,54.7,43.621,-116.2183,0.1919,1.0,3.9018,2,1,4,,,,,,False,1.0,0.0,25.0,2.0,0.0,1.0,5.0,0.92,0.3653,"LINESTRING (-116.218233 43.621215, -116.218255 43.621003, -116.218277 43.620724)"
1217,7056068388,7056068740,0,nan,footway,38.1,43.6215,-116.2182,0.2569,1.0,5.9409,3,1,4,,,,,,False,1.0,0.0,25.0,2.0,0.0,1.0,5.0,0.92,0.407,"LINESTRING (-116.218231 43.621681, -116.218234 43.621339)"
1218,7056068412,7056068415,0,nan,footway,59.1,43.6217,-116.2174,0.009,0.25,5.9409,8,1,4,,,,,,False,1.0,0.0,25.0,2.0,0.0,1.0,7.0,0.92,0.4987,"LINESTRING (-116.217774 43.621679, -116.217642 43.621679, -116.21759 43.621714, -116.217059 43.621712)"
1219,7056068415,7056068740,0,nan,footway,36.7,43.6217,-116.218,0.2336,1.0,5.9409,6,1,4,,,,,,False,1.0,0.0,25.0,2.0,0.0,1.0,7.0,0.92,0.3586,"LINESTRING (-116.218231 43.621681, -116.217774 43.621679)"
1220,7056068417,7100703046,0,nan,footway,85.2,43.6207,-116.2191,0.2924,1.0,0.0,3,0,6,,,,,,False,1.0,0.0,25.0,2.0,0.0,1.0,7.0,0.92,0.2225,"LINESTRING (-116.218619 43.620736, -116.219676 43.620758)"
1221,7056068418,7056068419,0,nan,footway,54.3,43.621,-116.2185,0.9684,1.0,0.0,5,1,5,,,,,,False,1.0,0.0,25.0,2.0,0.0,1.0,5.0,0.92,0.5057,"LINESTRING (-116.218499 43.621216, -116.218501 43.620728)"
1222,7056068419,7056068743,0,nan,footway,51.6,43.6214,-116.2185,0.2789,0.0,0.0,7,1,4,,,,,,False,1.0,0.0,25.0,2.0,0.0,1.0,4.0,0.92,0.4906,"LINESTRING (-116.218496 43.621681, -116.218499 43.621216)"
1223,7056068420,10723399680,0,nan,footway,42.4,43.6217,-116.2193,0.0191,1.0,4.4513,5,2,5,,,,,,False,1.0,0.0,25.0,2.0,0.0,1.0,3.0,0.92,0.373,"LINESTRING (-116.219569 43.621712, -116.219042 43.621712)"
1224,7056068420,7056068421,0,nan,footway,43.8,43.6217,-116.2188,0.3374,0.0,0.0,7,3,6,,,,,,False,1.0,0.0,25.0,2.0,0.0,1.0,4.0,0.92,0.7213,"LINESTRING (-116.218498 43.62171, -116.219042 43.621712)"
1225,7057295849,7057302998,0,nan,footway,40.2,43.6219,-116.2099,1.0582,1.0,5.9262,5,1,8,,,,,,False,1.0,0.0,25.0,2.0,0.0,1.0,9.0,0.92,0.9036,"LINESTRING (-116.209725 43.622069, -116.210009 43.621771)"
1226,7057302799,7057302800,0,nan,footway,40.8,43.6251,-116.2138,0.0195,1.0,5.5636,13,2,2,,,,,,False,1.0,0.0,25.0,2.0,0.0,1.0,5.0,0.92,0.1735,"LINESTRING (-116.213958 43.624907, -116.213669 43.625208)"
1227,7057302799,7057388634,0,nan,footway,70.2,43.6254,-116.214,0.0726,1.0,4.6592,16,2,2,,,,,,False,1.0,0.0,25.0,2.0,0.0,1.0,7.0,0.92,0.165,"LINESTRING (-116.214341 43.62561, -116.214207 43.625518, -116.213976 43.625372, -116.213669 43.625208)"
1228,7057302800,7057302979,0,nan,footway,39.7,43.6248,-116.2141,0.0083,1.0,5.9457,7,1,3,,,,,,False,1.0,0.0,25.0,2.0,0.0,1.0,5.0,0.92,0.2082,"LINESTRING (-116.214224 43.624606, -116.213977 43.624887, -116.213958 43.624907)"
1229,7057302804,7057302923,0,nan,footway,27.7,43.6249,-116.2102,0.0,0.0,0.0,7,2,4,,,,,,False,1.0,0.0,25.0,2.0,0.0,1.0,4.0,0.92,0.4412,"LINESTRING (-116.210087 43.625002, -116.210119 43.624968, -116.210283 43.624798)"
1230,7057302804,7057302926,0,nan,footway,55.0,43.6246,-116.2105,0.0,0.25,5.942,6,2,4,,,,,,False,1.0,0.0,25.0,2.0,0.0,1.0,6.0,0.92,0.5722,"LINESTRING (-116.210673 43.624392, -116.210633 43.624434, -116.210283 43.624798)"
1231,7057302806,7273021153,0,nan,footway,39.6,43.6251,-116.2104,0.0,0.0,0.0,15,6,4,,,,,,False,1.0,0.0,25.0,2.0,0.0,1.0,5.0,0.92,0.5165,"LINESTRING (-116.210225 43.625197, -116.210505 43.624905)"
1232,7057302806,7057302880,0,nan,footway,52.2,43.6247,-116.2107,0.0,0.3333,6.9217,11,3,4,,,,,,False,1.0,0.0,25.0,2.0,0.0,1.0,5.0,0.92,0.563,"LINESTRING (-116.210877 43.62452, -116.210849 43.624547, -116.21058 43.624827, -116.210505 43.624905)"
1233,7057302809,7057302877,0,nan,footway,43.1,43.6253,-116.2113,0.0117,1.0,7.5458,22,7,4,,,,,,False,1.0,0.0,25.0,2.0,0.0,1.0,3.0,0.92,0.4132,"LINESTRING (-116.211477 43.62538, -116.211028 43.625169)"
1234,7057302811,7273021132,0,nan,footway,94.5,43.6258,-116.2104,0.0247,1.0,6.7027,15,6,4,,,,,,False,1.0,0.0,25.0,2.0,0.0,1.0,8.0,0.92,0.4134,"LINESTRING (-116.210831 43.626053, -116.209871 43.625565)"
1235,7057302811,7057302884,0,nan,footway,39.9,43.6254,-116.21,0.0034,1.0,7.1652,13,7,4,,,,,,False,1.0,0.0,25.0,2.0,0.0,1.0,7.0,0.92,0.4401,"LINESTRING (-116.210157 43.625272, -116.210133 43.625299, -116.209871 43.625565)"
1236,7057302815,7265439951,0,nan,footway,41.3,43.6236,-116.2096,0.7315,0.3333,0.0,25,0,5,,,,,,False,1.0,0.0,25.0,2.0,0.0,1.0,9.0,0.92,0.427,"LINESTRING (-116.2095 43.623788, -116.209578 43.6237, -116.209632 43.623654, -116.209745 43.623539, -116.209784 43.623496, -116.209787 43.623482)"
1237,7057302815,7265439965,0,nan,footway,36.1,43.6234,-116.2096,0.6434,0.3333,7.0596,22,0,5,,,,,,False,1.0,0.0,25.0,2.0,0.0,1.0,7.0,0.92,0.6204,"LINESTRING (-116.20942 43.623296, -116.209507 43.623345, -116.209743 43.623461, -116.209787 43.623482)"
1238,7057302818,7057302819,0,nan,footway,66.9,43.6218,-116.2109,0.5162,1.0,4.8486,5,0,10,,,,,,False,1.0,0.0,25.0,2.0,0.0,1.0,11.0,0.92,0.6796,"LINESTRING (-116.211277 43.621948, -116.21059 43.621609)"
1239,7057302819,7057302911,0,nan,footway,42.4,43.6221,-116.2111,0.2861,1.0,4.2373,7,0,9,,,,,,False,1.0,0.0,25.0,2.0,0.0,1.0,6.0,0.92,0.5048,"LINESTRING (-116.210968 43.622256, -116.211277 43.621948)"
1240,7057302822,7057302839,0,nan,footway,38.2,43.622,-116.2118,0.266,0.3333,6.3254,8,0,9,,,,,,False,1.0,0.0,25.0,2.0,0.0,1.0,5.0,0.92,0.742,"LINESTRING (-116.212 43.622122, -116.211617 43.621919)"
1241,7057302824,7168024820,0,nan,footway,41.6,43.6214,-116.2121,0.324,0.3333,3.3861,4,0,10,,,,,,False,1.0,0.0,25.0,2.0,0.0,1.0,7.0,0.92,0.8053,"LINESTRING (-116.212209 43.621295, -116.211914 43.621602)"
1242,7057302824,7100703068,0,nan,footway,28.4,43.6217,-116.2118,0.1104,1.0,3.3861,5,0,10,,,,,,False,1.0,0.0,25.0,2.0,0.0,1.0,7.0,0.92,0.4912,"LINESTRING (-116.211713 43.621812, -116.211914 43.621602)"
1243,7057302833,7057303010,0,nan,footway,41.3,43.6231,-116.2122,0.0595,1.0,7.111,9,0,8,,,,,,False,1.0,0.0,25.0,2.0,0.0,1.0,5.0,0.92,0.3935,"LINESTRING (-116.212076 43.62327, -116.21235 43.622989, -116.212371 43.622966)"
1244,7057302837,7057302839,0,nan,footway,46.6,43.6222,-116.2123,0.004,1.0,6.3254,11,0,9,,,,,,False,1.0,0.0,25.0,2.0,0.0,1.0,7.0,0.92,0.4016,"LINESTRING (-116.212 43.622122, -116.212282 43.622227, -116.212493 43.62234)"
1245,7057302844,7057303006,0,nan,footway,41.4,43.623,-116.212,0.0166,1.0,7.9245,10,0,8,,,,,,False,1.0,0.0,25.0,2.0,0.0,1.0,6.0,0.92,0.3801,"LINESTRING (-116.211859 43.623161, -116.212126 43.622879, -116.212148 43.622853)"
1246,7057302844,7057302846,0,nan,footway,41.6,43.6227,-116.2123,0.0167,1.0,12.2832,10,0,8,,,,,,False,1.0,0.0,25.0,2.0,0.0,1.0,4.0,0.92,0.4219,"LINESTRING (-116.212447 43.622548, -116.212162 43.622839, -116.212148 43.622853)"
1247,7057302846,7057302847,0,nan,footway,94.5,43.6223,-116.212,0.0379,1.0,8.0558,18,0,9,,,,,,False,1.0,0.0,25.0,2.0,0.0,1.0,9.0,0.92,0.4048,"LINESTRING (-116.211492 43.622053, -116.212447 43.622548)"
1248,7057302847,7057302848,0,nan,footway,42.7,43.6222,-116.2113,0.0484,1.0,6.0516,7,0,9,,,,,,False,1.0,0.0,25.0,2.0,0.0,1.0,6.0,0.92,0.4434,"LINESTRING (-116.211186 43.622366, -116.211492 43.622053)"
1249,7057302848,7057303003,0,nan,footway,40.1,43.6225,-116.211,0.0655,1.0,8.664,7,0,9,,,,,,False,1.0,0.0,25.0,2.0,0.0,1.0,6.0,0.92,0.4831,"LINESTRING (-116.210903 43.622663, -116.211165 43.622388, -116.211186 43.622366)"
1250,7057302860,7057303016,0,nan,footway,41.6,43.6237,-116.2134,0.0035,1.0,4.9772,0,0,5,,,,,,False,1.0,0.0,25.0,2.0,0.0,1.0,4.0,0.92,0.3417,"LINESTRING (-116.213251 43.623867, -116.213547 43.62356)"
1251,7057302860,7057302861,0,nan,footway,40.1,43.6234,-116.2137,0.0131,1.0,9.2796,0,0,6,,,,,,False,1.0,0.0,25.0,2.0,0.0,1.0,5.0,0.92,0.4556,"LINESTRING (-116.213832 43.623265, -116.213547 43.62356)"
1252,7057302861,7057302864,0,nan,footway,94.3,43.6235,-116.2143,0.0114,1.0,6.5203,0,0,4,,,,,,False,1.0,0.0,25.0,2.0,0.0,1.0,5.0,0.92,0.3156,"LINESTRING (-116.214796 43.623747, -116.21429 43.623498, -116.213832 43.623265)"
1253,7057302863,7057303017,0,nan,footway,41.7,43.6242,-116.2144,0.0312,1.0,5.8737,0,0,3,,,,,,False,1.0,0.0,25.0,2.0,0.0,1.0,5.0,0.92,0.2607,"LINESTRING (-116.214211 43.624354, -116.214508 43.624046)"
1254,7057302863,7057302864,0,nan,footway,40.5,43.6239,-116.2147,0.0161,1.0,6.3484,0,0,4,,,,,,False,1.0,0.0,25.0,2.0,0.0,1.0,3.0,0.92,0.3151,"LINESTRING (-116.214796 43.623747, -116.214508 43.624046)"
1255,7057302869,7057303012,0,nan,footway,41.9,43.6236,-116.2132,0.0108,1.0,4.9589,0,0,7,,,,,,False,1.0,0.0,25.0,2.0,0.0,1.0,5.0,0.92,0.4507,"LINESTRING (-116.213034 43.62376, -116.21331 43.623474, -116.213332 43.623452)"
1256,7057302875,7057302985,0,nan,footway,44.9,43.6241,-116.2127,0.083,1.0,5.8216,17,3,5,,,,,,False,1.0,0.0,25.0,2.0,0.0,1.0,5.0,0.92,0.3864,"LINESTRING (-116.212903 43.623899, -116.212693 43.624119, -116.212586 43.624231)"
1257,7057302878,7273021135,0,nan,footway,71.6,43.625,-116.2118,0.0331,1.0,7.433,32,7,4,,,,,,False,1.0,0.0,25.0,2.0,0.0,1.0,7.0,0.92,0.3948,"LINESTRING (-116.211549 43.625305, -116.212056 43.624776)"
1258,7057302880,7057302953,0,nan,footway,44.0,43.6244,-116.211,0.2807,1.0,6.9217,22,3,4,,,,,,False,1.0,0.0,25.0,2.0,0.0,1.0,7.0,0.92,0.4087,"LINESTRING (-116.211181 43.62419, -116.210922 43.624477, -116.210877 43.62452)"
1259,7057302885,7057302935,0,nan,footway,39.8,43.6238,-116.2113,0.081,1.0,6.7184,27,2,6,,,,,,False,1.0,0.0,25.0,2.0,0.0,1.0,5.0,0.92,0.3787,"LINESTRING (-116.21113 43.623923, -116.211411 43.623628)"
1260,7057302885,7057302994,0,nan,footway,42.5,43.6235,-116.2116,0.0061,1.0,8.0752,23,1,6,,,,,,False,1.0,0.0,25.0,2.0,0.0,1.0,5.0,0.92,0.318,"LINESTRING (-116.211709 43.623313, -116.211411 43.623628)"
1261,7057302888,7057302889,0,nan,footway,41.8,43.623,-116.2106,0.702,0.6667,6.6763,9,1,8,,,,,,False,1.0,0.0,25.0,2.0,0.0,1.0,6.0,0.92,0.8487,"LINESTRING (-116.210455 43.623139, -116.21075 43.622829)"
1262,7057302889,7057302929,0,nan,footway,40.6,43.6233,-116.2103,0.7772,1.0,6.6763,12,2,6,,,,,,False,1.0,0.0,25.0,2.0,0.0,1.0,5.0,0.92,0.7034,"LINESTRING (-116.210162 43.623437, -116.210455 43.623139)"
1263,7057302895,7057302928,0,nan,footway,41.3,43.6237,-116.2099,0.4278,0.0,0.0,20,1,5,,,,,,False,1.0,0.0,25.0,2.0,0.0,1.0,8.0,0.92,0.5341,"LINESTRING (-116.21001 43.623594, -116.209746 43.623878, -116.209724 43.623903)"
1264,7057302895,7265445236,0,nan,footway,40.6,43.6241,-116.2096,0.2229,0.0,0.0,7,0,4,,,,,,False,1.0,0.0,25.0,2.0,0.0,1.0,7.0,0.92,0.3674,"LINESTRING (-116.209432 43.624201, -116.209671 43.623958, -116.209724 43.623903)"
1265,7057302897,7057302903,0,nan,footway,81.2,43.6225,-116.2101,0.3057,1.0,6.2647,15,2,8,,,,,,False,1.0,0.0,25.0,2.0,0.0,1.0,11.0,0.92,0.6057,"LINESTRING (-116.210517 43.62271, -116.20969 43.622292)"
1266,7057302899,7171082042,0,nan,footway,72.4,43.6231,-116.2095,0.0942,0.0,0.0,28,3,6,,,,,,False,1.0,0.0,25.0,2.0,0.0,1.0,12.0,0.92,0.536,"LINESTRING (-116.209104 43.622898, -116.209145 43.62292, -116.209413 43.623057, -116.209838 43.623275)"
1267,7057302900,7057302901,0,nan,footway,29.0,43.6232,-116.21,0.5234,0.5,6.2647,13,2,5,,,,,,False,1.0,0.0,25.0,2.0,0.0,1.0,5.0,0.92,0.7038,"LINESTRING (-116.210147 43.62311, -116.20994 43.623324)"
1268,7057302901,7057302903,0,nan,footway,53.6,43.6229,-116.2103,0.4352,1.0,6.2647,7,1,8,,,,,,False,1.0,0.0,25.0,2.0,0.0,1.0,7.0,0.92,0.6455,"LINESTRING (-116.210517 43.62271, -116.210147 43.62311)"
1269,7057302907,7100703064,0,nan,footway,40.6,43.6216,-116.2116,0.0632,0.0,0.0,5,0,10,,,,,,False,1.0,0.0,25.0,2.0,0.0,1.0,7.0,0.92,0.6447,"LINESTRING (-116.211705 43.621495, -116.211416 43.621795)"
1270,7057302907,7168024831,0,nan,footway,94.4,43.6216,-116.2109,0.6519,0.0,0.0,11,1,9,,,,,,False,1.0,0.0,25.0,2.0,0.0,1.0,13.0,0.92,0.8737,"LINESTRING (-116.210455 43.621308, -116.211174 43.621674, -116.211416 43.621795)"
1271,7057302911,7057302999,0,nan,footway,40.6,43.6224,-116.2108,0.2125,1.0,6.6728,6,0,9,,,,,,False,1.0,0.0,25.0,2.0,0.0,1.0,7.0,0.92,0.5256,"LINESTRING (-116.210684 43.622558, -116.210968 43.622256)"
1272,7057302921,7265445208,0,nan,footway,93.8,43.6252,-116.2092,0.0084,1.0,7.7546,13,4,4,,,,,,False,1.0,0.0,25.0,2.0,0.0,1.0,13.0,0.92,0.3806,"LINESTRING (-116.208692 43.624974, -116.209651 43.625452)"
1273,7057302921,7273021157,0,nan,footway,49.4,43.6253,-116.2098,0.009,1.0,7.7546,16,7,4,,,,,,False,1.0,0.0,25.0,2.0,0.0,1.0,8.0,0.92,0.436,"LINESTRING (-116.210003 43.625088, -116.209651 43.625452)"
1274,7057302926,7057302937,0,nan,footway,41.7,43.6242,-116.2108,0.0724,1.0,5.942,14,2,4,,,,,,False,1.0,0.0,25.0,2.0,0.0,1.0,6.0,0.92,0.3016,"LINESTRING (-116.210974 43.624086, -116.210703 43.624361, -116.210673 43.624392)"
1275,7057302928,7057302937,0,nan,footway,95.0,43.6238,-116.2105,0.0838,0.5,5.942,16,2,5,,,,,,False,1.0,0.0,25.0,2.0,0.0,1.0,10.0,0.92,0.514,"LINESTRING (-116.210974 43.624086, -116.21001 43.623594)"
1276,7057302930,7057302931,0,nan,footway,33.7,43.6236,-116.2105,0.1512,1.0,5.8661,12,1,5,,,,,,False,1.0,0.0,25.0,2.0,0.0,1.0,4.0,0.92,0.3351,"LINESTRING (-116.210718 43.623725, -116.210378 43.623548)"
1277,7057302931,7057302935,0,nan,footway,39.8,43.6238,-116.2109,0.3527,1.0,6.7184,19,2,6,,,,,,False,1.0,0.0,25.0,2.0,0.0,1.0,4.0,0.92,0.5082,"LINESTRING (-116.21113 43.623923, -116.210718 43.623725)"
1278,7057302938,7057302990,0,nan,footway,42.5,43.6236,-116.2118,0.0113,1.0,5.771,22,2,6,,,,,,False,1.0,0.0,25.0,2.0,0.0,1.0,5.0,0.92,0.3516,"LINESTRING (-116.211927 43.623424, -116.211622 43.623737)"
1279,7057302938,7057302940,0,nan,footway,25.8,43.6238,-116.2115,0.1017,1.0,6.2553,30,2,6,,,,,,False,1.0,0.0,25.0,2.0,0.0,1.0,4.0,0.92,0.3731,"LINESTRING (-116.211438 43.623927, -116.211603 43.623757, -116.211622 43.623737)"
1280,7057302942,7057302969,0,nan,footway,39.0,43.625,-116.2136,0.2698,1.0,7.6362,14,2,2,,,,,,False,1.0,0.0,25.0,2.0,0.0,1.0,5.0,0.92,0.295,"LINESTRING (-116.213464 43.625112, -116.213754 43.62483)"
1281,7057302942,7057302981,0,nan,footway,42.9,43.6247,-116.2139,0.0076,1.0,4.7904,6,1,3,,,,,,False,1.0,0.0,25.0,2.0,0.0,1.0,6.0,0.92,0.1982,"LINESTRING (-116.214073 43.624521, -116.214044 43.624548, -116.213754 43.62483)"
1282,7057302948,7265445241,0,nan,footway,73.3,43.6251,-116.213,0.2387,1.0,4.8118,14,4,3,,,,,,False,1.0,0.0,25.0,2.0,0.0,1.0,9.0,0.92,0.3693,"LINESTRING (-116.213328 43.625272, -116.212962 43.62509, -116.212589 43.624887)"
1283,7057302949,7265445237,0,nan,footway,94.5,43.6256,-116.2123,0.0159,1.0,6.7439,15,4,3,,,,,,False,1.0,0.0,25.0,2.0,0.0,1.0,10.0,0.92,0.308,"LINESTRING (-116.212742 43.625885, -116.21178 43.625397)"
1284,7057302949,7057302950,0,nan,footway,41.1,43.6252,-116.2119,0.0262,1.0,6.1833,17,5,4,,,,,,False,1.0,0.0,25.0,2.0,0.0,1.0,3.0,0.92,0.3758,"LINESTRING (-116.212065 43.62509, -116.21178 43.625397)"
1285,7057302952,7057302959,0,nan,footway,41.3,43.6246,-116.2119,0.3451,0.6667,0.0,49,10,4,,,,,,False,1.0,0.0,25.0,2.0,0.0,1.0,4.0,0.92,0.4191,"LINESTRING (-116.212155 43.624678, -116.211732 43.624467)"
1286,7057302952,7057302953,0,nan,footway,54.0,43.6243,-116.2115,0.2194,0.75,6.9217,44,4,4,,,,,,False,1.0,0.0,25.0,2.0,0.0,1.0,5.0,0.92,0.4521,"LINESTRING (-116.211181 43.62419, -116.211732 43.624467)"
1287,7057302954,7057302961,0,nan,footway,95.6,43.6243,-116.2118,0.4541,0.0,0.0,51,6,5,,,,,,False,1.0,0.0,25.0,2.0,0.0,1.0,9.0,0.92,0.664,"LINESTRING (-116.212305 43.624525, -116.211575 43.624154, -116.211337 43.624027)"
1288,7057302963,13887237597,0,nan,footway,44.7,43.6248,-116.2129,0.0411,1.0,6.7053,17,5,3,,,,,,False,1.0,0.0,25.0,2.0,0.0,1.0,6.0,0.92,0.3357,"LINESTRING (-116.213083 43.62492, -116.212829 43.624793, -116.212627 43.624691)"
1289,7057302965,7057302970,0,nan,footway,43.4,43.6242,-116.213,0.0148,1.0,5.4146,9,3,5,,,,,,False,1.0,0.0,25.0,2.0,0.0,1.0,6.0,0.92,0.3946,"LINESTRING (-116.213104 43.624019, -116.212827 43.624307, -116.212797 43.624339)"
1290,7057302965,7057302967,0,nan,footway,39.7,43.6245,-116.2127,0.1222,1.0,5.6924,27,5,5,,,,,,False,1.0,0.0,25.0,2.0,0.0,1.0,4.0,0.92,0.428,"LINESTRING (-116.212507 43.624628, -116.212779 43.624358, -116.212797 43.624339)"
1291,7057302969,13887237597,0,nan,footway,37.3,43.625,-116.2133,0.3274,1.0,7.6362,13,4,3,,,,,,False,1.0,0.0,25.0,2.0,0.0,1.0,4.0,0.92,0.4503,"LINESTRING (-116.213083 43.62492, -116.213464 43.625112)"
1292,7057302970,7057302981,0,nan,footway,95.9,43.6243,-116.2136,0.0083,1.0,6.0624,5,3,4,,,,,,False,1.0,0.0,25.0,2.0,0.0,1.0,8.0,0.92,0.3848,"LINESTRING (-116.214073 43.624521, -116.213104 43.624019)"
1293,7057302985,7057302990,0,nan,footway,94.7,43.6237,-116.2124,0.0176,1.0,5.9147,30,3,6,,,,,,False,1.0,0.0,25.0,2.0,0.0,1.0,9.0,0.92,0.3774,"LINESTRING (-116.211927 43.623424, -116.212451 43.623698, -116.212903 43.623899)"
1294,7057302994,7100703074,0,nan,footway,81.5,43.6231,-116.2113,0.0415,1.0,6.6122,19,1,7,,,,,,False,1.0,0.0,25.0,2.0,0.0,1.0,10.0,0.92,0.3794,"LINESTRING (-116.210878 43.622894, -116.211051 43.622981, -116.211709 43.623313)"
1295,7057302998,7057302999,0,nan,footway,94.4,43.6223,-116.2102,0.4023,1.0,6.5802,13,2,8,,,,,,False,1.0,0.0,25.0,2.0,0.0,1.0,10.0,0.92,0.6572,"LINESTRING (-116.210684 43.622558, -116.209725 43.622069)"
1296,7057303003,7100703067,0,nan,footway,45.5,43.6228,-116.2111,0.0315,1.0,8.0238,11,0,9,,,,,,False,1.0,0.0,25.0,2.0,0.0,1.0,7.0,0.92,0.4342,"LINESTRING (-116.21136 43.622904, -116.211067 43.62275, -116.210903 43.622663)"
1297,7057303006,7100703067,0,nan,footway,49.2,43.623,-116.2116,0.0085,1.0,6.4107,15,0,8,,,,,,False,1.0,0.0,25.0,2.0,0.0,1.0,6.0,0.92,0.3312,"LINESTRING (-116.21136 43.622904, -116.211474 43.622964, -116.211859 43.623161)"
1298,7057303010,7248152126,0,nan,footway,36.0,43.6234,-116.2123,0.058,1.0,7.111,9,0,8,,,,,,False,1.0,0.0,25.0,2.0,0.0,1.0,5.0,0.92,0.3929,"LINESTRING (-116.212442 43.623456, -116.212076 43.62327)"
1299,7057303012,7248152126,0,nan,footway,58.4,43.6236,-116.2127,0.006,1.0,6.1119,9,1,7,,,,,,False,1.0,0.0,25.0,2.0,0.0,1.0,7.0,0.92,0.4071,"LINESTRING (-116.212442 43.623456, -116.212535 43.623504, -116.213034 43.62376)"
1300,7057303016,7057303017,0,nan,footway,94.4,43.6241,-116.2137,0.0132,1.0,5.7934,2,2,4,,,,,,False,1.0,0.0,25.0,2.0,0.0,1.0,8.0,0.92,0.3893,"LINESTRING (-116.214211 43.624354, -116.213251 43.623867)"
1301,7057362250,7057362252,0,nan,footway,47.2,43.6281,-116.2194,0.0264,1.0,5.1008,0,0,4,,,,,,False,1.0,0.0,25.0,2.0,0.0,1.0,4.0,0.92,0.2995,"LINESTRING (-116.219661 43.628133, -116.219075 43.628135)"
1302,7057362250,7057362251,0,nan,footway,45.9,43.6281,-116.2188,0.0401,1.0,5.9486,0,0,3,,,,,,False,1.0,0.0,25.0,2.0,0.0,1.0,3.0,0.92,0.2653,"LINESTRING (-116.218505 43.628138, -116.219075 43.628135)"
1303,7057362251,7057388611,0,nan,footway,35.8,43.6283,-116.2185,0.0339,1.0,6.2295,0,0,3,,,,,,False,1.0,0.0,25.0,2.0,0.0,1.0,3.0,0.92,0.2671,"LINESTRING (-116.218507 43.62846, -116.218505 43.628138)"
1304,7057362255,7057388608,0,nan,footway,42.6,43.6289,-116.2195,0.0075,0.6667,3.7804,1,0,4,,,,,,False,1.0,0.0,25.0,2.0,0.0,1.0,1.0,0.92,0.3269,"LINESTRING (-116.219283 43.62901, -116.219654 43.628738)"
1305,7057362255,7057362257,0,nan,footway,73.7,43.6285,-116.2199,0.0058,1.0,5.1323,0,0,4,,,,,,False,1.0,0.0,25.0,2.0,0.0,1.0,5.0,0.92,0.292,"LINESTRING (-116.219864 43.628135, -116.21986 43.628583, -116.219654 43.628738)"
1306,7057362259,7057362261,0,nan,footway,41.6,43.6278,-116.2199,0.0177,1.0,5.4131,0,0,4,,,,,,False,1.0,0.0,25.0,2.0,0.0,1.0,4.0,0.92,0.3014,"LINESTRING (-116.219858 43.627622, -116.219858 43.627996)"
1307,7057362261,7057362269,0,nan,footway,40.6,43.6274,-116.2199,0.0312,1.0,4.7193,0,0,3,,,,,,False,1.0,0.0,25.0,2.0,0.0,1.0,4.0,0.92,0.2414,"LINESTRING (-116.219864 43.627257, -116.219858 43.627622)"
1308,7057362262,7057362267,0,nan,footway,40.6,43.6269,-116.2199,0.0115,1.0,3.9024,0,0,2,,,,,,False,1.0,0.0,25.0,2.0,0.0,1.0,4.0,0.92,0.1643,"LINESTRING (-116.219864 43.627108, -116.219855 43.626743)"
1309,7057362272,7057362273,0,nan,footway,40.7,43.6269,-116.2197,0.023,1.0,4.4812,0,0,2,,,,,,False,1.0,0.0,25.0,2.0,0.0,1.0,4.0,0.92,0.1805,"LINESTRING (-116.219667 43.627108, -116.219666 43.626743)"
1310,7057362273,7057362274,0,nan,footway,93.1,43.6271,-116.2191,0.031,1.0,5.41,0,0,2,,,,,,False,1.0,0.0,25.0,2.0,0.0,1.0,8.0,0.92,0.2,"LINESTRING (-116.21851 43.627113, -116.219667 43.627108)"
1311,7057362274,7057362275,0,nan,footway,41.7,43.6269,-116.2185,0.0198,1.0,5.0128,1,0,2,,,,,,False,1.0,0.0,25.0,2.0,0.0,1.0,5.0,0.92,0.1403,"LINESTRING (-116.218505 43.626738, -116.21851 43.627113)"
1312,7057362276,7057362277,0,nan,footway,42.0,43.627,-116.2174,0.028,1.0,6.0646,2,0,2,,,,,,False,1.0,0.0,25.0,2.0,0.0,1.0,3.0,0.92,0.1319,"LINESTRING (-116.217632 43.626851, -116.217265 43.627119)"
1313,7057362277,7057362279,0,nan,footway,67.8,43.6271,-116.2179,0.0289,1.0,5.4665,2,0,2,,,,,,False,1.0,0.0,25.0,2.0,0.0,1.0,6.0,0.92,0.123,"LINESTRING (-116.21825 43.627265, -116.217994 43.627102, -116.217632 43.626851)"
1314,7057362279,7057362281,0,nan,footway,57.0,43.6275,-116.2182,0.018,1.0,5.0696,2,0,2,,,,,,False,1.0,0.0,25.0,2.0,0.0,1.0,5.0,0.92,0.1121,"LINESTRING (-116.218239 43.627778, -116.218246 43.627517, -116.21825 43.627265)"
1315,7057362281,7057388617,0,nan,footway,53.4,43.628,-116.2182,0.3298,0.6667,4.7202,4,0,2,,,,,,False,1.0,0.0,25.0,2.0,0.0,1.0,4.0,0.92,0.3006,"LINESTRING (-116.218139 43.628211, -116.21818 43.628209, -116.218215 43.628195, -116.218231 43.628183, -116.218231 43.628122, -116.218239 43.627778)"
1316,7057388586,7057388587,0,nan,footway,41.0,43.6272,-116.217,0.0109,1.0,3.72,1,0,2,,,,,,False,1.0,0.0,25.0,2.0,0.0,1.0,4.0,0.92,0.1114,"LINESTRING (-116.217128 43.627025, -116.216776 43.627291)"
1317,7057388586,7057388617,0,nan,footway,150.1,43.6278,-116.2175,0.2421,0.8889,4.5389,4,0,2,,,,,,False,1.0,0.0,25.0,2.0,0.0,1.0,10.0,0.92,0.1903,"LINESTRING (-116.218139 43.628211, -116.217821 43.627995, -116.216889 43.627374, -116.21684 43.627337, -116.216805 43.627311, -116.216776 43.627291)"
1318,7057388586,7057388627,0,nan,footway,139.2,43.6269,-116.2161,0.2609,1.0,5.1758,3,0,3,,,,,,False,1.0,0.0,25.0,2.0,0.0,1.0,11.0,0.92,0.2416,"LINESTRING (-116.215545 43.626418, -116.215551 43.626435, -116.215559 43.626453, -116.215706 43.626556, -116.216148 43.626867, -116.216484 43.627092, -116.216776 43.627291)"
1319,7057388587,7057388589,0,nan,footway,41.2,43.6269,-116.2173,0.1646,0.6667,4.4656,2,0,2,,,,,,False,1.0,0.0,25.0,2.0,0.0,1.0,3.0,0.92,0.2673,"LINESTRING (-116.217481 43.626757, -116.217153 43.627008, -116.217128 43.627025)"
1320,7057388595,7369591355,0,nan,footway,43.9,43.6273,-116.2148,0.0645,1.0,5.569,2,0,4,,,,,,False,1.0,0.0,25.0,2.0,0.0,1.0,4.0,0.92,0.245,"LINESTRING (-116.214628 43.627423, -116.214998 43.627133)"
1321,7057388595,7057388597,0,nan,footway,63.6,43.6269,-116.2153,0.0149,1.0,5.7123,6,0,4,,,,,,False,1.0,0.0,25.0,2.0,0.0,1.0,2.0,0.92,0.1684,"LINESTRING (-116.215541 43.626717, -116.21501 43.627124, -116.214998 43.627133)"
1322,7057388597,7369591360,0,nan,footway,116.3,43.6271,-116.2161,0.2712,1.0,5.0408,3,0,3,,,,,,False,1.0,0.0,25.0,2.0,0.0,1.0,5.0,0.92,0.2433,"LINESTRING (-116.216602 43.627426, -116.215541 43.626717)"
1323,7057388598,7057388603,0,nan,footway,39.4,43.6278,-116.2185,0.1011,1.0,5.1507,0,0,2,,,,,,False,1.0,0.0,25.0,2.0,0.0,1.0,2.0,0.92,0.2231,"LINESTRING (-116.218505 43.627632, -116.218505 43.627987)"
1324,7057388598,7057388599,0,nan,footway,93.8,43.628,-116.2191,0.0551,1.0,5.6642,0,0,3,,,,,,False,1.0,0.0,25.0,2.0,0.0,1.0,6.0,0.92,0.2668,"LINESTRING (-116.21967 43.62799, -116.218505 43.627987)"
1325,7057388599,7057388600,0,nan,footway,40.9,43.6278,-116.2197,0.0406,1.0,5.5702,0,0,3,,,,,,False,1.0,0.0,25.0,2.0,0.0,1.0,4.0,0.92,0.2596,"LINESTRING (-116.219667 43.627622, -116.21967 43.62799)"
1326,7057388600,7057388601,0,nan,footway,40.6,43.6274,-116.2197,0.1276,1.0,4.505,0,0,3,,,,,,False,1.0,0.0,25.0,2.0,0.0,1.0,4.0,0.92,0.275,"LINESTRING (-116.219667 43.627257, -116.219667 43.627622)"
1327,7057388601,7057388602,0,nan,footway,93.5,43.6273,-116.2191,0.0741,1.0,5.1625,0,0,2,,,,,,False,1.0,0.0,25.0,2.0,0.0,1.0,8.0,0.92,0.2127,"LINESTRING (-116.218505 43.627257, -116.219667 43.627257)"
1328,7057388602,7057388603,0,nan,footway,41.7,43.6274,-116.2185,0.0589,1.0,6.4281,0,0,2,,,,,,False,1.0,0.0,25.0,2.0,0.0,1.0,4.0,0.92,0.2264,"LINESTRING (-116.218505 43.627632, -116.218505 43.627257)"
1329,7057388608,7057388611,0,nan,footway,87.9,43.6287,-116.2189,0.1733,1.0,5.7654,0,0,4,,,,,,False,1.0,0.0,25.0,2.0,0.0,1.0,4.0,0.92,0.3677,"LINESTRING (-116.218507 43.62846, -116.218508 43.628475, -116.219159 43.62893, -116.219214 43.628963, -116.219283 43.62901)"
1330,7057388611,7057388616,0,nan,footway,38.5,43.6283,-116.2183,0.4167,0.3333,6.0352,2,0,3,,,,,,False,1.0,0.0,25.0,2.0,0.0,1.0,4.0,0.92,0.5543,"LINESTRING (-116.218141 43.628238, -116.218352 43.62836, -116.218507 43.62846)"
1331,7057388613,10680909770,0,West State Street,secondary,290.4,43.6274,-116.2167,0.1956,0.1176,6.1553,12,0,2,,,,,,False,0.0,4.0,30.0,4.0,0.857,0.5,31.0,0.727,0.3842,"LINESTRING (-116.215446 43.626494, -116.215565 43.626579, -116.216742 43.627414, -116.217897 43.628198, -116.21805 43.628302)"
1332,7057388627,7057388645,0,nan,footway,26.0,43.6263,-116.2154,0.312,0.0,0.0,6,1,4,,,,,,False,1.0,0.0,25.0,2.0,0.0,1.0,6.0,0.92,0.5129,"LINESTRING (-116.215317 43.626253, -116.215434 43.626338, -116.215545 43.626418)"
1333,7057388634,7057388637,0,nan,footway,45.1,43.6257,-116.2145,0.0708,0.3333,5.9499,16,2,4,,,,,,False,1.0,0.0,25.0,2.0,0.0,1.0,4.0,0.92,0.5103,"LINESTRING (-116.214751 43.625886, -116.214554 43.625753, -116.214341 43.62561)"
1334,7057388635,7057388636,0,West State Street,secondary,46.7,43.6258,-116.2145,0.2397,0.6667,5.4448,16,2,4,,,,,,False,0.0,4.0,30.0,4.0,0.857,0.5,4.0,0.727,0.4592,"LINESTRING (-116.214668 43.62596, -116.214524 43.625861, -116.214244 43.625674)"
1335,7057388635,7265445245,0,West State Street,secondary,68.0,43.6255,-116.2139,0.2074,1.0,4.6283,16,2,2,,,,,,False,0.0,4.0,30.0,4.0,0.857,0.5,6.0,0.727,0.217,"LINESTRING (-116.213593 43.625286, -116.213911 43.625451, -116.214244 43.625674)"
1336,7057388650,7369591343,0,nan,footway,43.9,43.6272,-116.2147,0.0316,1.0,4.6758,2,0,4,,,,,,False,1.0,0.0,25.0,2.0,0.0,1.0,4.0,0.92,0.2168,"LINESTRING (-116.214491 43.62733, -116.214864 43.627041)"
1337,7057388650,10680909766,0,nan,footway,53.4,43.6269,-116.2151,0.012,1.0,5.3395,6,0,4,,,,,,False,1.0,0.0,25.0,2.0,0.0,1.0,3.0,0.92,0.1613,"LINESTRING (-116.215324 43.626697, -116.215185 43.626801, -116.215018 43.626933, -116.21499 43.626942, -116.214864 43.627041)"
1338,7057388656,8582138731,0,nan,footway,31.6,43.6261,-116.2147,0.4526,1.0,4.6115,11,2,4,,,,,,False,1.0,0.0,25.0,2.0,0.0,1.0,3.0,0.92,0.4432,"LINESTRING (-116.214885 43.626241, -116.214648 43.626082, -116.214595 43.626049)"
1339,7057388656,7265445246,0,nan,footway,115.7,43.6257,-116.2141,0.1788,1.0,5.1844,22,2,3,,,,,,False,1.0,0.0,25.0,2.0,0.0,1.0,9.0,0.92,0.2477,"LINESTRING (-116.213515 43.625365, -116.213714 43.625465, -116.214547 43.626019, -116.214595 43.626049)"
1340,7075951807,7234149174,0,nan,footway,51.5,43.6098,-116.2072,0.9541,0.0,0.0,6,0,5,0.0187,0.2492,0.262,0.0174,0.0054,True,1.0,0.0,25.0,2.0,0.0,1.0,4.0,0.92,0.715,"LINESTRING (-116.206984 43.609986, -116.20735 43.609606)"
1341,7075951807,7234149176,0,nan,footway,79.6,43.6093,-116.2076,1.7625,0.0,0.0,6,0,5,0.0,0.1542,0.0057,0.2951,0.0001,True,1.0,0.0,25.0,2.0,0.0,1.0,3.0,0.92,1.0,"LINESTRING (-116.207937 43.609051, -116.20789 43.609048, -116.20735 43.609606)"
1342,7075988418,11783921699,0,nan,footway,83.6,43.6092,-116.2012,0.1098,0.4,5.3757,8,0,3,,,,,,False,1.0,0.0,25.0,2.0,0.0,1.0,5.0,0.92,0.3254,"LINESTRING (-116.200883 43.609406, -116.200919 43.609368, -116.200892 43.609322, -116.20095 43.609264, -116.201037 43.609214, -116.201122 43.609186, -116.201212 43.609165, -116.201333 43.609161, -116.201642 43.609198, -116.201648 43.609145)"
1343,7081794051,12753799723,0,nan,footway,74.1,43.6098,-116.1943,0.0,1.0,5.4785,20,8,7,0.0182,0.1772,0.3235,0.1286,0.006,True,1.0,0.0,25.0,2.0,0.0,1.0,8.0,0.92,0.5629,"LINESTRING (-116.194332 43.610074, -116.194303 43.610068, -116.19433 43.609996, -116.194302 43.609876, -116.194244 43.609734, -116.194222 43.60971, -116.193908 43.609564)"
1344,7094036972,8223397283,0,nan,footway,51.2,43.6171,-116.1937,0.0605,1.0,4.7846,1,0,4,0.0405,0.1619,0.3269,0.0271,0.0104,True,1.0,0.0,25.0,2.0,0.0,1.0,5.0,0.92,0.2586,"LINESTRING (-116.193852 43.617313, -116.193657 43.616934, -116.193611 43.616889)"
1345,7100703039,7100703040,0,nan,footway,28.1,43.6219,-116.2178,0.0077,1.0,5.1744,11,1,4,,,,,,False,1.0,0.0,25.0,2.0,0.0,1.0,6.0,0.92,0.2204,"LINESTRING (-116.2176 43.621931, -116.217948 43.621931)"
1346,7100703064,7168024816,0,nan,footway,41.2,43.6213,-116.2119,0.2931,0.0,0.0,4,0,9,,,,,,False,1.0,0.0,25.0,2.0,0.0,1.0,7.0,0.92,0.6939,"LINESTRING (-116.211998 43.621191, -116.211705 43.621495)"
1347,7139640928,9320010851,0,nan,footway,141.6,43.6093,-116.2025,0.0,0.625,3.9526,2,0,3,,,,,,False,1.0,0.0,25.0,2.0,0.0,1.0,2.0,0.92,0.2596,"LINESTRING (-116.201663 43.609081, -116.201686 43.609099, -116.201725 43.609113, -116.201783 43.609119, -116.201884 43.609136, -116.201985 43.609156, -116.202304 43.609252, -116.202604 43.609334, -116.20282 43.609365, -116.203191 43.609375, -116.203242 43.609369, -116.203279 43.609356, -116.203342 43.609364)"
1348,7139640928,7234149227,0,nan,footway,74.1,43.6095,-116.2038,0.0,0.0,0.0,3,0,3,,,,,,False,1.0,0.0,25.0,2.0,0.0,1.0,3.0,0.92,0.2759,"LINESTRING (-116.20417 43.609635, -116.204013 43.609563, -116.203826 43.609488, -116.203642 43.609439, -116.203478 43.609402, -116.203447 43.609384, -116.20344 43.609375, -116.203342 43.609364)"
1349,7161575040,7996330023,0,nan,footway,176.3,43.6144,-116.1917,0.2139,0.0,0.0,5,0,5,0.0831,0.015,0.3811,0.0426,0.0145,True,1.0,0.0,25.0,2.0,0.0,1.0,10.0,0.92,0.4373,"LINESTRING (-116.190803 43.613889, -116.190844 43.613908, -116.190929 43.613966, -116.191428 43.614243, -116.191726 43.614404, -116.191894 43.614488, -116.191968 43.614543, -116.192005 43.614586, -116.192026 43.614609, -116.192055 43.614672, -116.192066 43.614811, -116.192078 43.614915, -116.192129 43.615013, -116.192143 43.615035)"
1350,7168014184,9262348064,0,nan,footway,26.1,43.6192,-116.2126,0.7406,0.0,0.0,12,2,6,,,,,,False,1.0,0.0,25.0,2.0,0.0,1.0,10.0,0.92,0.8023,"LINESTRING (-116.212779 43.619303, -116.212765 43.619296, -116.21251 43.619174)"
1351,7168024787,7168024788,0,nan,footway,29.0,43.6193,-116.2123,0.1099,1.0,5.3476,9,2,6,,,,,,False,1.0,0.0,25.0,2.0,0.0,1.0,11.0,0.92,0.4417,"LINESTRING (-116.212425 43.619242, -116.212246 43.619431, -116.212222 43.619458)"
1352,7168024787,8403752178,0,nan,footway,43.5,43.6196,-116.2121,0.1644,1.0,0.0,11,2,6,,,,,,False,1.0,0.0,25.0,2.0,0.0,1.0,12.0,0.92,0.2562,"LINESTRING (-116.211918 43.619781, -116.21219 43.619496, -116.212222 43.619458)"
1353,7168024789,7168024790,0,nan,footway,46.6,43.6195,-116.2131,0.756,1.0,4.9829,12,1,6,,,,,,False,1.0,0.0,25.0,2.0,0.0,1.0,11.0,0.92,0.6097,"LINESTRING (-116.213344 43.619594, -116.21296 43.619394, -116.212874 43.619351)"
1354,7168024792,7168024825,0,nan,footway,35.2,43.6203,-116.2126,0.1923,0.5,6.0199,11,2,7,,,,,,False,1.0,0.0,25.0,2.0,0.0,1.0,4.0,0.92,0.6884,"LINESTRING (-116.212374 43.620232, -116.212634 43.620361, -116.212697 43.620393, -116.21271 43.620406, -116.212722 43.62042)"
1355,7168024792,7168024819,0,nan,footway,79.7,43.6207,-116.2125,0.2879,0.0,0.0,10,2,8,,,,,,False,1.0,0.0,25.0,2.0,0.0,1.0,8.0,0.92,0.744,"LINESTRING (-116.212154 43.621, -116.212174 43.620993, -116.212189 43.620986, -116.212211 43.62097, -116.212718 43.620441, -116.212722 43.62042)"
1356,7168024798,7168024825,0,nan,footway,59.0,43.6201,-116.2121,0.0531,1.0,6.0199,13,1,7,,,,,,False,1.0,0.0,25.0,2.0,0.0,1.0,10.0,0.92,0.4004,"LINESTRING (-116.212374 43.620232, -116.211809 43.619946, -116.211788 43.619938, -116.211769 43.619935)"
1357,7168024803,7168024824,0,nan,footway,57.6,43.6207,-116.2115,0.119,1.0,6.0199,3,0,8,,,,,,False,1.0,0.0,25.0,2.0,0.0,1.0,10.0,0.92,0.4659,"LINESTRING (-116.211759 43.620851, -116.211547 43.620743, -116.211282 43.620608, -116.211211 43.620574, -116.211195 43.620562, -116.211184 43.620546)"
1358,7168024803,7168024851,0,nan,footway,74.8,43.6203,-116.2114,0.6737,1.0,6.0199,8,0,8,,,,,,False,1.0,0.0,25.0,2.0,0.0,1.0,16.0,0.92,0.6252,"LINESTRING (-116.2117 43.619989, -116.211408 43.620297, -116.211191 43.62052, -116.211189 43.620529, -116.211184 43.620546)"
1359,7168024816,7168024830,0,nan,footway,94.6,43.6209,-116.2115,0.2468,0.0,0.0,6,0,9,,,,,,False,1.0,0.0,25.0,2.0,0.0,1.0,14.0,0.92,0.6522,"LINESTRING (-116.211037 43.620702, -116.211401 43.620888, -116.21184 43.621109, -116.211998 43.621191)"
1360,7168024816,7168024819,0,nan,footway,25.0,43.6211,-116.2121,0.7054,0.0,0.0,3,0,9,,,,,,False,1.0,0.0,25.0,2.0,0.0,1.0,6.0,0.92,0.8703,"LINESTRING (-116.212154 43.621, -116.21215 43.621026, -116.212071 43.621108, -116.212013 43.621173, -116.211998 43.621191)"
1361,7168024819,7168024824,0,nan,footway,37.1,43.6209,-116.2119,0.3108,0.3333,6.0199,3,0,9,,,,,,False,1.0,0.0,25.0,2.0,0.0,1.0,4.0,0.92,0.812,"LINESTRING (-116.211759 43.620851, -116.211872 43.620908, -116.212001 43.620975, -116.212026 43.620988, -116.212048 43.620997, -116.212072 43.621003, -116.212108 43.621005, -116.212136 43.621003, -116.212154 43.621)"
1362,7168024830,7168024832,0,nan,footway,41.2,43.6209,-116.2109,0.2587,0.0,0.0,7,0,8,,,,,,False,1.0,0.0,25.0,2.0,0.0,1.0,10.0,0.92,0.5942,"LINESTRING (-116.210744 43.621006, -116.211037 43.620702)"
1363,7168024831,7168024832,0,nan,footway,40.9,43.6212,-116.2106,0.208,0.0,0.0,13,0,9,,,,,,False,1.0,0.0,25.0,2.0,0.0,1.0,9.0,0.92,0.5884,"LINESTRING (-116.210744 43.621006, -116.210455 43.621308)"
1364,7168024849,7246420037,0,nan,footway,41.9,43.6195,-116.2119,1.8192,1.0,6.1885,14,3,6,,,,,,False,1.0,0.0,25.0,2.0,0.0,1.0,14.0,0.92,1.0,"LINESTRING (-116.21201 43.61935, -116.211862 43.619504, -116.211714 43.61966)"
1365,7168024850,7246420047,0,nan,footway,38.9,43.6196,-116.2115,1.3239,1.0,6.1885,10,2,7,,,,,,False,1.0,0.0,25.0,2.0,0.0,1.0,13.0,0.92,0.9746,"LINESTRING (-116.21129 43.619468, -116.211625 43.619634, -116.211691 43.619662)"
1366,7168024852,7246174256,0,nan,footway,41.0,43.6203,-116.2111,1.4654,0.3333,4.7919,6,0,9,,,,,,False,1.0,0.0,25.0,2.0,0.0,1.0,13.0,0.92,1.0,"LINESTRING (-116.211255 43.620131, -116.211053 43.62034, -116.210969 43.620436)"
1367,7168024856,7246174269,0,nan,footway,29.4,43.6205,-116.2107,1.3812,0.5,7.948,11,0,9,,,,,,False,1.0,0.0,25.0,2.0,0.0,1.0,11.0,0.92,1.0,"LINESTRING (-116.21052 43.620437, -116.210819 43.620588)"
1368,7171082016,7246174281,0,nan,footway,42.9,43.6211,-116.2104,0.061,1.0,5.7153,14,0,10,,,,,,False,1.0,0.0,25.0,2.0,0.0,1.0,10.0,0.92,0.4523,"LINESTRING (-116.210547 43.620905, -116.210536 43.620917, -116.210269 43.621201, -116.210231 43.621207)"
1369,7171082016,7246174275,0,nan,footway,50.4,43.6211,-116.21,0.4587,1.0,5.7153,18,1,9,,,,,,False,1.0,0.0,25.0,2.0,0.0,1.0,9.0,0.92,0.6389,"LINESTRING (-116.209715 43.620955, -116.209758 43.620977, -116.210208 43.621208, -116.210231 43.621207)"
1370,7171082018,7248152092,0,nan,footway,58.0,43.6212,-116.2098,1.3363,0.75,0.0,19,1,9,,,,,,False,1.0,0.0,25.0,2.0,0.0,1.0,15.0,0.92,0.8593,"LINESTRING (-116.209498 43.621058, -116.209674 43.621147, -116.210053 43.621339, -116.210088 43.621358)"
1371,7171082023,7248152092,0,nan,footway,36.7,43.621,-116.2093,0.6558,1.0,0.0,13,1,8,,,,,,False,1.0,0.0,25.0,2.0,0.0,1.0,9.0,0.92,0.4841,"LINESTRING (-116.209498 43.621058, -116.209123 43.62087)"
1372,7171082026,7171082052,0,nan,footway,40.8,43.6213,-116.2087,0.0055,1.0,5.171,9,1,8,,,,,,False,1.0,0.0,25.0,2.0,0.0,1.0,10.0,0.92,0.4452,"LINESTRING (-116.208832 43.621176, -116.208544 43.621478)"
1373,7171082026,7171082028,0,nan,footway,94.6,43.6217,-116.209,0.1757,1.0,6.1436,16,2,9,,,,,,False,1.0,0.0,25.0,2.0,0.0,1.0,16.0,0.92,0.6022,"LINESTRING (-116.209508 43.621966, -116.208924 43.621673, -116.208544 43.621478)"
1374,7171082028,7171082033,0,nan,footway,40.8,43.6218,-116.2096,0.2024,1.0,6.9995,4,1,8,,,,,,False,1.0,0.0,25.0,2.0,0.0,1.0,9.0,0.92,0.5979,"LINESTRING (-116.209795 43.621663, -116.209768 43.621684, -116.209508 43.621966)"
1375,7171082043,7171082051,0,nan,footway,27.3,43.6227,-116.2091,0.0716,0.5,6.2647,10,2,7,,,,,,False,1.0,0.0,25.0,2.0,0.0,1.0,10.0,0.92,0.6511,"LINESTRING (-116.209199 43.622629, -116.209151 43.622679, -116.209046 43.622789, -116.208994 43.622823)"
1376,7171082044,7171082051,0,nan,footway,53.2,43.6224,-116.2094,0.1813,1.0,6.2647,7,4,7,,,,,,False,1.0,0.0,25.0,2.0,0.0,1.0,12.0,0.92,0.6274,"LINESTRING (-116.209199 43.622629, -116.209574 43.622235)"
1377,7171082045,7240851863,0,nan,footway,95.5,43.6219,-116.2089,0.5722,0.5,5.3744,10,3,9,,,,,,False,1.0,0.0,25.0,2.0,0.0,1.0,15.0,0.92,0.9811,"LINESTRING (-116.208391 43.621635, -116.209106 43.621997, -116.209356 43.622133)"
1378,7171082045,7240862887,0,nan,footway,41.1,43.6223,-116.2092,1.9301,0.0,0.0,6,3,6,,,,,,False,1.0,0.0,25.0,2.0,0.0,1.0,8.0,0.92,1.0,"LINESTRING (-116.209058 43.622432, -116.209082 43.622406, -116.209179 43.622304, -116.20928 43.622196, -116.209356 43.622133)"
1379,7171082052,7171082053,0,nan,footway,38.0,43.621,-116.209,0.1227,1.0,5.171,9,1,8,,,,,,False,1.0,0.0,25.0,2.0,0.0,1.0,10.0,0.92,0.4909,"LINESTRING (-116.2091 43.620895, -116.20905 43.620949, -116.208872 43.621136, -116.208832 43.621176)"
1380,7182222686,7182222696,0,nan,footway,178.9,43.6142,-116.2087,0.3405,0.9,12.3065,17,2,4,,,,,,False,1.0,0.0,25.0,2.0,0.0,1.0,14.0,0.92,0.4943,"LINESTRING (-116.208026 43.613544, -116.20806 43.613565, -116.208077 43.613574, -116.208055 43.613597, -116.208182 43.613702, -116.20834 43.613836, -116.208586 43.614086, -116.208755 43.614278, -116.208944 43.614513, -116.209121 43.614741, -116.20924 43.614862)"
1381,7182222686,7477717522,0,nan,path,31.1,43.6148,-116.2094,0.6589,0.0,0.0,25,1,3,0.0445,0.0464,0.3205,0.1326,0.0193,True,1.0,0.0,25.0,2.0,0.0,1.0,6.0,0.92,0.5027,"LINESTRING (-116.209425 43.61465, -116.209445 43.614688, -116.209356 43.614783, -116.209288 43.614856, -116.20924 43.614862)"
1382,7182222687,7182222688,0,nan,footway,110.1,43.6153,-116.2089,1.1561,0.8571,20.6791,20,3,5,0.2945,0.103,0.02,0.4725,0.0224,True,1.0,0.0,25.0,2.0,0.0,1.0,15.0,0.92,0.962,"LINESTRING (-116.208484 43.615717, -116.209284 43.614913)"
1383,7182222688,8547340153,0,nan,footway,208.7,43.6152,-116.2074,0.609,1.0,15.9261,36,10,6,0.021,0.107,0.2234,0.3547,0.0101,True,1.0,0.0,25.0,2.0,0.0,1.0,18.0,0.92,0.8375,"LINESTRING (-116.206342 43.614659, -116.206478 43.614718, -116.207045 43.615001, -116.20732 43.615138, -116.208484 43.615717)"
1384,7182222688,7248733988,0,nan,footway,27.4,43.6158,-116.2084,0.9448,0.5,20.6791,15,6,7,0.0125,0.0474,0.2707,0.2216,0.0096,True,1.0,0.0,25.0,2.0,0.0,1.0,8.0,0.92,1.0,"LINESTRING (-116.208302 43.615924, -116.208317 43.615907, -116.208388 43.615842, -116.208453 43.615758, -116.208484 43.615717)"
1385,7182222690,7234149337,0,nan,footway,34.2,43.6139,-116.2074,0.0526,1.0,12.3065,8,4,6,,,,,,False,1.0,0.0,25.0,2.0,0.0,1.0,3.0,0.92,0.5792,"LINESTRING (-116.207524 43.61397, -116.207478 43.613915, -116.207198 43.613781)"
1386,7182222690,7182222943,0,nan,footway,45.2,43.6139,-116.207,1.2781,0.3333,3.5699,18,7,6,0.014,0.0574,0.4904,0.2104,0.007,True,1.0,0.0,25.0,2.0,0.0,1.0,3.0,0.92,1.0,"LINESTRING (-116.206874 43.614113, -116.206894 43.614092, -116.206948 43.614037, -116.206989 43.613995, -116.207198 43.613781)"
1387,7182222692,7234149326,0,nan,footway,54.0,43.6135,-116.2074,2.1282,1.0,0.0,12,3,6,0.0138,0.0372,0.4663,0.2404,0.0187,True,1.0,0.0,25.0,2.0,0.0,1.0,8.0,0.92,1.0,"LINESTRING (-116.207604 43.61333, -116.207262 43.613696, -116.207232 43.613735)"
1388,7182222696,7234149330,0,nan,footway,40.0,43.6134,-116.2078,0.6764,1.0,0.0,8,0,5,,,,,,False,1.0,0.0,25.0,2.0,0.0,1.0,7.0,0.92,0.262,"LINESTRING (-116.207644 43.613314, -116.207998 43.613528, -116.208026 43.613544)"
1389,7182222943,8547340153,0,nan,footway,74.2,43.6144,-116.2066,1.1098,1.0,3.222,22,5,5,0.1077,0.2946,0.2227,0.1072,0.0097,True,1.0,0.0,25.0,2.0,0.0,1.0,6.0,0.92,0.7784,"LINESTRING (-116.206342 43.614659, -116.206385 43.614614, -116.206854 43.614133, -116.206874 43.614113)"
1390,7183315490,7183315495,0,nan,path,26.3,43.6006,-116.1968,0.0,1.0,13.6254,2,0,4,,,,,,False,1.0,0.0,25.0,2.0,0.0,1.0,1.0,0.92,0.3039,"LINESTRING (-116.196739 43.600484, -116.19674 43.600557, -116.196965 43.600558)"
1391,7183315491,7234149000,0,nan,path,44.1,43.6004,-116.1972,0.0,0.6667,18.6949,2,0,4,,,,,,False,1.0,0.0,25.0,2.0,0.0,1.0,3.0,0.92,0.4441,"LINESTRING (-116.197035 43.600558, -116.197201 43.600392, -116.1972 43.600373, -116.196961 43.60037)"
1392,7183315494,7183315495,0,nan,path,41.4,43.6005,-116.1965,0.0,1.0,11.9356,3,0,4,,,,,,False,1.0,0.0,25.0,2.0,0.0,1.0,1.0,0.92,0.2708,"LINESTRING (-116.196739 43.600484, -116.196224 43.600483)"
1393,7183315494,7183315501,0,nan,footway,35.3,43.6003,-116.1962,0.0,0.5,5.256,3,0,4,,,,,,False,1.0,0.0,25.0,2.0,0.0,1.0,1.0,0.92,0.3581,"LINESTRING (-116.196224 43.600165, -116.196224 43.600481, -116.196224 43.600483)"
1394,7183315498,7183315501,0,nan,path,32.4,43.6002,-116.1964,0.0,1.0,5.256,1,0,4,,,,,,False,1.0,0.0,25.0,2.0,0.0,1.0,1.0,0.92,0.2432,"LINESTRING (-116.196224 43.600165, -116.196627 43.600164)"
1395,7221750174,13680630682,0,nan,footway,164.7,43.6072,-116.1916,0.1693,0.5,9.5635,5,2,2,0.0508,0.1444,0.0031,0.0,0.047,True,1.0,0.0,25.0,2.0,0.0,1.0,3.0,0.92,0.5049,"LINESTRING (-116.190659 43.606938, -116.190682 43.606945, -116.190854 43.606987, -116.190907 43.606998, -116.190946 43.606994, -116.191132 43.607044, -116.191276 43.607087, -116.1914 43.607131, -116.19155 43.607197, -116.191605 43.607221, -116.191656 43.607253, -116.191876 43.607381, -116.192031 43.607455, -116.192343 43.607613, -116.19242 43.607655)"
1396,7221772546,13680630682,0,nan,footway,585.8,43.6055,-116.1876,0.2157,0.3939,7.9241,65,3,0,0.0064,0.2029,0.1186,0.0278,0.0068,True,1.0,0.0,25.0,2.0,0.0,1.0,33.0,0.92,0.3072,"LINESTRING (-116.190659 43.606938, -116.190639 43.606932, -116.19057 43.606911, -116.190474 43.60688, -116.190385 43.606848, -116.190239 43.606791, -116.190096 43.606725, -116.189924 43.606643, -116.189758 43.606563, -116.189598 43.606487, -116.189428 43.606407, -116.189296 43.606345, -116.189142 43.606272, -116.188955 43.606183, -116.18879 43.606107, -116.188625 43.606028, -116.188478 43.60596, -116.188312 43.605881, -116.188188 43.605822, -116.188084 43.605774, -116.188028 43.605747, -116.18798 43.605724, -116.187945 43.605703, -116.187856 43.605652, -116.187775 43.6056, -116.187717 43.605551, -116.187656 43.605503, -116.187578 43.605426, -116.187523 43.605373, -116.18749 43.605327, -116.187442 43.605257, -116.187406 43.605203, -116.187358 43.605116, -116.187337 43.605066, -116.187313 43.60501, -116.187295 43.604946, -116.18728 43.604888, -116.18726 43.604794, -116.18726 43.604734, -116.187261 43.60462, -116.187297 43.604436, -116.187323 43.604397, -116.18735 43.604325, -116.187376 43.604269, -116.187409 43.604202, -116.187451 43.604137, -116.187493 43.604078, -116.18755 43.604006, -116.187634 43.603909, -116.187733 43.603797, -116.187806 43.603713, -116.187843 43.603673, -116.187908 43.603594, -116.187941 43.603548, -116.18797 43.603504, -116.188002 43.603448, -116.188024 43.603407, -116.188069 43.603325, -116.188105 43.603236, -116.18813 43.603158, -116.188153 43.603093, -116.18815 43.603064)"
1397,7221772553,8014905984,0,nan,footway,71.7,43.6025,-116.1871,0.0865,0.0,0.0,17,0,0,0.1445,0.164,0.1396,0.0102,0.0012,True,1.0,0.0,25.0,2.0,0.0,1.0,6.0,0.92,0.0443,"LINESTRING (-116.186713 43.602359, -116.186745 43.602365, -116.187006 43.602483, -116.187299 43.602619, -116.187364 43.602653, -116.187466 43.6027)"
1398,7221772553,7967956971,0,nan,footway,62.2,43.6028,-116.1878,0.2234,1.0,7.9241,42,0,0,0.1901,0.0163,0.0794,0.2957,0.0028,True,1.0,0.0,25.0,2.0,0.0,1.0,7.0,0.92,0.0,"LINESTRING (-116.188112 43.603006, -116.188098 43.602993, -116.188054 43.602971, -116.187893 43.602895, -116.18766 43.602787, -116.187564 43.602747, -116.187466 43.6027)"
1399,7221772563,7221772595,0,nan,footway,221.3,43.6053,-116.1877,0.1712,0.0769,0.0,5,1,0,0.1261,0.1168,0.1046,0.0774,0.0001,True,1.0,0.0,25.0,2.0,0.0,1.0,6.0,0.92,0.2307,"LINESTRING (-116.188783 43.605897, -116.188729 43.605858, -116.188642 43.605815, -116.188366 43.605684, -116.188211 43.605609, -116.188106 43.605557, -116.188067 43.605544, -116.187977 43.605502, -116.18791 43.605457, -116.187842 43.605401, -116.187731 43.605291, -116.187638 43.605167, -116.187617 43.605132, -116.187596 43.605095, -116.187579 43.605062, -116.187562 43.605025, -116.187549 43.604995, -116.187534 43.604954, -116.187521 43.604916, -116.187515 43.604892, -116.187507 43.604858, -116.1875 43.604817, -116.187492 43.604775, -116.18749 43.604719, -116.187488 43.604672, -116.18749 43.604631, -116.187496 43.604583, -116.187502 43.60454, -116.187507 43.604502, -116.187522 43.60446, -116.187541 43.604407, -116.187547 43.604382, -116.187571 43.604324)"
1400,7221772620,7221772623,0,nan,footway,60.2,43.6059,-116.1892,0.0169,0.25,0.0,0,0,1,,,,,,False,1.0,0.0,25.0,2.0,0.0,1.0,5.0,0.92,0.1916,"LINESTRING (-116.188942 43.605696, -116.188994 43.605726, -116.189458 43.606004, -116.18952 43.60604)"
1401,7221772637,7221772652,0,nan,footway,105.5,43.6075,-116.1926,0.1175,0.0,0.0,31,6,3,,,,,,False,1.0,0.0,25.0,2.0,0.0,1.0,6.0,0.92,0.4604,"LINESTRING (-116.192047 43.607225, -116.19207 43.607236, -116.192236 43.607313, -116.1927 43.607528, -116.192997 43.607669, -116.19307 43.607702, -116.193109 43.607711, -116.193162 43.607713)"
1402,7221772642,9550908278,0,nan,footway,35.3,43.6059,-116.193,0.3312,0.0,0.0,7,2,1,0.0613,0.0774,0.2981,0.0904,0.0016,True,1.0,0.0,25.0,2.0,0.0,1.0,8.0,0.92,0.4106,"LINESTRING (-116.192806 43.605774, -116.192997 43.605872, -116.19312 43.605935, -116.193157 43.605963)"
1403,7221772653,7221772695,0,nan,footway,25.4,43.6075,-116.1932,0.3324,0.0,0.0,27,3,3,,,,,,False,1.0,0.0,25.0,2.0,0.0,1.0,4.0,0.92,0.4717,"LINESTRING (-116.193169 43.607378, -116.193167 43.607606)"
1404,7221772657,7221772694,0,nan,footway,64.4,43.6078,-116.1928,0.1337,0.25,12.4402,27,4,3,0.0008,0.0244,0.0,0.016,0.0004,True,1.0,0.0,25.0,2.0,0.0,1.0,7.0,0.92,0.6178,"LINESTRING (-116.192488 43.607691, -116.192508 43.607687, -116.192543 43.607692, -116.192725 43.607779, -116.192846 43.607835, -116.193009 43.607911, -116.193061 43.607932, -116.193122 43.607959, -116.193173 43.607978)"
1405,7221772664,7221772666,0,nan,footway,31.5,43.6092,-116.1932,0.2137,0.5,9.6073,11,5,5,0.0011,0.0881,0.1266,0.1151,0.0051,True,1.0,0.0,25.0,2.0,0.0,1.0,8.0,0.92,0.7351,"LINESTRING (-116.193249 43.609095, -116.193247 43.609125, -116.193244 43.609325, -116.193244 43.609378)"
1406,7221772666,7221772672,0,nan,footway,49.9,43.6089,-116.1932,0.2862,0.0,0.0,12,5,5,0.0894,0.3136,0.0706,0.0542,0.0068,True,1.0,0.0,25.0,2.0,0.0,1.0,5.0,0.92,0.6733,"LINESTRING (-116.193232 43.608648, -116.193237 43.608657, -116.193245 43.608679, -116.193251 43.608981, -116.193249 43.609095)"
1407,7221772677,7221772681,0,nan,footway,54.9,43.6083,-116.1932,0.4107,1.0,12.4402,28,5,3,0.0342,0.4082,0.1599,0.066,0.0137,True,1.0,0.0,25.0,2.0,0.0,1.0,7.0,0.92,0.5047,"LINESTRING (-116.193221 43.608061, -116.193223 43.608163, -116.193232 43.608407, -116.193232 43.608454, -116.193227 43.60849, -116.19323 43.608554)"
1408,7221772695,7967905686,0,nan,footway,144.7,43.6067,-116.1932,0.2909,0.0,0.0,28,3,3,0.0999,0.1369,0.1912,0.0724,0.013,True,1.0,0.0,25.0,2.0,0.0,1.0,7.0,0.92,0.453,"LINESTRING (-116.193186 43.606077, -116.193175 43.606691, -116.193169 43.607378)"
1409,7234143971,8816237589,0,West Royal Boulevard,residential,34.6,43.6091,-116.2123,0.0353,1.0,0.0,8,1,4,,,,,,False,0.0,2.0,25.0,2.0,0.179,0.5,2.0,0.881,0.0603,"LINESTRING (-116.212482 43.609119, -116.212079 43.609008)"
1410,7234143975,7234143977,0,nan,footway,37.2,43.6034,-116.207,0.0446,1.0,5.3449,5,1,0,,,,,,False,1.0,0.0,25.0,2.0,0.0,1.0,7.0,0.92,0.0734,"LINESTRING (-116.206989 43.603269, -116.206933 43.603346, -116.207236 43.60346)"
1411,7234149003,7234149004,0,nan,path,38.5,43.6001,-116.197,0.0,0.3333,8.5559,2,0,4,,,,,,False,1.0,0.0,25.0,2.0,0.0,1.0,0.0,0.92,0.4772,"LINESTRING (-116.197204 43.600149, -116.196725 43.600146)"
1412,7234149010,7234149015,0,nan,path,302.5,43.6013,-116.2053,0.0278,1.0,3.9078,3,0,0,,,,,,False,1.0,0.0,25.0,2.0,0.0,1.0,2.0,0.92,0.0,"LINESTRING (-116.203655 43.600677, -116.203677 43.600656, -116.205455 43.601301, -116.205481 43.601319, -116.205481 43.601332, -116.204918 43.602158, -116.204553 43.602028)"
1413,7234149094,7234149098,0,nan,path,35.8,43.6085,-116.2047,0.0,0.0,0.0,0,0,2,,,,,,False,1.0,0.0,25.0,2.0,0.0,1.0,0.0,0.92,0.32,"LINESTRING (-116.204613 43.608402, -116.204684 43.608467, -116.204716 43.60855, -116.204713 43.60862, -116.204682 43.6087)"
1414,7234149098,13879774746,0,nan,footway,54.3,43.6082,-116.2047,0.0,0.0,0.0,1,0,3,,,,,,False,1.0,0.0,25.0,2.0,0.0,1.0,0.0,0.92,0.3246,"LINESTRING (-116.204864 43.607978, -116.20486 43.607985, -116.204827 43.608042, -116.204798 43.608077, -116.204757 43.608137, -116.204747 43.608171, -116.204747 43.608268, -116.204735 43.608321, -116.20472 43.608355, -116.204641 43.608391, -116.204613 43.608402)"
1415,7234149162,7234149244,0,nan,footway,35.8,43.6102,-116.2061,0.0,0.5,6.375,4,0,5,0.0488,0.1504,0.3056,0.0771,0.0016,True,1.0,0.0,25.0,2.0,0.0,1.0,5.0,0.92,0.4129,"LINESTRING (-116.20586 43.61018, -116.20593 43.610197, -116.206099 43.61017, -116.206194 43.610167, -116.206274 43.610173, -116.206297 43.610171)"
1416,7234149165,7234149168,0,nan,footway,42.4,43.6101,-116.2067,0.1125,0.0,0.0,5,0,6,0.0042,0.1519,0.3436,0.0697,0.0081,True,1.0,0.0,25.0,2.0,0.0,1.0,6.0,0.92,0.451,"LINESTRING (-116.206904 43.609937, -116.206793 43.610017, -116.206545 43.610155, -116.206517 43.610191)"
1417,7234149173,7234149174,0,nan,footway,44.0,43.6101,-116.2068,1.0162,0.0,0.0,7,0,6,0.1093,0.1316,0.3283,0.0422,0.0265,True,1.0,0.0,25.0,2.0,0.0,1.0,9.0,0.92,0.7831,"LINESTRING (-116.206984 43.609986, -116.206678 43.610314)"
1418,7234149213,7234149216,0,nan,footway,57.3,43.6099,-116.2043,0.0,0.25,0.0,5,0,2,0.1336,0.4486,0.07,0.0078,0.0006,True,1.0,0.0,25.0,2.0,0.0,1.0,2.0,0.92,0.1124,"LINESTRING (-116.204078 43.609718, -116.204333 43.609887, -116.204367 43.609946, -116.204554 43.610095)"
1419,7234149213,9451654286,0,nan,footway,96.3,43.6103,-116.2051,0.0,1.0,5.0262,5,0,4,0.1556,0.2503,0.1261,0.1668,0.0006,True,1.0,0.0,25.0,2.0,0.0,1.0,2.0,0.92,0.1621,"LINESTRING (-116.205643 43.610351, -116.205607 43.610354, -116.20541 43.610371, -116.205204 43.610359, -116.205025 43.610312, -116.204798 43.610239, -116.204626 43.610145, -116.204554 43.610095)"
1420,7234149216,7567535369,0,nan,path,94.6,43.61,-116.2036,0.1919,0.6667,5.3487,10,0,3,,,,,,False,1.0,0.0,25.0,2.0,0.0,1.0,8.0,0.92,0.2556,"LINESTRING (-116.203338 43.610327, -116.203372 43.610291, -116.203422 43.610189, -116.203457 43.610093, -116.203622 43.609951, -116.203678 43.609891, -116.20373 43.609858, -116.203855 43.609825, -116.204034 43.609754, -116.204078 43.609718)"
1421,7234149216,7234149220,0,nan,footway,58.4,43.6096,-116.2038,0.0,0.0,0.0,3,0,3,,,,,,False,1.0,0.0,25.0,2.0,0.0,1.0,3.0,0.92,0.2759,"LINESTRING (-116.203439 43.609486, -116.203596 43.609513, -116.203763 43.609561, -116.203952 43.609639, -116.204078 43.609718)"
1422,7234149231,7234149241,0,nan,footway,126.0,43.6101,-116.2049,0.0,0.5,5.4541,7,0,3,0.0276,0.2136,0.3208,0.0,0.001,True,1.0,0.0,25.0,2.0,0.0,1.0,4.0,0.92,0.2594,"LINESTRING (-116.205629 43.610228, -116.205594 43.610237, -116.205406 43.610236, -116.205249 43.610226, -116.205079 43.610196, -116.204921 43.610142, -116.204808 43.610087, -116.204376 43.609778, -116.204356 43.609744, -116.204366 43.609717)"
1423,7234149244,7234149247,0,nan,footway,25.5,43.6101,-116.2058,0.0,0.5,6.375,1,0,5,0.0405,0.2824,0.164,0.0558,0.0093,True,1.0,0.0,25.0,2.0,0.0,1.0,2.0,0.92,0.4772,"LINESTRING (-116.205793 43.609958, -116.205831 43.610143, -116.20586 43.61018)"
1424,7234149247,7234149254,0,nan,path,58.6,43.61,-116.2061,0.0,1.0,6.375,4,0,6,,,,,,False,1.0,0.0,25.0,2.0,0.0,1.0,5.0,0.92,0.3026,"LINESTRING (-116.206382 43.610069, -116.206232 43.609997, -116.20621 43.610017, -116.206147 43.609983, -116.206098 43.610036, -116.205914 43.609955, -116.205852 43.609973, -116.205793 43.609958)"
1425,7234149254,11135181666,0,nan,footway,81.1,43.6098,-116.2068,0.0128,1.0,6.375,5,0,5,,,,,,False,1.0,0.0,25.0,2.0,0.0,1.0,5.0,0.92,0.2415,"LINESTRING (-116.207045 43.609539, -116.207039 43.609572, -116.207002 43.60962, -116.206915 43.609718, -116.206813 43.609807, -116.206629 43.609948, -116.206382 43.610069)"
1426,7234149296,7477710278,0,West River Street,secondary,85.7,43.6114,-116.2099,0.428,0.4,7.1324,28,1,6,0.0573,0.4306,0.1162,0.0414,0.0091,True,0.0,4.0,30.0,3.0,0.643,0.5,7.0,0.75,0.6539,"LINESTRING (-116.209346 43.611318, -116.209561 43.611295, -116.209807 43.611342, -116.210239 43.611493, -116.21033 43.611542)"
1427,7234149300,7477710239,0,West Lee Street,unclassified,68.4,43.6123,-116.2096,0.0,1.0,6.2756,4,1,6,,,,,,False,0.0,2.0,25.0,2.0,0.179,0.5,2.0,0.881,0.4026,"LINESTRING (-116.209936 43.612474, -116.209256 43.612105)"
1428,7234149300,7477710268,0,West Lee Street,unclassified,31.2,43.612,-116.2091,0.1982,1.0,7.1324,4,1,6,,,,,,False,0.0,2.0,25.0,2.0,0.179,0.5,2.0,0.881,0.4915,"LINESTRING (-116.208946 43.611936, -116.209256 43.612105)"
1429,7234149327,7259679941,0,nan,footway,81.2,43.6135,-116.2071,1.2792,1.0,10.0992,46,10,6,,,,,,False,1.0,0.0,25.0,2.0,0.0,1.0,9.0,0.92,1.0,"LINESTRING (-116.206819 43.613822, -116.207399 43.613225)"
1430,7234149329,7477717514,0,nan,footway,45.7,43.6129,-116.208,1.8522,1.0,0.0,15,0,4,,,,,,False,1.0,0.0,25.0,2.0,0.0,1.0,9.0,0.92,0.6268,"LINESTRING (-116.208166 43.61277, -116.208153 43.612783, -116.208082 43.612855, -116.207837 43.613105)"
1431,7234149331,7234149333,0,South 9th Street,primary,30.9,43.6132,-116.2076,0.6177,1.0,10.0992,12,2,5,0.0344,0.1777,0.2526,0.1394,0.0101,True,0.0,5.0,25.0,4.0,0.893,0.5,9.0,0.857,0.6267,"LINESTRING (-116.207711 43.613044, -116.207594 43.613165, -116.207491 43.613272)"
1432,7240851863,7240851866,0,nan,footway,41.3,43.6218,-116.2082,0.1009,1.0,5.3744,6,0,9,,,,,,False,1.0,0.0,25.0,2.0,0.0,1.0,9.0,0.92,0.4627,"LINESTRING (-116.208099 43.621941, -116.20812 43.62192, -116.208391 43.621635)"
1433,7240851866,7240851867,0,nan,footway,41.1,43.6221,-116.208,0.7696,1.0,4.3773,5,3,7,,,,,,False,1.0,0.0,25.0,2.0,0.0,1.0,11.0,0.92,0.8127,"LINESTRING (-116.20781 43.622245, -116.208076 43.621966, -116.208099 43.621941)"
1434,7240851867,7240851871,0,nan,footway,36.6,43.6223,-116.208,0.2371,1.0,4.3773,6,3,7,,,,,,False,1.0,0.0,25.0,2.0,0.0,1.0,12.0,0.92,0.5943,"LINESTRING (-116.208182 43.622434, -116.208128 43.622407, -116.20784 43.622262, -116.20781 43.622245)"
1435,7240851874,7240851879,0,nan,footway,38.3,43.6226,-116.2086,1.9905,1.0,5.2177,13,3,5,,,,,,False,1.0,0.0,25.0,2.0,0.0,1.0,11.0,0.92,1.0,"LINESTRING (-116.208788 43.622711, -116.20874 43.622715, -116.208648 43.62267, -116.20849 43.622587, -116.208391 43.622537)"
1436,7240851879,7240862887,0,nan,footway,37.9,43.6226,-116.2089,0.9279,0.6667,5.2177,10,3,6,,,,,,False,1.0,0.0,25.0,2.0,0.0,1.0,10.0,0.92,0.9029,"LINESTRING (-116.209058 43.622432, -116.209045 43.622446, -116.208878 43.622622, -116.208859 43.622641, -116.208788 43.622711)"
1437,7240862893,7240862923,0,nan,footway,56.4,43.622,-116.2073,0.0444,1.0,6.0982,5,1,7,,,,,,False,1.0,0.0,25.0,2.0,0.0,1.0,10.0,0.92,0.4577,"LINESTRING (-116.207022 43.621844, -116.207253 43.621961, -116.207394 43.622032, -116.207596 43.622135)"
1438,7240862893,7240862915,0,nan,footway,41.1,43.622,-116.2077,0.1006,1.0,5.5183,3,1,7,,,,,,False,1.0,0.0,25.0,2.0,0.0,1.0,11.0,0.92,0.4991,"LINESTRING (-116.207883 43.62183, -116.207866 43.621849, -116.207746 43.621973, -116.207596 43.622135)"
1439,7240862897,7240862923,0,nan,footway,38.4,43.6217,-116.2068,0.1835,1.0,6.21,4,0,7,,,,,,False,1.0,0.0,25.0,2.0,0.0,1.0,9.0,0.92,0.425,"LINESTRING (-116.207022 43.621844, -116.206881 43.621772, -116.20663 43.621647)"
1440,7240862897,7240862900,0,nan,footway,41.8,43.6215,-116.2068,0.1828,1.0,5.6494,4,0,8,,,,,,False,1.0,0.0,25.0,2.0,0.0,1.0,11.0,0.92,0.4694,"LINESTRING (-116.206919 43.621336, -116.206906 43.621362, -116.20663 43.621647)"
1441,7240862900,7240862910,0,nan,footway,29.9,43.6212,-116.207,0.2383,1.0,5.2576,3,0,8,,,,,,False,1.0,0.0,25.0,2.0,0.0,1.0,9.0,0.92,0.5004,"LINESTRING (-116.207135 43.621121, -116.207114 43.621141, -116.20704 43.621191, -116.206929 43.621316, -116.206919 43.621336)"
1442,7240862908,7240862911,0,nan,footway,76.8,43.6213,-116.2078,0.3935,0.8,5.2576,7,0,9,,,,,,False,1.0,0.0,25.0,2.0,0.0,1.0,18.0,0.92,0.6308,"LINESTRING (-116.207393 43.62113, -116.207478 43.621173, -116.207712 43.621291, -116.207969 43.621422, -116.208071 43.621474, -116.208174 43.621527)"
1443,7240862912,7240862915,0,nan,footway,30.3,43.6217,-116.208,0.0543,1.0,4.5629,4,0,9,,,,,,False,1.0,0.0,25.0,2.0,0.0,1.0,10.0,0.92,0.4538,"LINESTRING (-116.207883 43.62183, -116.2079 43.621811, -116.208099 43.621606)"
1444,7240862916,7240862917,0,nan,footway,81.8,43.6212,-116.2067,0.376,0.8,8.8287,6,0,8,,,,,,False,1.0,0.0,25.0,2.0,0.0,1.0,12.0,0.92,0.6275,"LINESTRING (-116.206986 43.620929, -116.206411 43.621536)"
1445,7240862916,7240862920,0,nan,footway,93.4,43.6213,-116.2059,0.3179,1.0,9.8711,16,0,9,,,,,,False,1.0,0.0,25.0,2.0,0.0,1.0,12.0,0.92,0.541,"LINESTRING (-116.205457 43.621057, -116.206411 43.621536)"
1446,7240862917,7248734057,0,nan,footway,92.2,43.6207,-116.2065,0.2168,0.6667,11.9557,4,0,10,,,,,,False,1.0,0.0,25.0,2.0,0.0,1.0,13.0,0.92,0.7682,"LINESTRING (-116.206052 43.62045, -116.206858 43.620859, -116.206986 43.620929)"
1447,7240862920,7248969283,0,nan,footway,82.1,43.6208,-116.2057,0.369,1.0,11.9557,17,1,11,,,,,,False,1.0,0.0,25.0,2.0,0.0,1.0,14.0,0.92,0.7832,"LINESTRING (-116.206037 43.62045, -116.205457 43.621057)"
1448,7241806143,7241806146,0,nan,footway,44.5,43.6192,-116.2142,0.115,0.0,0.0,2,0,5,,,,,,False,1.0,0.0,25.0,2.0,0.0,1.0,11.0,0.92,0.4474,"LINESTRING (-116.214397 43.619049, -116.214364 43.619057, -116.214347 43.619069, -116.214112 43.619317, -116.214067 43.619363)"
1449,7241806153,7241806155,0,nan,footway,30.6,43.6192,-116.2148,0.0305,0.0,0.0,3,0,4,,,,,,False,1.0,0.0,25.0,2.0,0.0,1.0,6.0,0.92,0.341,"LINESTRING (-116.214615 43.619101, -116.214694 43.619134, -116.214875 43.6192, -116.214896 43.619209, -116.214912 43.619217, -116.214926 43.619229, -116.214932 43.619243)"
1450,7241806172,7241809585,0,nan,footway,83.2,43.6187,-116.2149,1.3681,0.6,5.3135,9,2,4,,,,,,False,1.0,0.0,25.0,2.0,0.0,1.0,9.0,0.92,0.9561,"LINESTRING (-116.215363 43.618494, -116.215318 43.61851, -116.215144 43.618569, -116.215038 43.618604, -116.21497 43.618631, -116.214911 43.618657, -116.214898 43.618672, -116.214879 43.61868, -116.2147 43.618783, -116.214684 43.618794, -116.214592 43.618885, -116.214564 43.618914, -116.214566 43.618933)"
1451,7241809585,7241809592,0,nan,footway,36.5,43.6184,-116.2156,0.0552,1.0,7.2426,10,2,3,,,,,,False,1.0,0.0,25.0,2.0,0.0,1.0,2.0,0.92,0.2815,"LINESTRING (-116.215769 43.618348, -116.215644 43.618393, -116.215445 43.618464, -116.215363 43.618494)"
1452,7241809589,7241809591,0,nan,footway,46.6,43.6182,-116.2168,0.4716,1.0,4.7302,12,0,3,,,,,,False,1.0,0.0,25.0,2.0,0.0,1.0,7.0,0.92,0.2331,"LINESTRING (-116.216928 43.618411, -116.216679 43.618033)"
1453,7241809589,8490831766,0,nan,footway,25.3,43.618,-116.2168,0.793,0.0,0.0,13,0,2,,,,,,False,1.0,0.0,25.0,2.0,0.0,1.0,8.0,0.92,0.4439,"LINESTRING (-116.21696 43.617945, -116.216938 43.617939, -116.216824 43.617985, -116.216771 43.618007, -116.216679 43.618033)"
1454,7241809592,7241809593,0,nan,footway,61.2,43.6182,-116.2161,0.1127,1.0,4.463,15,2,4,,,,,,False,1.0,0.0,25.0,2.0,0.0,1.0,6.0,0.92,0.2876,"LINESTRING (-116.216453 43.618109, -116.216052 43.618249, -116.215769 43.618348)"
1455,7241809599,7241809724,0,nan,footway,94.5,43.6187,-116.2137,0.828,0.5,0.0,7,2,5,,,,,,False,1.0,0.0,25.0,2.0,0.0,1.0,13.0,0.92,0.6537,"LINESTRING (-116.213232 43.61842, -116.213243 43.61842, -116.21326 43.618425, -116.213533 43.618562, -116.213886 43.618742, -116.214032 43.618817, -116.214139 43.61887, -116.214168 43.618887, -116.214176 43.618898, -116.214178 43.61891)"
1456,7241809599,11902455618,0,nan,footway,25.4,43.619,-116.2141,1.0974,1.0,0.0,5,1,5,,,,,,False,1.0,0.0,25.0,2.0,0.0,1.0,7.0,0.92,0.556,"LINESTRING (-116.214006 43.6191, -116.214014 43.619092, -116.21416 43.618944, -116.214172 43.61893, -116.214176 43.618919, -116.214178 43.61891)"
1457,7241809611,7241809616,0,nan,footway,29.8,43.6191,-116.2128,0.2891,0.5,0.0,8,1,6,,,,,,False,1.0,0.0,25.0,2.0,0.0,1.0,10.0,0.92,0.4292,"LINESTRING (-116.212963 43.619174, -116.212674 43.619032, -116.212661 43.61902)"
1458,7241809611,7241809615,0,nan,footway,42.0,43.6189,-116.2128,0.16,0.0,0.0,7,1,6,,,,,,False,1.0,0.0,25.0,2.0,0.0,1.0,12.0,0.92,0.5507,"LINESTRING (-116.212948 43.618707, -116.212873 43.618784, -116.212664 43.619005, -116.212661 43.61902)"
1459,7241809615,7241809724,0,nan,footway,39.3,43.6186,-116.2131,0.4368,0.0,0.0,2,0,6,,,,,,False,1.0,0.0,25.0,2.0,0.0,1.0,6.0,0.92,0.6261,"LINESTRING (-116.213232 43.61842, -116.213223 43.618424, -116.212948 43.618707)"
1460,7241809616,8403752166,0,nan,footway,63.7,43.6193,-116.2133,0.3775,1.0,0.0,11,1,6,,,,,,False,1.0,0.0,25.0,2.0,0.0,1.0,14.0,0.92,0.2799,"LINESTRING (-116.213611 43.6195, -116.213591 43.619497, -116.213437 43.619417, -116.213067 43.619225, -116.212963 43.619174)"
1461,7241809617,8403752166,0,nan,footway,41.8,43.6194,-116.2138,0.2001,1.0,0.0,10,1,6,,,,,,False,1.0,0.0,25.0,2.0,0.0,1.0,12.0,0.92,0.2169,"LINESTRING (-116.213611 43.6195, -116.213631 43.619495, -116.213734 43.619384, -116.213913 43.619198)"
1462,7241809622,7241809633,0,nan,footway,93.6,43.6186,-116.2138,0.3751,0.0,0.0,5,2,5,,,,,,False,1.0,0.0,25.0,2.0,0.0,1.0,10.0,0.92,0.6609,"LINESTRING (-116.213329 43.618338, -116.213328 43.61836, -116.213335 43.618376, -116.213351 43.61839, -116.213424 43.618424, -116.213637 43.618532, -116.213817 43.618621, -116.21401 43.618719, -116.214141 43.618786, -116.214179 43.618805, -116.21421 43.618812, -116.214254 43.618807)"
1463,7241809622,7241809685,0,nan,footway,43.3,43.6187,-116.2144,1.8075,0.3333,7.6596,4,1,5,,,,,,False,1.0,0.0,25.0,2.0,0.0,1.0,6.0,0.92,1.0,"LINESTRING (-116.214649 43.618552, -116.214608 43.618596, -116.214454 43.618664, -116.214432 43.61868, -116.21429 43.618796, -116.214254 43.618807)"
1464,7241809633,7241809641,0,nan,footway,61.8,43.6181,-116.2135,1.755,0.25,5.4573,3,0,5,,,,,,False,1.0,0.0,25.0,2.0,0.0,1.0,4.0,0.92,1.0,"LINESTRING (-116.213819 43.617933, -116.213803 43.617928, -116.213782 43.617928, -116.213646 43.618023, -116.213598 43.618061, -116.213543 43.618108, -116.213503 43.618143, -116.213455 43.618194, -116.213341 43.618314, -116.213329 43.618338)"
1465,7241809647,7241809662,0,nan,footway,189.4,43.6175,-116.215,0.251,0.9091,5.597,13,1,2,0.0643,0.1188,0.3435,0.0724,0.004,True,1.0,0.0,25.0,2.0,0.0,1.0,9.0,0.92,0.2346,"LINESTRING (-116.216044 43.61711, -116.216017 43.617111, -116.215989 43.617118, -116.215917 43.617139, -116.215857 43.617155, -116.21573 43.617199, -116.215611 43.61724, -116.215309 43.617343, -116.215165 43.617392, -116.214977 43.617457, -116.214776 43.617527, -116.214301 43.617692, -116.214065 43.617776, -116.213992 43.617805, -116.213964 43.617816, -116.213952 43.617833, -116.213942 43.61785)"
1466,7241809662,8324061596,0,nan,footway,46.5,43.6173,-116.2162,0.5815,1.0,7.1053,4,0,1,0.0617,0.082,0.3853,0.0652,0.0066,True,1.0,0.0,25.0,2.0,0.0,1.0,6.0,0.92,0.273,"LINESTRING (-116.216302 43.617483, -116.216274 43.617435, -116.216201 43.61733, -116.216112 43.617199, -116.216077 43.617145, -116.21606 43.617119, -116.216044 43.61711)"
1467,7241809671,8324061596,0,nan,footway,47.8,43.6177,-116.2164,0.1107,1.0,0.0,11,1,1,0.1765,0.1171,0.2633,0.1566,0.0022,True,1.0,0.0,25.0,2.0,0.0,1.0,5.0,0.92,0.0,"LINESTRING (-116.216302 43.617483, -116.216338 43.617541, -116.216413 43.617653, -116.21648 43.617757, -116.216559 43.61787)"
1468,7241809678,8324061599,0,nan,footway,100.8,43.6183,-116.2152,0.0842,1.0,6.6741,18,3,3,,,,,,False,1.0,0.0,25.0,2.0,0.0,1.0,5.0,0.92,0.289,"LINESTRING (-116.215805 43.618126, -116.215532 43.618222, -116.214882 43.618451, -116.214763 43.618498, -116.214705 43.618519, -116.21468 43.61852)"
1469,7241809688,7241809727,0,West Front Street,tertiary,95.5,43.6186,-116.2137,0.6849,0.5,0.0,6,2,5,,,,,,False,0.0,3.0,30.0,1.0,0.161,0.5,12.0,0.796,0.6073,"LINESTRING (-116.213248 43.618385, -116.213686 43.618604, -116.214192 43.618863, -116.214222 43.618875)"
1470,7241809704,7241809722,0,nan,footway,42.3,43.6183,-116.2116,0.0487,1.0,0.0,13,1,8,,,,,,False,1.0,0.0,25.0,2.0,0.0,1.0,8.0,0.92,0.2474,"LINESTRING (-116.211773 43.618109, -116.211754 43.618134, -116.211638 43.618254, -116.2115 43.618396, -116.211475 43.618423)"
1471,7241809704,8403752182,0,nan,footway,94.8,43.6187,-116.212,0.0841,1.0,0.0,19,3,6,,,,,,False,1.0,0.0,25.0,2.0,0.0,1.0,14.0,0.92,0.2311,"LINESTRING (-116.212442 43.618908, -116.212423 43.618907, -116.2124 43.618895, -116.212253 43.61882, -116.212065 43.618724, -116.211858 43.618619, -116.211688 43.618531, -116.211475 43.618423)"
1472,7241809711,7241809729,0,nan,footway,96.2,43.6181,-116.2125,0.086,1.0,7.1798,6,1,6,,,,,,False,1.0,0.0,25.0,2.0,0.0,1.0,7.0,0.92,0.4248,"LINESTRING (-116.21301 43.618308, -116.213011 43.6183, -116.213001 43.61829, -116.212982 43.618279, -116.212931 43.618255, -116.212741 43.618161, -116.212602 43.618089, -116.212498 43.618037, -116.212253 43.617914, -116.212083 43.617828, -116.212054 43.61782, -116.212038 43.617824)"
1473,7241809711,7241809722,0,nan,footway,38.3,43.618,-116.2119,0.0324,0.3333,0.0,7,0,6,,,,,,False,1.0,0.0,25.0,2.0,0.0,1.0,4.0,0.92,0.2905,"LINESTRING (-116.211773 43.618109, -116.21179 43.618088, -116.211945 43.617929, -116.212014 43.617855, -116.212038 43.617824)"
1474,7241809723,8403752182,0,nan,footway,41.9,43.6188,-116.2126,0.1013,1.0,0.0,10,4,6,,,,,,False,1.0,0.0,25.0,2.0,0.0,1.0,11.0,0.92,0.3125,"LINESTRING (-116.212442 43.618908, -116.212457 43.618903, -116.21247 43.618894, -116.212678 43.618668, -116.21274 43.618601)"
1475,7241809723,7241809729,0,nan,footway,39.3,43.6185,-116.2129,0.7134,1.0,8.5677,2,0,6,,,,,,False,1.0,0.0,25.0,2.0,0.0,1.0,5.0,0.92,0.6439,"LINESTRING (-116.21301 43.618308, -116.213009 43.618317, -116.212995 43.618333, -116.212904 43.618422, -116.21274 43.618601)"
1476,7241809733,7241809751,0,nan,footway,117.4,43.6178,-116.2135,1.7301,0.0,0.0,5,1,5,,,,,,False,1.0,0.0,25.0,2.0,0.0,1.0,5.0,0.92,1.0,"LINESTRING (-116.214141 43.617534, -116.214137 43.617543, -116.21413 43.617554, -116.214118 43.617563, -116.214104 43.617572, -116.214088 43.61758, -116.214048 43.617593, -116.213935 43.617633, -116.213886 43.617654, -116.213829 43.617662, -116.213806 43.61767, -116.213746 43.6177, -116.213649 43.617751, -116.213488 43.617855, -116.213424 43.6179, -116.213352 43.617959, -116.213208 43.618098, -116.213097 43.618232)"
1477,7241809755,8582384699,0,nan,footway,96.8,43.6173,-116.2149,0.2389,0.8333,4.6541,4,0,2,,,,,,False,1.0,0.0,25.0,2.0,0.0,1.0,2.0,0.92,0.2094,"LINESTRING (-116.215449 43.617105, -116.21531 43.617154, -116.215265 43.617171, -116.215151 43.61721, -116.215051 43.617246, -116.214916 43.617292, -116.214821 43.617326, -116.214718 43.617361, -116.214568 43.617414, -116.214428 43.617461, -116.214407 43.617467, -116.214391 43.617467, -116.214375 43.617465, -116.214362 43.617459)"
1478,7241809755,7241809791,0,nan,footway,45.9,43.6173,-116.2142,0.6707,1.0,2.8702,2,0,2,,,,,,False,1.0,0.0,25.0,2.0,0.0,1.0,3.0,0.92,0.3193,"LINESTRING (-116.214112 43.617088, -116.214127 43.617112, -116.214166 43.617172, -116.214277 43.617335, -116.214352 43.617449, -116.214362 43.617459)"
1479,7241809770,8582384699,0,nan,footway,42.7,43.617,-116.2157,0.2313,1.0,7.5495,1,0,1,0.0239,0.133,0.2252,0.1675,0.0077,True,1.0,0.0,25.0,2.0,0.0,1.0,4.0,0.92,0.2065,"LINESTRING (-116.215449 43.617105, -116.215468 43.617099, -116.215688 43.617009, -116.21592 43.616931)"
1480,7241809770,7241809785,0,nan,footway,47.5,43.6167,-116.2158,0.1101,1.0,7.5495,5,0,0,0.0261,0.2281,0.2062,0.1268,0.0048,True,1.0,0.0,25.0,2.0,0.0,1.0,7.0,0.92,0.0288,"LINESTRING (-116.215676 43.616542, -116.215694 43.616568, -116.21592 43.616931)"
1481,7241809776,7241809785,0,nan,footway,46.7,43.6164,-116.2155,0.5817,1.0,6.2076,6,0,1,0.0409,0.1652,0.3566,0.0171,0.0028,True,1.0,0.0,25.0,2.0,0.0,1.0,10.0,0.92,0.2372,"LINESTRING (-116.215676 43.616542, -116.215605 43.616436, -116.215478 43.616246, -116.215419 43.616165)"
1482,7241809783,7241809791,0,nan,footway,47.2,43.6169,-116.214,0.9641,1.0,4.0355,1,0,2,,,,,,False,1.0,0.0,25.0,2.0,0.0,1.0,5.0,0.92,0.4898,"LINESTRING (-116.214112 43.617088, -116.214095 43.617063, -116.213883 43.616743, -116.21386 43.616705)"
1483,7241809783,7241809784,0,nan,footway,126.3,43.6165,-116.2146,0.371,1.0,5.9531,7,0,1,,,,,,False,1.0,0.0,25.0,2.0,0.0,1.0,12.0,0.92,0.1419,"LINESTRING (-116.215275 43.616215, -116.215146 43.61626, -116.214692 43.616417, -116.214556 43.616464, -116.214337 43.616541, -116.214178 43.616595, -116.213919 43.616685, -116.21386 43.616705)"
1484,7241809794,7241809795,0,nan,footway,44.3,43.617,-116.2137,0.0517,0.6667,0.0,1,0,2,,,,,,False,1.0,0.0,25.0,2.0,0.0,1.0,6.0,0.92,0.0734,"LINESTRING (-116.213858 43.617149, -116.213622 43.61679)"
1485,7241809794,7241809796,0,nan,footway,54.7,43.6169,-116.2133,0.0073,0.0,0.0,0,0,3,,,,,,False,1.0,0.0,25.0,2.0,0.0,1.0,5.0,0.92,0.3761,"LINESTRING (-116.213007 43.617001, -116.213622 43.61679)"
1486,7241809801,10295338030,0,nan,footway,25.3,43.616,-116.2152,0.5738,1.0,7.3706,5,1,1,0.0562,0.1685,0.3004,0.0427,0.0072,True,1.0,0.0,25.0,2.0,0.0,1.0,6.0,0.92,0.362,"LINESTRING (-116.215009 43.616093, -116.215214 43.61602, -116.215271 43.616001, -116.215289 43.61599)"
1487,7241809801,10295338028,0,nan,footway,36.7,43.6158,-116.2152,0.2963,1.0,7.3706,4,0,1,0.0547,0.2106,0.2513,0.095,0.006,True,1.0,0.0,25.0,2.0,0.0,1.0,8.0,0.92,0.1652,"LINESTRING (-116.215112 43.615689, -116.215177 43.615783, -116.215264 43.615917, -116.215282 43.615945, -116.215294 43.615975, -116.215289 43.61599)"
1488,7241809807,7241809811,0,nan,footway,46.6,43.6163,-116.2136,0.1762,1.0,6.4066,3,0,1,,,,,,False,1.0,0.0,25.0,2.0,0.0,1.0,7.0,0.92,0.1213,"LINESTRING (-116.213488 43.616155, -116.213499 43.616173, -116.213743 43.616532)"
1489,7241809807,7241809808,0,nan,footway,104.0,43.6163,-116.2143,0.4014,1.0,5.0094,4,0,1,,,,,,False,1.0,0.0,25.0,2.0,0.0,1.0,9.0,0.92,0.1714,"LINESTRING (-116.214908 43.616128, -116.214706 43.616195, -116.214389 43.616306, -116.213743 43.616532)"
1490,7241809811,7241809814,0,nan,footway,47.8,43.616,-116.2134,0.2296,1.0,7.401,4,0,1,0.0497,0.3819,0.1074,0.0779,0.0034,True,1.0,0.0,25.0,2.0,0.0,1.0,7.0,0.92,0.1396,"LINESTRING (-116.213234 43.615766, -116.213272 43.615821, -116.213422 43.616048, -116.213472 43.616127, -116.213488 43.616155)"
1491,7241809814,7241809942,0,nan,footway,43.6,43.6157,-116.2135,0.2369,1.0,7.401,4,0,1,0.038,0.3783,0.091,0.0963,0.0052,True,1.0,0.0,25.0,2.0,0.0,1.0,6.0,0.92,0.1425,"LINESTRING (-116.213722 43.615595, -116.213686 43.615608, -116.213264 43.615755, -116.213234 43.615766)"
1492,7241809822,7241809829,0,nan,footway,41.6,43.6154,-116.2149,1.0564,1.0,10.2206,8,2,1,0.0577,0.2121,0.2462,0.0752,0.0076,True,1.0,0.0,25.0,2.0,0.0,1.0,6.0,0.92,0.6118,"LINESTRING (-116.215011 43.615557, -116.215013 43.615544, -116.214998 43.61552, -116.214883 43.615344, -116.214843 43.615281, -116.214813 43.615255, -116.214793 43.615246, -116.214768 43.61524)"
1493,7241809822,7241809942,0,nan,footway,93.3,43.6154,-116.2142,0.3887,1.0,9.7506,7,2,1,0.0027,0.3301,0.0673,0.1729,0.0089,True,1.0,0.0,25.0,2.0,0.0,1.0,7.0,0.92,0.3553,"LINESTRING (-116.213722 43.615595, -116.214076 43.615471, -116.214489 43.615328, -116.214703 43.615252, -116.214724 43.615245, -116.214745 43.615239, -116.214768 43.61524)"
1494,7241809845,7241809854,0,nan,footway,44.4,43.6153,-116.2152,1.2447,1.0,0.0,8,1,1,0.0304,0.1229,0.26,0.1724,0.0112,True,1.0,0.0,25.0,2.0,0.0,1.0,6.0,0.92,0.3721,"LINESTRING (-116.215299 43.615518, -116.215278 43.615487, -116.215284 43.615466, -116.215285 43.615446, -116.215213 43.615341, -116.215128 43.615209, -116.215112 43.615187, -116.215116 43.615171, -116.215126 43.615153)"
1495,7241809845,7241809922,0,nan,footway,105.4,43.6149,-116.2157,0.3807,1.0,0.0,9,1,1,0.1035,0.149,0.2146,0.2114,0.0117,True,1.0,0.0,25.0,2.0,0.0,1.0,11.0,0.92,0.0279,"LINESTRING (-116.21622 43.614702, -116.216176 43.614711, -116.216169 43.614721, -116.216181 43.614739, -116.215817 43.614865, -116.215617 43.614935, -116.215623 43.614946, -116.215552 43.614985, -116.215474 43.615014, -116.215204 43.615107, -116.215156 43.615126, -116.215139 43.615138, -116.215126 43.615153)"
1496,7241809854,7241809860,0,nan,footway,47.9,43.6157,-116.2154,0.0868,1.0,4.9865,8,0,1,0.05,0.158,0.2572,0.1614,0.0029,True,1.0,0.0,25.0,2.0,0.0,1.0,11.0,0.92,0.0071,"LINESTRING (-116.215577 43.615887, -116.215548 43.615884, -116.215533 43.615874, -116.215487 43.615806, -116.215418 43.615703, -116.215332 43.615573, -116.215312 43.615537, -116.215299 43.615518)"
1497,7241809881,7241809890,0,nan,footway,52.1,43.6152,-116.2177,0.0141,0.0,0.0,1,0,0,,,,,,False,1.0,0.0,25.0,2.0,0.0,1.0,3.0,0.92,0.1704,"LINESTRING (-116.218005 43.615073, -116.217939 43.615096, -116.217865 43.615124, -116.217793 43.61515, -116.217689 43.615185, -116.217551 43.615233, -116.21752 43.615244, -116.2175 43.615247, -116.217485 43.615253, -116.217422 43.615275)"
1498,7241809881,7241809911,0,nan,footway,41.8,43.6154,-116.2172,0.5001,0.3333,0.0,0,0,1,,,,,,False,1.0,0.0,25.0,2.0,0.0,1.0,3.0,0.92,0.3527,"LINESTRING (-116.216957 43.615412, -116.217085 43.615368, -116.217122 43.615383, -116.21717 43.615366, -116.217312 43.615317, -116.217334 43.615308, -116.217361 43.615295, -116.217422 43.615275)"
1499,7241809897,13455494754,0,nan,footway,61.7,43.6149,-116.2185,0.0545,1.0,5.7616,3,0,0,,,,,,False,1.0,0.0,25.0,2.0,0.0,1.0,7.0,0.92,0.011,"LINESTRING (-116.218164 43.61502, -116.218323 43.614965, -116.218765 43.61481, -116.218818 43.614792, -116.21884 43.614783, -116.218848 43.614774)"
1500,7241809905,13455494757,0,nan,footway,68.8,43.6143,-116.2185,0.0017,1.0,7.557,5,0,0,0.0652,0.0656,0.3794,0.0724,0.0036,True,1.0,0.0,25.0,2.0,0.0,1.0,7.0,0.92,0.0,"LINESTRING (-116.218696 43.61453, -116.218685 43.614515, -116.218457 43.614167, -116.218418 43.614106, -116.218339 43.613988, -116.218325 43.613974)"
1501,7241809910,7241809911,0,nan,footway,82.7,43.6156,-116.2165,0.4114,1.0,3.3591,5,0,1,,,,,,False,1.0,0.0,25.0,2.0,0.0,1.0,11.0,0.92,0.1288,"LINESTRING (-116.216957 43.615412, -116.216822 43.61546, -116.21668 43.61551, -116.216511 43.615569, -116.2164 43.615606, -116.216265 43.615653, -116.216165 43.615688, -116.216031 43.615734)"
1502,7241809922,7241809934,0,nan,footway,41.0,43.6146,-116.2164,0.0047,0.6667,0.0,5,0,1,0.0563,0.2524,0.2592,0.0313,0.0094,True,1.0,0.0,25.0,2.0,0.0,1.0,6.0,0.92,0.0,"LINESTRING (-116.216675 43.614538, -116.216583 43.614569, -116.216492 43.614602, -116.216428 43.61463, -116.216244 43.614698, -116.21622 43.614702)"
1503,7241809929,10295338035,0,nan,footway,50.2,43.6146,-116.2172,0.1841,1.0,5.624,4,0,1,0.0854,0.0798,0.3652,0.1125,0.0098,True,1.0,0.0,25.0,2.0,0.0,1.0,5.0,0.92,0.0969,"LINESTRING (-116.2173 43.614822, -116.217028 43.614416)"
1504,7241809929,7241809936,0,nan,footway,40.9,43.6143,-116.2173,0.2883,1.0,5.624,5,0,1,0.0631,0.1096,0.3577,0.0777,0.0083,True,1.0,0.0,25.0,2.0,0.0,1.0,6.0,0.92,0.1248,"LINESTRING (-116.217485 43.614256, -116.21741 43.614282, -116.217275 43.614329, -116.217081 43.614396, -116.217028 43.614416)"
1505,7246174252,7246174260,0,nan,footway,41.1,43.6195,-116.2104,0.5758,1.0,7.8165,8,2,8,,,,,,False,1.0,0.0,25.0,2.0,0.0,1.0,10.0,0.92,0.7717,"LINESTRING (-116.210298 43.619648, -116.210319 43.619626, -116.21059 43.619344)"
1506,7246174252,7246174254,0,nan,footway,39.8,43.6194,-116.2108,1.0401,1.0,7.0271,10,2,8,,,,,,False,1.0,0.0,25.0,2.0,0.0,1.0,10.0,0.92,0.9288,"LINESTRING (-116.210993 43.619551, -116.210967 43.619539, -116.21059 43.619344)"
1507,7246174255,7246174258,0,nan,footway,33.8,43.6197,-116.2113,1.5226,1.0,4.7919,7,1,7,,,,,,False,1.0,0.0,25.0,2.0,0.0,1.0,12.0,0.92,0.9925,"LINESTRING (-116.211459 43.619782, -116.211112 43.61961)"
1508,7246174260,7246174262,0,nan,footway,40.7,43.6198,-116.2102,1.8086,1.0,9.3953,8,1,10,,,,,,False,1.0,0.0,25.0,2.0,0.0,1.0,8.0,0.92,1.0,"LINESTRING (-116.210012 43.61995, -116.210107 43.619852, -116.21028 43.619666, -116.210298 43.619648)"
1509,7246174262,7246174263,0,nan,footway,70.9,43.6201,-116.2104,0.9711,1.0,9.3953,15,1,10,,,,,,False,1.0,0.0,25.0,2.0,0.0,1.0,16.0,0.92,0.9498,"LINESTRING (-116.210733 43.620317, -116.210012 43.61995)"
1510,7246174268,7246174269,0,nan,footway,47.0,43.6203,-116.2103,1.5707,1.0,7.948,15,1,9,,,,,,False,1.0,0.0,25.0,2.0,0.0,1.0,13.0,0.92,1.0,"LINESTRING (-116.21052 43.620437, -116.21004 43.620197)"
1511,7246174271,7246202504,0,nan,footway,41.0,43.6206,-116.2094,0.1001,1.0,5.8624,15,1,8,,,,,,False,1.0,0.0,25.0,2.0,0.0,1.0,12.0,0.92,0.4602,"LINESTRING (-116.209283 43.620707, -116.209552 43.620427, -116.209574 43.620404)"
1512,7246174275,7246202504,0,nan,footway,47.1,43.6208,-116.2095,0.4066,1.0,5.8624,18,1,8,,,,,,False,1.0,0.0,25.0,2.0,0.0,1.0,10.0,0.92,0.5677,"LINESTRING (-116.209283 43.620707, -116.209264 43.620726, -116.20966 43.620928, -116.209715 43.620955)"
1513,7246174281,7246174282,0,nan,footway,28.9,43.6208,-116.2107,0.1524,1.0,7.948,15,0,9,,,,,,False,1.0,0.0,25.0,2.0,0.0,1.0,10.0,0.92,0.4603,"LINESTRING (-116.210753 43.620692, -116.210547 43.620905)"
1514,7246202491,7246475911,0,nan,footway,94.5,43.6198,-116.2092,1.8513,1.0,7.474,10,3,9,,,,,,False,1.0,0.0,25.0,2.0,0.0,1.0,15.0,0.92,1.0,"LINESTRING (-116.208692 43.619511, -116.20965 43.620002)"
1515,7246202491,7246202495,0,nan,footway,40.0,43.6201,-116.2095,0.647,0.6667,7.474,8,1,8,,,,,,False,1.0,0.0,25.0,2.0,0.0,1.0,8.0,0.92,0.845,"LINESTRING (-116.209358 43.620293, -116.209417 43.620233, -116.20965 43.620002)"
1516,7246202495,7246202498,0,nan,footway,41.8,43.6204,-116.2092,0.1528,0.0,0.0,5,1,9,,,,,,False,1.0,0.0,25.0,2.0,0.0,1.0,10.0,0.92,0.7278,"LINESTRING (-116.209063 43.620602, -116.209082 43.620582, -116.209171 43.620485, -116.209279 43.620374, -116.209358 43.620293)"
1517,7246202498,7246202500,0,nan,footway,93.8,43.6204,-116.2086,0.5424,0.8333,7.474,10,2,10,,,,,,False,1.0,0.0,25.0,2.0,0.0,1.0,16.0,0.92,0.9014,"LINESTRING (-116.208106 43.620121, -116.208794 43.620464, -116.209063 43.620602)"
1518,7246202500,7246202502,0,nan,footway,42.2,43.62,-116.2083,0.4418,1.0,7.474,6,2,10,,,,,,False,1.0,0.0,25.0,2.0,0.0,1.0,10.0,0.92,0.8394,"LINESTRING (-116.208401 43.619808, -116.208106 43.620121)"
1519,7246202502,7246503826,0,nan,footway,40.1,43.6197,-116.2085,0.6407,1.0,7.474,6,1,10,,,,,,False,1.0,0.0,25.0,2.0,0.0,1.0,8.0,0.92,0.8577,"LINESTRING (-116.208683 43.619511, -116.208401 43.619808)"
1520,7246202510,7246202520,0,nan,footway,42.6,43.6209,-116.2088,0.2444,1.0,5.5777,10,1,8,,,,,,False,1.0,0.0,25.0,2.0,0.0,1.0,11.0,0.92,0.5384,"LINESTRING (-116.208634 43.621076, -116.208893 43.620807, -116.208935 43.620761)"
1521,7246202510,7246202536,0,nan,footway,57.5,43.6206,-116.2086,0.4576,1.0,6.1564,9,3,10,,,,,,False,1.0,0.0,25.0,2.0,0.0,1.0,9.0,0.92,0.8449,"LINESTRING (-116.208343 43.620474, -116.20843 43.620517, -116.208723 43.620644, -116.208876 43.62072, -116.20891 43.620738, -116.208935 43.620761)"
1522,7246202518,7246202526,0,nan,footway,70.5,43.6212,-116.2079,0.0733,1.0,5.3675,7,0,9,,,,,,False,1.0,0.0,25.0,2.0,0.0,1.0,16.0,0.92,0.4424,"LINESTRING (-116.207545 43.620972, -116.207759 43.62108, -116.208003 43.621196, -116.20802 43.621234, -116.208238 43.621346)"
1523,7246202519,7246202520,0,nan,footway,26.1,43.6212,-116.2085,0.0,1.0,4.4202,6,0,9,,,,,,False,1.0,0.0,25.0,2.0,0.0,1.0,11.0,0.92,0.4063,"LINESTRING (-116.208634 43.621076, -116.20845 43.621269)"
1524,7246202524,7246202527,0,nan,footway,27.2,43.6208,-116.2075,0.4086,1.0,4.5874,3,0,10,,,,,,False,1.0,0.0,25.0,2.0,0.0,1.0,11.0,0.92,0.6613,"LINESTRING (-116.207561 43.620673, -116.20737 43.620874)"
1525,7246202530,7246202536,0,nan,footway,38.6,43.6204,-116.2081,1.1014,0.3333,6.8668,5,2,10,,,,,,False,1.0,0.0,25.0,2.0,0.0,1.0,8.0,0.92,1.0,"LINESTRING (-116.208343 43.620474, -116.20795 43.620276)"
1526,7246202530,7246202535,0,nan,footway,28.5,43.6204,-116.2078,0.4993,0.0,0.0,7,2,10,,,,,,False,1.0,0.0,25.0,2.0,0.0,1.0,10.0,0.92,0.9552,"LINESTRING (-116.207746 43.620485, -116.20795 43.620276)"
1527,7246202548,7248734053,0,nan,footway,41.1,43.6203,-116.2076,0.5969,1.0,9.4337,7,1,10,,,,,,False,1.0,0.0,25.0,2.0,0.0,1.0,11.0,0.92,0.853,"LINESTRING (-116.20744 43.620473, -116.207726 43.620166)"
1528,7246202548,7248734047,0,nan,footway,93.5,43.6199,-116.2072,0.052,0.8333,4.4254,11,1,11,,,,,,False,1.0,0.0,25.0,2.0,0.0,1.0,17.0,0.92,0.6512,"LINESTRING (-116.206773 43.619684, -116.207679 43.620143, -116.207726 43.620166)"
1529,7246202561,7248734053,0,nan,footway,40.0,43.6206,-116.2073,1.082,1.0,19.4503,2,0,10,,,,,,False,1.0,0.0,25.0,2.0,0.0,1.0,12.0,0.92,1.0,"LINESTRING (-116.20744 43.620473, -116.207163 43.620772)"
1530,7246202562,7248734048,0,nan,footway,93.2,43.6205,-116.2067,1.7429,1.0,19.4503,7,0,10,,,,,,False,1.0,0.0,25.0,2.0,0.0,1.0,15.0,0.92,1.0,"LINESTRING (-116.206192 43.620288, -116.207135 43.620774)"
1531,7246420002,7246420010,0,nan,footway,94.6,43.6175,-116.2114,1.0606,0.8333,6.3518,4,1,6,0.0249,0.0605,0.3411,0.1029,0.0153,True,1.0,0.0,25.0,2.0,0.0,1.0,9.0,0.92,0.8717,"LINESTRING (-116.210866 43.61726, -116.210883 43.617256, -116.210901 43.617255, -116.210918 43.617258, -116.21094 43.617269, -116.211753 43.617684, -116.211791 43.617703, -116.211811 43.617717, -116.211825 43.617733)"
1532,7246420002,7246420022,0,nan,footway,37.6,43.6179,-116.2117,0.9506,0.3333,4.7226,5,0,7,,,,,,False,1.0,0.0,25.0,2.0,0.0,1.0,4.0,0.92,0.905,"LINESTRING (-116.211566 43.618004, -116.211647 43.617949, -116.211829 43.617759, -116.211831 43.617749, -116.211825 43.617733)"
1533,7246420010,7246420015,0,nan,footway,35.6,43.6174,-116.2107,1.826,1.0,6.3518,4,1,6,0.0525,0.0458,0.3407,0.129,0.0111,True,1.0,0.0,25.0,2.0,0.0,1.0,8.0,0.92,1.0,"LINESTRING (-116.210599 43.617512, -116.210619 43.617493, -116.210643 43.617485, -116.210838 43.617282, -116.210866 43.61726)"
1534,7246420015,7246420017,0,nan,footway,42.5,43.6177,-116.2104,0.1389,0.0,0.0,4,2,6,0.052,0.1365,0.2834,0.0832,0.0165,True,1.0,0.0,25.0,2.0,0.0,1.0,7.0,0.92,0.6348,"LINESTRING (-116.2103 43.617827, -116.210538 43.617568, -116.210571 43.617539, -116.210599 43.617512)"
1535,7246420017,7246420019,0,nan,footway,94.3,43.6181,-116.2108,0.6968,0.5,4.7226,15,4,6,,,,,,False,1.0,0.0,25.0,2.0,0.0,1.0,14.0,0.92,0.865,"LINESTRING (-116.211261 43.618312, -116.210754 43.618057, -116.2103 43.617827)"
1536,7246420019,7246420022,0,nan,footway,42.3,43.6182,-116.2114,0.186,1.0,4.7226,11,3,7,,,,,,False,1.0,0.0,25.0,2.0,0.0,1.0,8.0,0.92,0.5431,"LINESTRING (-116.211566 43.618004, -116.211534 43.618025, -116.211261 43.618312)"
1537,7246420031,7246420063,0,nan,footway,93.7,43.6188,-116.2118,1.035,1.0,7.8263,21,5,8,,,,,,False,1.0,0.0,25.0,2.0,0.0,1.0,16.0,0.92,0.9895,"LINESTRING (-116.211333 43.618577, -116.212264 43.619041, -116.212285 43.619061)"
1538,7246420043,7246420062,0,nan,footway,42.7,43.619,-116.2109,1.1144,1.0,7.8263,10,1,8,,,,,,False,1.0,0.0,25.0,2.0,0.0,1.0,10.0,0.92,0.9084,"LINESTRING (-116.211044 43.618867, -116.211012 43.618888, -116.210972 43.618912, -116.210729 43.619173)"
1539,7246420046,7246420047,0,nan,footway,44.3,43.6194,-116.2111,1.8288,1.0,0.0,10,2,8,,,,,,False,1.0,0.0,25.0,2.0,0.0,1.0,10.0,0.92,1.0,"LINESTRING (-116.21129 43.619468, -116.211167 43.619406, -116.210838 43.619241)"
1540,7246420056,7246475913,0,nan,footway,43.0,43.6189,-116.2107,1.5558,0.3333,4.7381,13,3,8,,,,,,False,1.0,0.0,25.0,2.0,0.0,1.0,9.0,0.92,1.0,"LINESTRING (-116.210843 43.618766, -116.210538 43.619084)"
1541,7246420056,7246420084,0,nan,footway,49.6,43.619,-116.2103,1.6638,0.0,0.0,5,1,6,,,,,,False,1.0,0.0,25.0,2.0,0.0,1.0,8.0,0.92,1.0,"LINESTRING (-116.210031 43.618831, -116.210176 43.618903, -116.210538 43.619084)"
1542,7246420060,9262348058,0,nan,footway,39.4,43.6191,-116.2102,0.7259,1.0,0.0,4,0,6,,,,,,False,1.0,0.0,25.0,2.0,0.0,1.0,10.0,0.92,0.3758,"LINESTRING (-116.209972 43.61903, -116.210373 43.619233)"
1543,7246420060,7246475898,0,nan,footway,41.2,43.6194,-116.2102,1.1563,1.0,8.2019,7,1,8,,,,,,False,1.0,0.0,25.0,2.0,0.0,1.0,9.0,0.92,0.9515,"LINESTRING (-116.210079 43.619537, -116.210193 43.619421, -116.210373 43.619233)"
1544,7246420062,7246420063,0,nan,footway,39.8,43.6187,-116.2112,0.6201,1.0,7.8263,15,4,8,,,,,,False,1.0,0.0,25.0,2.0,0.0,1.0,9.0,0.92,0.8235,"LINESTRING (-116.211333 43.618577, -116.211055 43.61886, -116.211044 43.618867)"
1545,7246420072,7246475886,0,nan,footway,42.9,43.6184,-116.2109,0.7878,1.0,4.7381,11,3,7,,,,,,False,1.0,0.0,25.0,2.0,0.0,1.0,10.0,0.92,0.778,"LINESTRING (-116.210683 43.618243, -116.211067 43.618438, -116.211113 43.618471)"
1546,7246420080,7246420084,0,nan,footway,45.5,43.6187,-116.2098,1.9184,0.0,0.0,5,2,6,,,,,,False,1.0,0.0,25.0,2.0,0.0,1.0,9.0,0.92,1.0,"LINESTRING (-116.210031 43.618831, -116.209691 43.618661, -116.209566 43.618598)"
1547,7246420081,7246420083,0,nan,footway,40.1,43.6181,-116.21,1.2141,0.0,0.0,3,3,6,,,,,,False,1.0,0.0,25.0,2.0,0.0,1.0,9.0,0.92,1.0,"LINESTRING (-116.209872 43.618272, -116.210152 43.617974)"
1548,7246420083,7246488372,0,nan,footway,42.2,43.6184,-116.2097,1.2847,0.0,0.0,2,0,6,,,,,,False,1.0,0.0,25.0,2.0,0.0,1.0,8.0,0.92,0.9566,"LINESTRING (-116.209577 43.618587, -116.209842 43.618303, -116.209872 43.618272)"
1549,7246475885,7246475886,0,nan,footway,34.6,43.6182,-116.2105,0.5587,1.0,4.7381,6,4,6,,,,,,False,1.0,0.0,25.0,2.0,0.0,1.0,8.0,0.92,0.7059,"LINESTRING (-116.210683 43.618243, -116.210483 43.618142, -116.210332 43.618065)"
1550,7246475889,7246475896,0,nan,footway,40.7,43.6189,-116.2093,1.3331,1.0,6.5979,3,0,6,,,,,,False,1.0,0.0,25.0,2.0,0.0,1.0,8.0,0.92,0.8411,"LINESTRING (-116.209111 43.619042, -116.209399 43.618741)"
1551,7246475890,7246475895,0,nan,footway,29.8,43.6192,-116.2089,1.1488,0.5,6.5979,3,0,7,,,,,,False,1.0,0.0,25.0,2.0,0.0,1.0,7.0,0.92,0.986,"LINESTRING (-116.209038 43.619118, -116.208827 43.619339)"
1552,7246475891,7246475897,0,nan,footway,38.7,43.6195,-116.209,1.7921,0.3333,8.2019,1,0,9,,,,,,False,1.0,0.0,25.0,2.0,0.0,1.0,8.0,0.92,1.0,"LINESTRING (-116.209236 43.619559, -116.20884 43.619362)"
1553,7246475892,7246475897,0,nan,footway,55.6,43.6197,-116.2095,1.3155,1.0,8.2019,5,1,8,,,,,,False,1.0,0.0,25.0,2.0,0.0,1.0,9.0,0.92,1.0,"LINESTRING (-116.209236 43.619559, -116.209806 43.619842)"
1554,7246475898,7246475901,0,nan,footway,38.9,43.6197,-116.2099,0.5643,1.0,8.2019,6,1,9,,,,,,False,1.0,0.0,25.0,2.0,0.0,1.0,7.0,0.92,0.7833,"LINESTRING (-116.209816 43.61983, -116.210066 43.619551, -116.210079 43.619537)"
1555,7246475907,9262348058,0,nan,footway,53.9,43.6189,-116.2097,1.3287,1.0,6.5979,4,1,6,,,,,,False,1.0,0.0,25.0,2.0,0.0,1.0,9.0,0.92,0.9251,"LINESTRING (-116.209972 43.61903, -116.209422 43.618752)"
1556,7246475912,7246475913,0,nan,footway,29.6,43.6187,-116.2109,1.6915,1.0,4.7381,11,3,8,,,,,,False,1.0,0.0,25.0,2.0,0.0,1.0,9.0,0.92,1.0,"LINESTRING (-116.210843 43.618766, -116.211035 43.618564, -116.211047 43.618545)"
1557,7246488299,7246488313,0,nan,footway,98.4,43.6167,-116.2114,0.2963,0.0,0.0,14,4,4,0.0118,0.0369,0.423,0.0074,0.0045,True,1.0,0.0,25.0,2.0,0.0,1.0,12.0,0.92,0.5873,"LINESTRING (-116.211756 43.616329, -116.211756 43.61634, -116.211734 43.616342, -116.211717 43.616348, -116.211707 43.616354, -116.211621 43.616446, -116.211303 43.616774, -116.211267 43.61681, -116.21125 43.616819, -116.211201 43.616838, -116.211178 43.616849, -116.211067 43.616964, -116.211046 43.616989, -116.211036 43.617007, -116.211032 43.617022)"
1558,7246488313,7483653650,0,nan,footway,25.8,43.6163,-116.2119,0.4761,0.5,3.7098,6,0,4,0.0224,0.0843,0.4075,0.0102,0.0113,True,1.0,0.0,25.0,2.0,0.0,1.0,5.0,0.92,0.4746,"LINESTRING (-116.212017 43.616195, -116.211877 43.616271, -116.211756 43.616329)"
1559,7246488318,8159289024,0,nan,footway,26.7,43.617,-116.2107,0.7726,1.0,7.9247,4,1,6,0.0665,0.0847,0.365,0.1074,0.0116,True,1.0,0.0,25.0,2.0,0.0,1.0,7.0,0.92,0.7252,"LINESTRING (-116.21082 43.616908, -116.210797 43.616936, -116.210726 43.617027, -116.210653 43.617116)"
1560,7246488319,7246488325,0,nan,footway,80.2,43.6174,-116.2104,1.076,0.6,7.7574,7,2,6,0.064,0.1528,0.257,0.1126,0.0094,True,1.0,0.0,25.0,2.0,0.0,1.0,12.0,0.92,0.9987,"LINESTRING (-116.210073 43.617704, -116.210095 43.617698, -116.210106 43.617691, -116.210611 43.617163, -116.21063 43.617142, -116.210636 43.61713, -116.210637 43.617116)"
1561,7246488319,7246488338,0,nan,footway,93.2,43.6169,-116.2102,0.6707,0.5,7.7574,14,3,5,0.0344,0.0247,0.404,0.1526,0.0048,True,1.0,0.0,25.0,2.0,0.0,1.0,10.0,0.92,0.8181,"LINESTRING (-116.20971 43.616626, -116.21062 43.617084, -116.21063 43.617094, -116.210637 43.617116)"
1562,7246488325,7246488329,0,nan,footway,92.6,43.6175,-116.2096,0.9685,0.0,0.0,9,2,6,,,,,,False,1.0,0.0,25.0,2.0,0.0,1.0,11.0,0.92,0.9096,"LINESTRING (-116.209128 43.617234, -116.209896 43.617624, -116.210037 43.617699, -116.210058 43.617703, -116.210073 43.617704)"
1563,7246488329,7246488338,0,nan,footway,82.2,43.6169,-116.2094,0.8979,0.0,0.0,23,6,5,0.0264,0.016,0.4018,0.154,0.0031,True,1.0,0.0,25.0,2.0,0.0,1.0,8.0,0.92,0.8913,"LINESTRING (-116.20971 43.616626, -116.209128 43.617234)"
1564,7246488352,7246488361,0,nan,footway,36.8,43.6183,-116.2095,2.2542,0.0,0.0,2,0,6,,,,,,False,1.0,0.0,25.0,2.0,0.0,1.0,9.0,0.92,1.0,"LINESTRING (-116.20963 43.618207, -116.209368 43.618478)"
1565,7246488353,7246488359,0,nan,footway,45.3,43.6184,-116.2091,0.8083,0.0,0.0,2,0,6,,,,,,False,1.0,0.0,25.0,2.0,0.0,1.0,8.0,0.92,0.7709,"LINESTRING (-116.20888 43.618245, -116.209147 43.618381, -116.209344 43.618475)"
1566,7246488355,7246488359,0,nan,footway,47.7,43.6181,-116.2086,0.8718,0.0,0.0,20,1,7,,,,,,False,1.0,0.0,25.0,2.0,0.0,1.0,12.0,0.92,0.8137,"LINESTRING (-116.20888 43.618245, -116.208394 43.618)"
1567,7246488356,7246488358,0,nan,footway,37.7,43.6178,-116.2085,1.3609,0.0,0.0,24,3,7,,,,,,False,1.0,0.0,25.0,2.0,0.0,1.0,8.0,0.92,1.0,"LINESTRING (-116.208655 43.617707, -116.208387 43.617985)"
1568,7246488357,7246488358,0,nan,footway,44.8,43.6175,-116.2088,1.0734,0.0,0.0,12,1,7,,,,,,False,1.0,0.0,25.0,2.0,0.0,1.0,7.0,0.92,0.9259,"LINESTRING (-116.208655 43.617707, -116.208974 43.617377)"
1569,7246488361,7246488362,0,nan,footway,46.8,43.618,-116.2098,1.3144,0.0,0.0,2,1,6,,,,,,False,1.0,0.0,25.0,2.0,0.0,1.0,10.0,0.92,1.0,"LINESTRING (-116.209968 43.617876, -116.209938 43.617877, -116.209931 43.617892, -116.20963 43.618207)"
1570,7246488376,7246503794,0,nan,footway,50.1,43.6185,-116.2089,1.6146,0.0,0.0,3,0,6,,,,,,False,1.0,0.0,25.0,2.0,0.0,1.0,9.0,0.92,1.0,"LINESTRING (-116.208687 43.618377, -116.20872 43.618394, -116.208981 43.618524, -116.209075 43.618571, -116.209189 43.618641)"
1571,7246488376,7246503789,0,nan,footway,79.9,43.6189,-116.2089,1.7478,0.0,0.0,4,0,6,,,,,,False,1.0,0.0,25.0,2.0,0.0,1.0,13.0,0.92,1.0,"LINESTRING (-116.208649 43.61924, -116.209186 43.618673, -116.209189 43.618641)"
1572,7246488384,7246503793,0,nan,footway,26.4,43.6182,-116.2084,0.5481,1.0,10.791,10,1,7,,,,,,False,1.0,0.0,25.0,2.0,0.0,1.0,11.0,0.92,0.6648,"LINESTRING (-116.208516 43.618278, -116.208246 43.618143)"
1573,7246503785,7246503792,0,nan,footway,27.9,43.6182,-116.2081,0.4376,1.0,10.791,10,1,8,,,,,,False,1.0,0.0,25.0,2.0,0.0,1.0,13.0,0.92,0.6749,"LINESTRING (-116.208033 43.618353, -116.20823 43.618146)"
1574,7246503786,7246503791,0,nan,footway,40.1,43.6186,-116.2078,1.3248,1.0,30.0522,6,0,9,,,,,,False,1.0,0.0,25.0,2.0,0.0,1.0,10.0,0.92,1.0,"LINESTRING (-116.207943 43.618448, -116.207661 43.618745)"
1575,7246503787,7246503788,0,nan,footway,92.7,43.619,-116.2081,1.8849,0.8333,30.0522,9,0,9,,,,,,False,1.0,0.0,25.0,2.0,0.0,1.0,13.0,0.92,1.0,"LINESTRING (-116.208605 43.61924, -116.207661 43.618764)"
1576,7246503802,7246503816,0,nan,footway,73.3,43.6192,-116.2081,1.3046,1.0,7.09,8,0,9,,,,,,False,1.0,0.0,25.0,2.0,0.0,1.0,12.0,0.92,0.9393,"LINESTRING (-116.207716 43.619015, -116.208401 43.619359, -116.208462 43.619392)"
1577,7246503803,7246503807,0,nan,footway,39.7,43.6196,-116.2083,1.2428,1.0,7.419,6,1,10,,,,,,False,1.0,0.0,25.0,2.0,0.0,1.0,7.0,0.92,1.0,"LINESTRING (-116.208195 43.619705, -116.208476 43.619412)"
1578,7246503805,7246503806,0,nan,footway,29.2,43.6199,-116.208,0.3448,1.0,3.1669,7,2,10,,,,,,False,1.0,0.0,25.0,2.0,0.0,1.0,10.0,0.92,0.7177,"LINESTRING (-116.208105 43.619798, -116.207928 43.619982, -116.207897 43.620014)"
1579,7246503809,7246503812,0,nan,footway,41.6,43.6194,-116.2071,0.3235,1.0,4.46,6,0,9,,,,,,False,1.0,0.0,25.0,2.0,0.0,1.0,10.0,0.92,0.5332,"LINESTRING (-116.207206 43.619219, -116.206909 43.619525)"
1580,7246503809,7246503813,0,nan,footway,36.0,43.6196,-116.2071,0.0211,1.0,4.46,8,0,10,,,,,,False,1.0,0.0,25.0,2.0,0.0,1.0,10.0,0.92,0.4509,"LINESTRING (-116.207276 43.61971, -116.207236 43.619689, -116.206909 43.619525)"
1581,7246503812,13581799175,0,nan,footway,34.1,43.6191,-116.2073,0.3,1.0,5.774,10,1,9,,,,,,False,1.0,0.0,25.0,2.0,0.0,1.0,9.0,0.92,0.6163,"LINESTRING (-116.207449 43.618968, -116.207206 43.619219)"
1582,7246526370,11009464281,0,nan,footway,57.3,43.6098,-116.2075,0.7164,0.0,0.0,6,0,6,0.027,0.1663,0.3428,0.0175,0.005,True,1.0,0.0,25.0,2.0,0.0,1.0,6.0,0.92,0.6756,"LINESTRING (-116.207268 43.610053, -116.207395 43.609922, -116.207651 43.60967, -116.207693 43.60964)"
1583,7246526370,7246531865,0,nan,footway,50.2,43.6095,-116.2079,0.866,0.0,0.0,4,0,5,0.0132,0.2644,0.2484,0.0489,0.0049,True,1.0,0.0,25.0,2.0,0.0,1.0,2.0,0.92,0.7043,"LINESTRING (-116.208059 43.609275, -116.207726 43.609616, -116.207693 43.60964)"
1584,7246526374,7246526379,0,nan,footway,42.4,43.6103,-116.2071,1.0555,0.0,0.0,7,0,6,0.0178,0.1062,0.3746,0.0452,0.0128,True,1.0,0.0,25.0,2.0,0.0,1.0,10.0,0.92,0.7984,"LINESTRING (-116.206931 43.610422, -116.206932 43.610411, -116.206934 43.610402, -116.206939 43.610395, -116.207112 43.610213, -116.207196 43.61013, -116.207218 43.610105)"
1585,7246526379,7246526384,0,nan,footway,40.7,43.6105,-116.2071,0.4173,0.3333,8.1151,11,2,6,0.0293,0.1126,0.3745,0.0317,0.0123,True,1.0,0.0,25.0,2.0,0.0,1.0,13.0,0.92,0.8048,"LINESTRING (-116.207337 43.610638, -116.207284 43.610609, -116.206946 43.61044, -116.206936 43.610432, -116.206931 43.610422)"
1586,7246531585,11009464276,0,nan,footway,46.3,43.6108,-116.2076,0.8395,1.0,8.1151,10,1,5,0.0748,0.0839,0.366,0.0672,0.0154,True,1.0,0.0,25.0,2.0,0.0,1.0,10.0,0.92,0.6449,"LINESTRING (-116.207389 43.610666, -116.20786 43.610904)"
1587,7246531586,7246531861,0,nan,footway,41.1,43.6108,-116.208,0.9378,1.0,8.1151,9,0,6,0.0473,0.1151,0.2362,0.1952,0.0215,True,1.0,0.0,25.0,2.0,0.0,1.0,9.0,0.92,0.6417,"LINESTRING (-116.208184 43.610606, -116.207894 43.61091)"
1588,7246531603,7246531862,0,nan,footway,75.9,43.6107,-116.2084,0.7278,1.0,4.9661,9,0,6,0.0358,0.2547,0.0314,0.1118,0.0044,True,1.0,0.0,25.0,2.0,0.0,1.0,11.0,0.92,0.5154,"LINESTRING (-116.208631 43.610454, -116.208555 43.610532, -116.208306 43.610791, -116.208216 43.610882, -116.208088 43.611012)"
1589,7246531604,7246531864,0,nan,footway,57.8,43.6112,-116.2084,0.1914,1.0,4.7561,6,0,5,0.096,0.2102,0.0222,0.13,0.0302,True,1.0,0.0,25.0,2.0,0.0,1.0,9.0,0.92,0.2743,"LINESTRING (-116.208707 43.611265, -116.208637 43.611257, -116.20854 43.611238, -116.208455 43.611216, -116.208422 43.611205, -116.208369 43.611182, -116.208093 43.611041, -116.208083 43.611027)"
1590,7246531615,7246531864,0,nan,footway,27.8,43.6113,-116.2089,1.011,0.5,5.3778,1,0,5,,,,,,False,1.0,0.0,25.0,2.0,0.0,1.0,5.0,0.92,0.8561,"LINESTRING (-116.208707 43.611265, -116.208736 43.611268, -116.20879 43.611269, -116.20884 43.611269, -116.20889 43.611268, -116.208957 43.611259, -116.209046 43.611238)"
1591,7246531617,7246531863,0,nan,footway,61.9,43.6109,-116.2091,1.0717,0.5,6.3497,3,0,6,,,,,,False,1.0,0.0,25.0,2.0,0.0,1.0,8.0,0.92,0.8992,"LINESTRING (-116.209149 43.610649, -116.209128 43.610983, -116.20911 43.611118, -116.209105 43.611176, -116.209096 43.611204)"
1592,7246531649,7246531678,0,nan,footway,55.1,43.6087,-116.2111,0.0306,0.75,4.9338,3,0,5,,,,,,False,1.0,0.0,25.0,2.0,0.0,1.0,4.0,0.92,0.3359,"LINESTRING (-116.210815 43.608632, -116.211003 43.608683, -116.211268 43.608756, -116.211415 43.608795, -116.211442 43.608802, -116.211457 43.608803)"
1593,7246531649,7246531679,0,nan,footway,43.2,43.6086,-116.2116,0.0062,0.3333,6.9662,7,1,5,,,,,,False,1.0,0.0,25.0,2.0,0.0,1.0,3.0,0.92,0.5463,"LINESTRING (-116.211682 43.608464, -116.211655 43.608516, -116.211603 43.60862, -116.211541 43.608737, -116.211527 43.608765, -116.21152 43.608776, -116.21151 43.608785, -116.211497 43.608793, -116.211486 43.608798, -116.211472 43.608802, -116.211457 43.608803)"
1594,7246531658,7246531678,0,nan,footway,75.4,43.6085,-116.2104,0.2392,0.4,4.9338,1,0,6,,,,,,False,1.0,0.0,25.0,2.0,0.0,1.0,6.0,0.92,0.6336,"LINESTRING (-116.210815 43.608632, -116.210756 43.608616, -116.210425 43.608523, -116.210252 43.608476, -116.210046 43.608421, -116.209944 43.608384)"
1595,7246531659,7246531677,0,nan,footway,52.2,43.6081,-116.21,0.267,0.3333,4.8104,1,1,6,0.0993,0.1328,0.3433,0.0303,0.0178,True,1.0,0.0,25.0,2.0,0.0,1.0,6.0,0.92,0.7655,"LINESTRING (-116.210022 43.607883, -116.209977 43.608046, -116.209951 43.608148, -116.209918 43.608269, -116.209904 43.608345)"
1596,7246531671,7246531677,0,nan,footway,87.3,43.6075,-116.2101,0.1707,0.8,4.8104,3,1,5,,,,,,False,1.0,0.0,25.0,2.0,0.0,1.0,5.0,0.92,0.4734,"LINESTRING (-116.210022 43.607883, -116.210036 43.607831, -116.21006 43.60775, -116.210116 43.607558, -116.210152 43.607457, -116.210199 43.607347, -116.210214 43.607314, -116.210247 43.607242, -116.210283 43.607175, -116.210318 43.607131)"
1597,7246531679,7246531680,0,nan,footway,42.7,43.6083,-116.2118,0.0,1.0,6.9662,9,3,5,,,,,,False,1.0,0.0,25.0,2.0,0.0,1.0,2.0,0.92,0.4116,"LINESTRING (-116.211869 43.608105, -116.211845 43.608148, -116.211772 43.608291, -116.211682 43.608464)"
1598,7246531683,8271477526,0,nan,footway,33.6,43.609,-116.2111,0.04,1.0,7.1115,5,1,4,,,,,,False,1.0,0.0,25.0,2.0,0.0,1.0,3.0,0.92,0.3103,"LINESTRING (-116.211062 43.60916, -116.21121 43.608877)"
1599,7246531683,8271477532,0,nan,footway,72.9,43.6088,-116.2108,0.1609,1.0,4.9338,2,0,4,,,,,,False,1.0,0.0,25.0,2.0,0.0,1.0,6.0,0.92,0.2719,"LINESTRING (-116.210365 43.608641, -116.210479 43.608673, -116.210851 43.608775, -116.21121 43.608877)"
1600,7246531690,7246531866,0,nan,footway,26.5,43.6086,-116.2101,0.4847,0.5,4.9338,1,0,6,,,,,,False,1.0,0.0,25.0,2.0,0.0,1.0,5.0,0.92,0.6966,"LINESTRING (-116.210235 43.608606, -116.210179 43.60859, -116.210083 43.608572, -116.209978 43.60855, -116.209918 43.608554)"
1601,7246531691,7246531708,0,nan,footway,227.2,43.6096,-116.2096,0.5462,0.0,0.0,17,1,5,0.0054,0.0242,0.0,0.3506,0.0,True,1.0,0.0,25.0,2.0,0.0,1.0,7.0,0.92,0.5911,"LINESTRING (-116.209383 43.61057, -116.209372 43.61056, -116.209366 43.610546, -116.209378 43.610381, -116.209381 43.610294, -116.209388 43.61023, -116.209409 43.610138, -116.209425 43.610046, -116.20948 43.609841, -116.209511 43.609741, -116.209543 43.609623, -116.209609 43.60939, -116.209652 43.609231, -116.209726 43.608965, -116.209765 43.608814, -116.209795 43.608694, -116.209818 43.608614, -116.20986 43.60857)"
1602,7246531711,7246531721,0,nan,footway,53.7,43.6109,-116.2094,0.8521,0.0,0.0,12,0,6,0.0665,0.3402,0.1682,0.026,0.0058,True,1.0,0.0,25.0,2.0,0.0,1.0,6.0,0.92,0.685,"LINESTRING (-116.209349 43.611172, -116.209348 43.611139, -116.209354 43.611108, -116.209373 43.611061, -116.209393 43.610975, -116.209397 43.610913, -116.209406 43.610781, -116.20941 43.610718, -116.209423 43.610696)"
1603,7246531722,7246531736,0,nan,footway,124.0,43.6114,-116.2101,1.1833,0.2857,7.1324,33,2,6,0.125,0.4276,0.0747,0.0201,0.0091,True,1.0,0.0,25.0,2.0,0.0,1.0,9.0,0.92,1.0,"LINESTRING (-116.210736 43.611665, -116.210724 43.611662, -116.210497 43.611549, -116.210309 43.611456, -116.210134 43.611372, -116.209927 43.611296, -116.209864 43.611279, -116.20979 43.611262, -116.209541 43.611226, -116.209442 43.61121, -116.209398 43.6112, -116.209366 43.611189)"
1604,7246531737,7477710210,0,nan,footway,77.5,43.6119,-116.2112,0.119,0.0,0.0,13,0,4,0.1743,0.3946,0.1148,0.0037,0.0062,True,1.0,0.0,25.0,2.0,0.0,1.0,9.0,0.92,0.2875,"LINESTRING (-116.211643 43.612129, -116.211467 43.612041, -116.211213 43.611911, -116.210979 43.611794, -116.210901 43.611755, -116.210876 43.611739, -116.210864 43.611723)"
1605,7246531749,7477710210,0,nan,footway,26.3,43.6122,-116.2118,0.4933,0.0,0.0,15,0,3,0.0911,0.4574,0.0764,0.0048,0.0034,True,1.0,0.0,25.0,2.0,0.0,1.0,5.0,0.92,0.3709,"LINESTRING (-116.211643 43.612129, -116.211681 43.612148, -116.211851 43.612233, -116.211912 43.612263)"
1606,7246531750,7246531766,0,nan,footway,161.6,43.6127,-116.2129,0.0678,0.0,0.0,24,0,2,0.0583,0.4868,0.0757,0.0,0.0023,True,1.0,0.0,25.0,2.0,0.0,1.0,13.0,0.92,0.1204,"LINESTRING (-116.213603 43.613222, -116.213511 43.613133, -116.213487 43.613109, -116.213461 43.613085, -116.213425 43.613056, -116.213393 43.613032, -116.213359 43.613009, -116.213328 43.612988, -116.213303 43.612974, -116.213243 43.612943, -116.213004 43.612818, -116.21281 43.612721, -116.212616 43.612622, -116.21244 43.612533, -116.212325 43.612474, -116.212134 43.612379, -116.212103 43.612358, -116.212037 43.612326)"
1607,7246531766,8511259489,0,nan,footway,112.2,43.6131,-116.2143,0.012,0.0,0.0,14,1,1,,,,,,False,1.0,0.0,25.0,2.0,0.0,1.0,4.0,0.92,0.1827,"LINESTRING (-116.214843 43.612827, -116.214847 43.612853, -116.21388 43.613189, -116.213833 43.613197, -116.21375 43.6132, -116.21364 43.613226, -116.213603 43.613222)"
1608,7246531768,8511201387,0,South Pioneer Street,unclassified,35.3,43.6132,-116.2139,0.0448,0.0,0.0,2,0,1,,,,,,False,0.0,2.0,25.0,2.0,0.179,0.5,3.0,0.881,0.2071,"LINESTRING (-116.214054 43.613173, -116.213894 43.613228, -116.213639 43.613271)"
1609,7246531769,8511201391,0,South Pioneer Street,unclassified,35.3,43.6133,-116.2139,0.1561,0.0,0.0,3,1,1,,,,,,False,0.0,2.0,25.0,2.0,0.179,0.5,4.0,0.881,0.3317,"LINESTRING (-116.214122 43.613264, -116.213893 43.61335, -116.213763 43.613441)"
1610,7246531769,7246531781,0,nan,footway,141.5,43.614,-116.2142,0.7729,0.75,5.5954,17,3,1,0.1698,0.3124,0.178,0.0344,0.0,True,1.0,0.0,25.0,2.0,0.0,1.0,9.0,0.92,0.5207,"LINESTRING (-116.214667 43.614519, -116.214621 43.614468, -116.214568 43.614407, -116.214354 43.61415, -116.214253 43.614027, -116.214231 43.614001, -116.214191 43.613998, -116.214162 43.613962, -116.214138 43.613932, -116.214074 43.613847, -116.214002 43.613757, -116.213957 43.613692, -116.213849 43.613557, -116.213826 43.613518, -116.213793 43.613482, -116.213763 43.613441)"
1611,7246531781,7246531785,0,nan,footway,26.3,43.6145,-116.2148,0.2005,1.0,5.2286,9,1,1,,,,,,False,1.0,0.0,25.0,2.0,0.0,1.0,2.0,0.92,0.1496,"LINESTRING (-116.214963 43.614419, -116.214931 43.61443, -116.214764 43.614488, -116.214667 43.614519)"
1612,7246531785,7246531788,0,nan,footway,26.2,43.6143,-116.215,0.0027,1.0,5.1955,8,1,1,,,,,,False,1.0,0.0,25.0,2.0,0.0,1.0,3.0,0.92,0.0793,"LINESTRING (-116.215159 43.614291, -116.214982 43.614352, -116.215013 43.614401, -116.215004 43.614404, -116.214963 43.614419)"
1613,7246531797,9289431025,0,nan,footway,67.3,43.6146,-116.215,0.1714,1.0,12.6663,10,1,1,0.0266,0.1035,0.2557,0.2016,0.0156,True,1.0,0.0,25.0,2.0,0.0,1.0,7.0,0.92,0.2141,"LINESTRING (-116.214742 43.614634, -116.214771 43.614609, -116.214967 43.61454, -116.215027 43.614629, -116.215087 43.614608, -116.215198 43.614774, -116.215179 43.614781, -116.215219 43.61484)"
1614,7246531801,7246531818,0,nan,footway,45.8,43.6147,-116.2157,0.0106,1.0,3.8444,4,0,1,0.0134,0.2362,0.2718,0.0476,0.0014,True,1.0,0.0,25.0,2.0,0.0,1.0,4.0,0.92,0.0,"LINESTRING (-116.215998 43.614594, -116.215953 43.614609, -116.21578 43.614668, -116.215592 43.614733, -116.215558 43.614727, -116.215532 43.614735, -116.215483 43.614754)"
1615,7246531818,7246531822,0,nan,footway,85.6,43.6144,-116.2165,0.0166,0.4,6.9837,7,0,1,0.085,0.0835,0.3337,0.1096,0.0036,True,1.0,0.0,25.0,2.0,0.0,1.0,6.0,0.92,0.2145,"LINESTRING (-116.216955 43.614258, -116.2169 43.614277, -116.216694 43.614349, -116.216641 43.614368, -116.216473 43.614427, -116.216313 43.614482, -116.216137 43.614542, -116.216036 43.614581, -116.215998 43.614594)"
1616,7246531820,7246531822,0,nan,footway,78.4,43.6141,-116.2174,0.0546,1.0,6.9837,15,0,1,0.1276,0.0611,0.2732,0.2128,0.0102,True,1.0,0.0,25.0,2.0,0.0,1.0,8.0,0.92,0.0,"LINESTRING (-116.216955 43.614258, -116.217397 43.614108, -116.217806 43.613962, -116.217832 43.613953)"
1617,7246531824,9289431025,0,nan,footway,36.5,43.6148,-116.2148,1.0958,1.0,12.6663,9,1,1,0.0616,0.0714,0.2135,0.2894,0.0196,True,1.0,0.0,25.0,2.0,0.0,1.0,6.0,0.92,0.5811,"LINESTRING (-116.214742 43.614634, -116.214758 43.61466, -116.21487 43.614821, -116.214923 43.6149, -116.21496 43.614917)"
1618,7246531830,10651583771,0,nan,footway,51.1,43.6152,-116.2143,1.1772,1.0,11.2774,6,2,1,0.0132,0.3768,0.1578,0.0388,0.0016,True,1.0,0.0,25.0,2.0,0.0,1.0,7.0,0.92,0.686,"LINESTRING (-116.214056 43.615269, -116.214114 43.615248, -116.214441 43.615136, -116.214607 43.615067, -116.214616 43.615056)"
1619,7246531830,7246531854,0,nan,footway,57.0,43.6148,-116.2145,1.1903,1.0,10.8014,14,1,1,0.027,0.2358,0.188,0.1544,0.0044,True,1.0,0.0,25.0,2.0,0.0,1.0,7.0,0.92,0.5741,"LINESTRING (-116.214322 43.614597, -116.2144 43.614711, -116.214566 43.61495, -116.214625 43.615035, -116.214616 43.615056)"
1620,7246531839,13623221815,0,nan,footway,33.1,43.6154,-116.213,0.4537,1.0,9.3841,5,0,1,,,,,,False,1.0,0.0,25.0,2.0,0.0,1.0,5.0,0.92,0.2364,"LINESTRING (-116.212926 43.615311, -116.213033 43.615482, -116.213105 43.615578)"
1621,7246531839,10651583771,0,nan,footway,84.8,43.6154,-116.2136,0.4374,1.0,9.3841,8,1,1,0.0086,0.2129,0.1997,0.094,0.0061,True,1.0,0.0,25.0,2.0,0.0,1.0,7.0,0.92,0.303,"LINESTRING (-116.214056 43.615269, -116.213931 43.615315, -116.213737 43.615379, -116.213537 43.615444, -116.213168 43.615578, -116.213139 43.615587, -116.213105 43.615578)"
1622,7246531843,13623221815,0,nan,footway,59.5,43.6151,-116.2128,0.364,1.0,9.3841,4,0,1,,,,,,False,1.0,0.0,25.0,2.0,0.0,1.0,5.0,0.92,0.2142,"LINESTRING (-116.212926 43.615311, -116.212904 43.615276, -116.21277 43.615082, -116.212601 43.61483)"
1623,7246531843,7246531858,0,nan,footway,69.5,43.6147,-116.213,0.5404,1.0,9.3841,6,0,1,,,,,,False,1.0,0.0,25.0,2.0,0.0,1.0,6.0,0.92,0.2594,"LINESTRING (-116.213384 43.614565, -116.213321 43.614583, -116.213048 43.614679, -116.212601 43.61483)"
1624,7246531851,7246531854,0,nan,footway,35.1,43.6145,-116.2142,1.1766,1.0,6.5332,14,1,1,,,,,,False,1.0,0.0,25.0,2.0,0.0,1.0,3.0,0.92,0.5216,"LINESTRING (-116.214322 43.614597, -116.214133 43.614346, -116.214118 43.614331, -116.214105 43.614325)"
1625,7246531851,9289431024,0,nan,footway,37.1,43.6144,-116.2139,0.5334,1.0,6.5332,11,1,1,,,,,,False,1.0,0.0,25.0,2.0,0.0,1.0,3.0,0.92,0.2866,"LINESTRING (-116.213688 43.614458, -116.213802 43.614416, -116.214012 43.614344, -116.214073 43.614322, -116.21409 43.614321, -116.214105 43.614325)"
1626,7246531854,9289431022,0,nan,path,38.9,43.6147,-116.2141,0.2422,1.0,6.5332,13,1,1,,,,,,False,1.0,0.0,25.0,2.0,0.0,1.0,3.0,0.92,0.1622,"LINESTRING (-116.213886 43.614748, -116.214322 43.614597)"
1627,7246531858,9289431024,0,nan,footway,27.3,43.6145,-116.2135,0.2359,1.0,6.5332,5,0,1,,,,,,False,1.0,0.0,25.0,2.0,0.0,1.0,3.0,0.92,0.1178,"LINESTRING (-116.213688 43.614458, -116.21344 43.614549, -116.213384 43.614565)"
1628,7246531859,7246531862,0,nan,footway,45.1,43.6103,-116.2088,0.7643,0.6667,6.3497,4,0,6,0.0345,0.1858,0.0214,0.0532,0.0052,True,1.0,0.0,25.0,2.0,0.0,1.0,4.0,0.92,0.7092,"LINESTRING (-116.208631 43.610454, -116.208661 43.610423, -116.208753 43.610324, -116.208781 43.610293, -116.208793 43.610275, -116.208791 43.610249, -116.208775 43.610221, -116.208753 43.610204, -116.208716 43.61019, -116.208683 43.610181, -116.208641 43.610183, -116.208631 43.610183, -116.208607 43.610188)"
1629,7246531859,7246531861,0,nan,footway,57.9,43.6104,-116.2084,0.8874,1.0,8.1151,7,0,6,0.0147,0.1766,0.0226,0.1191,0.0009,True,1.0,0.0,25.0,2.0,0.0,1.0,5.0,0.92,0.6378,"LINESTRING (-116.208184 43.610606, -116.208429 43.61035, -116.208472 43.610308, -116.208564 43.610213, -116.208588 43.610192, -116.208607 43.610188)"
1630,7248430074,7248449789,0,nan,footway,39.8,43.6167,-116.2094,1.0702,1.0,0.0,19,4,5,0.0251,0.0214,0.2634,0.2396,0.0126,True,1.0,0.0,25.0,2.0,0.0,1.0,4.0,0.92,0.595,"LINESTRING (-116.209219 43.61681, -116.209502 43.616517)"
1631,7248430074,7248449788,0,nan,footway,48.8,43.6164,-116.2093,0.1269,1.0,6.7615,23,5,5,0.0086,0.0159,0.2949,0.2812,0.0073,True,1.0,0.0,25.0,2.0,0.0,1.0,6.0,0.92,0.4562,"LINESTRING (-116.209005 43.616266, -116.209465 43.616499, -116.209502 43.616517)"
1632,7248430075,7248449786,0,nan,footway,72.5,43.6169,-116.2086,0.5626,1.0,0.0,35,12,6,,,,,,False,1.0,0.0,25.0,2.0,0.0,1.0,9.0,0.92,0.5488,"LINESTRING (-116.20818 43.616749, -116.208921 43.61712)"
1633,7248430075,7248449789,0,nan,footway,41.9,43.617,-116.2091,1.02,1.0,0.0,21,4,5,,,,,,False,1.0,0.0,25.0,2.0,0.0,1.0,6.0,0.92,0.5687,"LINESTRING (-116.209219 43.61681, -116.208921 43.61712)"
1634,7248430078,7248449787,0,nan,footway,41.5,43.6165,-116.2081,1.0815,1.0,9.1041,23,11,8,0.0596,0.0686,0.2888,0.1916,0.0064,True,1.0,0.0,25.0,2.0,0.0,1.0,13.0,0.92,1.0,"LINESTRING (-116.208246 43.616315, -116.207985 43.61659, -116.207968 43.616609, -116.207964 43.616626)"
1635,7248430081,7248449787,0,nan,footway,33.9,43.6162,-116.2084,0.7935,1.0,8.0212,23,10,7,0.0591,0.073,0.3006,0.1522,0.01,True,1.0,0.0,25.0,2.0,0.0,1.0,11.0,0.92,0.927,"LINESTRING (-116.208246 43.616315, -116.208484 43.616064)"
1636,7248430083,7248449788,0,nan,footway,44.6,43.6162,-116.2088,0.1225,1.0,4.8196,27,10,7,0.0122,0.0037,0.3355,0.3124,0.0004,True,1.0,0.0,25.0,2.0,0.0,1.0,10.0,0.92,0.6086,"LINESTRING (-116.209005 43.616266, -116.208939 43.616232, -116.208595 43.616062, -116.208544 43.616045)"
1637,7248430083,8159289081,0,nan,footway,27.1,43.6159,-116.2086,0.3934,1.0,5.2434,19,7,6,0.0332,0.0304,0.382,0.1646,0.0058,True,1.0,0.0,25.0,2.0,0.0,1.0,11.0,0.92,0.6454,"LINESTRING (-116.208736 43.615859, -116.208708 43.615886, -116.208611 43.615955, -116.20854 43.616007, -116.208544 43.616045)"
1638,7248449795,12447331327,0,nan,footway,51.4,43.6175,-116.2086,0.1298,0.3333,15.5964,29,4,7,,,,,,False,1.0,0.0,25.0,2.0,0.0,1.0,8.0,0.92,0.8193,"LINESTRING (-116.208435 43.617664, -116.208447 43.617652, -116.208508 43.617589, -116.208763 43.617326, -116.208794 43.617293, -116.2088 43.617285)"
1639,7248449802,7248449803,0,nan,footway,95.4,43.6176,-116.2077,1.4985,1.0,15.5964,71,11,6,0.0706,0.1154,0.1268,0.297,0.0178,True,1.0,0.0,25.0,2.0,0.0,1.0,16.0,0.92,1.0,"LINESTRING (-116.207206 43.617392, -116.208178 43.617883)"
1640,7248449803,12447331321,0,nan,footway,51.5,43.6172,-116.2074,1.3376,1.0,16.2485,74,17,7,0.0512,0.1653,0.183,0.1932,0.0071,True,1.0,0.0,25.0,2.0,0.0,1.0,12.0,0.92,1.0,"LINESTRING (-116.207562 43.617008, -116.207527 43.617043, -116.207481 43.617102, -116.207206 43.617392)"
1641,7248449803,11733513795,0,nan,footway,44.2,43.6173,-116.207,1.2253,1.0,15.5964,84,17,7,0.1006,0.2428,0.0801,0.2393,0.0167,True,1.0,0.0,25.0,2.0,0.0,1.0,9.0,0.92,1.0,"LINESTRING (-116.206832 43.617436, -116.206899 43.617361, -116.206978 43.617274, -116.207041 43.617306, -116.207091 43.617332, -116.207163 43.617372, -116.207206 43.617392)"
1642,7248449819,12447331318,0,nan,footway,57.3,43.6169,-116.2081,1.3012,1.0,17.5528,35,10,7,0.0058,0.0892,0.2827,0.1029,0.0123,True,1.0,0.0,25.0,2.0,0.0,1.0,12.0,0.92,1.0,"LINESTRING (-116.208387 43.61707, -116.208334 43.617042, -116.207945 43.616844, -116.207863 43.616802, -116.207842 43.616795, -116.207794 43.616797)"
1643,7248449819,12447331321,0,nan,footway,30.3,43.6169,-116.2077,0.6358,1.0,17.5528,31,10,8,0.0204,0.1693,0.2242,0.129,0.007,True,1.0,0.0,25.0,2.0,0.0,1.0,11.0,0.92,0.9743,"LINESTRING (-116.207562 43.617008, -116.20776 43.61681, -116.207777 43.616801, -116.207794 43.616797)"
1644,7248449820,12447331327,0,nan,footway,31.7,43.6178,-116.2083,0.3109,1.0,15.5964,30,4,7,,,,,,False,1.0,0.0,25.0,2.0,0.0,1.0,9.0,0.92,0.6695,"LINESTRING (-116.208435 43.617664, -116.208403 43.6177, -116.208236 43.617874, -116.208206 43.617895)"
1645,7248449823,12447331314,0,South 12th Street,tertiary,31.9,43.6178,-116.2084,0.4598,1.0,15.5964,29,4,7,,,,,,False,0.0,3.0,30.0,2.0,0.321,0.5,9.0,0.773,0.7298,"LINESTRING (-116.208497 43.617692, -116.208269 43.617926)"
1646,7248449824,7248449828,0,nan,footway,40.3,43.6182,-116.2079,0.5583,0.3333,23.2519,29,1,8,,,,,,False,1.0,0.0,25.0,2.0,0.0,1.0,12.0,0.92,0.9453,"LINESTRING (-116.207741 43.618348, -116.20776 43.618327, -116.207958 43.618122, -116.208026 43.618049)"
1647,7248449828,7248449829,0,nan,footway,40.1,43.6185,-116.2076,1.0262,1.0,23.2519,6,1,9,,,,,,False,1.0,0.0,25.0,2.0,0.0,1.0,10.0,0.92,1.0,"LINESTRING (-116.207457 43.618644, -116.20773 43.61836, -116.207741 43.618348)"
1648,7248449830,7248449831,0,nan,footway,92.1,43.6184,-116.207,1.6903,1.0,23.2519,27,4,9,,,,,,False,1.0,0.0,25.0,2.0,0.0,1.0,17.0,0.92,1.0,"LINESTRING (-116.206493 43.618175, -116.207431 43.618649)"
1649,7248449832,7248449891,0,nan,footway,40.4,43.618,-116.2066,2.0333,1.0,0.0,46,5,8,,,,,,False,1.0,0.0,25.0,2.0,0.0,1.0,12.0,0.92,1.0,"LINESTRING (-116.206764 43.61786, -116.206474 43.618157)"
1650,7248449834,7248449891,0,nan,footway,41.0,43.6177,-116.2069,1.4476,1.0,29.9949,65,7,9,,,,,,False,1.0,0.0,25.0,2.0,0.0,1.0,11.0,0.92,1.0,"LINESTRING (-116.206764 43.61786, -116.206978 43.617641, -116.207059 43.61756)"
1651,7248449835,7248449890,0,nan,footway,55.1,43.6177,-116.2073,1.1137,1.0,29.9949,71,9,7,,,,,,False,1.0,0.0,25.0,2.0,0.0,1.0,14.0,0.92,1.0,"LINESTRING (-116.207629 43.61784, -116.207543 43.617796, -116.207157 43.617602, -116.207067 43.617558)"
1652,7248449854,7248449877,0,nan,footway,40.8,43.6193,-116.2069,1.0146,0.3333,10.3816,8,1,10,,,,,,False,1.0,0.0,25.0,2.0,0.0,1.0,11.0,0.92,1.0,"LINESTRING (-116.207005 43.619119, -116.206994 43.619131, -116.206734 43.619404, -116.206707 43.619412)"
1653,7248449858,8927476472,0,nan,footway,40.6,43.6188,-116.2059,0.9695,0.3333,17.3891,6,1,11,,,,,,False,1.0,0.0,25.0,2.0,0.0,1.0,12.0,0.92,1.0,"LINESTRING (-116.206036 43.618615, -116.205851 43.618803, -116.205744 43.618913)"
1654,7248449863,9832084776,0,nan,footway,39.8,43.6192,-116.2062,0.4655,0.0,0.0,12,2,10,,,,,,False,1.0,0.0,25.0,2.0,0.0,1.0,10.0,0.92,0.908,"LINESTRING (-116.205974 43.619049, -116.206379 43.619254)"
1655,7248449868,8927476472,0,nan,footway,40.2,43.6185,-116.2062,0.8441,1.0,17.3891,13,1,11,,,,,,False,1.0,0.0,25.0,2.0,0.0,1.0,11.0,0.92,1.0,"LINESTRING (-116.206036 43.618615, -116.206219 43.61843, -116.206325 43.61832)"
1656,7248449869,7248449871,0,nan,footway,92.5,43.6186,-116.2068,1.4629,1.0,15.0533,18,2,9,,,,,,False,1.0,0.0,25.0,2.0,0.0,1.0,17.0,0.92,1.0,"LINESTRING (-116.207294 43.6188, -116.206951 43.618629, -116.206351 43.618326)"
1657,7248449872,7248449877,0,nan,footway,40.8,43.619,-116.2071,0.7073,1.0,10.3816,15,2,9,,,,,,False,1.0,0.0,25.0,2.0,0.0,1.0,10.0,0.92,0.8626,"LINESTRING (-116.207005 43.619119, -116.207025 43.619094, -116.207294 43.618818)"
1658,7248733988,7248734008,0,nan,footway,96.5,43.6157,-116.2078,0.2079,0.0,0.0,18,7,7,0.0188,0.2127,0.2619,0.2426,0.0008,True,1.0,0.0,25.0,2.0,0.0,1.0,10.0,0.92,0.7647,"LINESTRING (-116.207334 43.615438, -116.207346 43.615432, -116.207365 43.615434, -116.207385 43.615439, -116.207417 43.615454, -116.207866 43.61568, -116.208252 43.615874, -116.208273 43.615886, -116.208293 43.615902, -116.208302 43.615924)"
1659,7248734001,7248734017,0,nan,footway,95.8,43.6163,-116.2072,0.9169,0.0,0.0,31,20,8,0.1124,0.2416,0.2201,0.0448,0.0326,True,1.0,0.0,25.0,2.0,0.0,1.0,16.0,0.92,1.0,"LINESTRING (-116.207746 43.616506, -116.207734 43.616507, -116.207709 43.616508, -116.207686 43.616506, -116.207668 43.616499, -116.207512 43.616416, -116.20678 43.616047, -116.206762 43.616035)"
1660,7248734001,11733513791,0,nan,footway,31.8,43.6162,-116.2066,0.8365,1.0,0.0,9,5,7,0.0175,0.1312,0.201,0.1738,0.009,True,1.0,0.0,25.0,2.0,0.0,1.0,9.0,0.92,0.6857,"LINESTRING (-116.206499 43.616131, -116.206612 43.616187, -116.20668 43.616118, -116.206762 43.616035)"
1661,7248734003,7248734007,0,nan,footway,39.4,43.6159,-116.2069,0.602,0.0,0.0,11,4,7,,,,,,False,1.0,0.0,25.0,2.0,0.0,1.0,6.0,0.92,0.8819,"LINESTRING (-116.20705 43.615731, -116.207033 43.615747, -116.206761 43.616017)"
1662,7248734005,7248734017,0,nan,footway,40.7,43.6164,-116.2079,1.2744,0.0,0.0,20,10,8,0.0802,0.2329,0.204,0.0698,0.0259,True,1.0,0.0,25.0,2.0,0.0,1.0,13.0,0.92,1.0,"LINESTRING (-116.207746 43.616506, -116.207757 43.616503, -116.207775 43.616496, -116.207785 43.616488, -116.208042 43.616213)"
1663,7248734005,11902455615,0,nan,footway,34.1,43.6161,-116.2082,1.3199,0.0,0.0,17,9,8,0.1454,0.278,0.2106,0.0801,0.0105,True,1.0,0.0,25.0,2.0,0.0,1.0,11.0,0.92,1.0,"LINESTRING (-116.208282 43.61596, -116.208138 43.61611, -116.208042 43.616213)"
1664,7248734007,7248734008,0,nan,footway,39.8,43.6156,-116.2072,0.6056,0.0,0.0,7,4,7,,,,,,False,1.0,0.0,25.0,2.0,0.0,1.0,3.0,0.92,0.9117,"LINESTRING (-116.207334 43.615438, -116.207081 43.615701, -116.20705 43.615731)"
1665,7248734029,7248734039,0,nan,footway,59.3,43.6186,-116.2057,1.061,0.5,3.5289,12,1,11,,,,,,False,1.0,0.0,25.0,2.0,0.0,1.0,19.0,0.92,1.0,"LINESTRING (-116.205954 43.618368, -116.205533 43.618806)"
1666,7248734030,7248734036,0,nan,footway,44.7,43.6184,-116.2048,0.9166,1.0,16.3107,50,5,12,,,,,,False,1.0,0.0,25.0,2.0,0.0,1.0,11.0,0.92,1.0,"LINESTRING (-116.205025 43.618552, -116.204568 43.618324)"
1667,7248734031,7248734035,0,nan,footway,40.6,43.6182,-116.2047,1.8883,1.0,16.3107,60,5,11,,,,,,False,1.0,0.0,25.0,2.0,0.0,1.0,9.0,0.92,1.0,"LINESTRING (-116.20484 43.618012, -116.20457 43.618288, -116.20455 43.618311)"
1668,7248734033,7248734041,0,nan,footway,64.2,43.6179,-116.2055,2.0777,1.0,0.0,51,4,12,,,,,,False,1.0,0.0,25.0,2.0,0.0,1.0,13.0,0.92,1.0,"LINESTRING (-116.205792 43.618039, -116.205739 43.618013, -116.205141 43.617704)"
1669,7248734035,7248891762,0,nan,footway,41.0,43.6179,-116.205,1.4662,1.0,0.0,38,4,12,,,,,,False,1.0,0.0,25.0,2.0,0.0,1.0,7.0,0.92,1.0,"LINESTRING (-116.205134 43.617711, -116.20484 43.618012)"
1670,7248734047,7248734058,0,nan,footway,41.1,43.6198,-116.2066,0.0442,0.3333,19.4503,8,0,12,,,,,,False,1.0,0.0,25.0,2.0,0.0,1.0,7.0,0.92,0.923,"LINESTRING (-116.206481 43.619987, -116.206773 43.619684)"
1671,7248734048,7248734058,0,nan,footway,40.8,43.6201,-116.2063,1.3248,1.0,19.4503,12,1,13,,,,,,False,1.0,0.0,25.0,2.0,0.0,1.0,6.0,0.92,1.0,"LINESTRING (-116.206481 43.619987, -116.206192 43.620288)"
1672,7248734066,7248734067,0,nan,footway,92.4,43.6199,-116.2055,1.0165,1.0,45.0,24,3,10,,,,,,False,1.0,0.0,25.0,2.0,0.0,1.0,16.0,0.92,1.0,"LINESTRING (-116.205018 43.619694, -116.205959 43.620169)"
1673,7248734066,7248734070,0,nan,footway,81.5,43.6199,-116.2063,1.2962,1.0,45.0,18,2,12,,,,,,False,1.0,0.0,25.0,2.0,0.0,1.0,12.0,0.92,1.0,"LINESTRING (-116.206543 43.61957, -116.206145 43.619986, -116.205959 43.620169)"
1674,7248734067,7248734068,0,nan,footway,81.5,43.6194,-116.2053,0.9414,1.0,45.0,20,3,10,,,,,,False,1.0,0.0,25.0,2.0,0.0,1.0,19.0,0.92,1.0,"LINESTRING (-116.2056 43.619094, -116.205018 43.619694)"
1675,7248734069,7248734070,0,nan,footway,91.7,43.6193,-116.2061,0.6692,1.0,45.0,23,3,10,,,,,,False,1.0,0.0,25.0,2.0,0.0,1.0,16.0,0.92,1.0,"LINESTRING (-116.206543 43.61957, -116.205613 43.619093)"
1676,7248734081,7248734090,0,nan,footway,42.1,43.6191,-116.2052,1.0594,0.0,0.0,13,3,11,,,,,,False,1.0,0.0,25.0,2.0,0.0,1.0,13.0,0.92,1.0,"LINESTRING (-116.205078 43.619275, -116.205106 43.619246, -116.205271 43.619076, -116.205375 43.618963)"
1677,7248734083,7248734097,0,nan,footway,41.4,43.6186,-116.2043,1.2806,1.0,16.9764,122,5,12,,,,,,False,1.0,0.0,25.0,2.0,0.0,1.0,7.0,0.92,1.0,"LINESTRING (-116.204124 43.618788, -116.204154 43.618758, -116.204422 43.618485)"
1678,7248734083,9262348093,0,nan,footway,81.2,43.6187,-116.2048,1.4784,1.0,16.9764,72,4,11,,,,,,False,1.0,0.0,25.0,2.0,0.0,1.0,15.0,0.92,1.0,"LINESTRING (-116.205251 43.618901, -116.205053 43.618802, -116.204422 43.618485)"
1679,7248734090,7248734091,0,nan,footway,40.1,43.6194,-116.2049,1.0555,0.0,0.0,9,1,10,,,,,,False,1.0,0.0,25.0,2.0,0.0,1.0,14.0,0.92,1.0,"LINESTRING (-116.204799 43.619574, -116.205038 43.619317, -116.205078 43.619275)"
1680,7248734092,7248734095,0,nan,footway,61.5,43.6193,-116.2042,0.6472,0.0,0.0,6,0,11,,,,,,False,1.0,0.0,25.0,2.0,0.0,1.0,18.0,0.92,0.9147,"LINESTRING (-116.20448 43.619415, -116.203851 43.619101)"
1681,7248734093,7248734097,0,nan,footway,39.6,43.6189,-116.204,0.8296,0.3333,16.9764,66,2,10,,,,,,False,1.0,0.0,25.0,2.0,0.0,1.0,10.0,0.92,1.0,"LINESTRING (-116.204124 43.618788, -116.204087 43.618826, -116.203841 43.61908)"
1682,7248891750,7248891760,0,nan,footway,40.7,43.6181,-116.2045,1.8246,1.0,0.0,129,5,12,,,,,,False,1.0,0.0,25.0,2.0,0.0,1.0,8.0,0.92,1.0,"LINESTRING (-116.204644 43.617913, -116.204359 43.618215)"
1683,7248891751,7248891752,0,nan,footway,94.0,43.618,-116.2039,1.2182,1.0,14.5963,167,14,11,,,,,,False,1.0,0.0,25.0,2.0,0.0,1.0,13.0,0.92,1.0,"LINESTRING (-116.203386 43.617739, -116.204348 43.618219)"
1684,7248891753,7248891759,0,nan,footway,41.5,43.6176,-116.2035,1.4526,1.0,14.5963,60,9,11,,,,,,False,1.0,0.0,25.0,2.0,0.0,1.0,6.0,0.92,1.0,"LINESTRING (-116.203687 43.617428, -116.20367 43.617446, -116.20358 43.61754, -116.203381 43.617728)"
1685,7248891756,7248891759,0,nan,footway,41.6,43.6173,-116.2038,1.1657,1.0,14.5963,73,7,11,,,,,,False,1.0,0.0,25.0,2.0,0.0,1.0,7.0,0.92,1.0,"LINESTRING (-116.203687 43.617428, -116.203977 43.617118)"
1686,7248891756,7248891758,0,nan,footway,93.6,43.6174,-116.2045,1.8851,1.0,22.7174,91,8,10,0.0157,0.0784,0.3226,0.3876,0.0093,True,1.0,0.0,25.0,2.0,0.0,1.0,12.0,0.92,1.0,"LINESTRING (-116.204931 43.6176, -116.204314 43.61729, -116.203977 43.617118)"
1687,7248891760,7248891765,0,nan,footway,40.9,43.6178,-116.2048,1.1374,1.0,22.7174,57,4,11,,,,,,False,1.0,0.0,25.0,2.0,0.0,1.0,8.0,0.92,1.0,"LINESTRING (-116.204925 43.617607, -116.20491 43.617626, -116.204665 43.617892, -116.204644 43.617913)"
1688,7248891775,7248900588,0,nan,footway,51.6,43.6182,-116.2039,1.3388,1.0,55.0,131,5,11,,,,,,False,1.0,0.0,25.0,2.0,0.0,1.0,8.0,0.92,1.0,"LINESTRING (-116.203679 43.618099, -116.204213 43.618357)"
1689,7248891776,7248900589,0,nan,footway,40.3,43.6185,-116.2041,1.0713,1.0,55.0,128,4,11,,,,,,False,1.0,0.0,25.0,2.0,0.0,1.0,8.0,0.92,1.0,"LINESTRING (-116.203908 43.618677, -116.204195 43.61838)"
1690,7248891777,7248900589,0,nan,footway,40.5,43.6188,-116.2038,0.9589,1.0,55.0,93,4,10,,,,,,False,1.0,0.0,25.0,2.0,0.0,1.0,9.0,0.92,1.0,"LINESTRING (-116.203908 43.618677, -116.203619 43.618976)"
1691,7248891780,7248900585,0,nan,footway,41.1,43.6183,-116.2028,1.3916,1.0,7.7383,32,5,11,,,,,,False,1.0,0.0,25.0,2.0,0.0,1.0,9.0,0.92,1.0,"LINESTRING (-116.202947 43.618188, -116.202655 43.618491)"
1692,7248891781,7248900585,0,nan,footway,40.3,43.618,-116.2031,1.6486,1.0,5.7799,115,13,11,,,,,,False,1.0,0.0,25.0,2.0,0.0,1.0,9.0,0.92,1.0,"LINESTRING (-116.202947 43.618188, -116.203233 43.617891)"
1693,7248891782,7248900588,0,nan,footway,42.3,43.618,-116.2035,2.1366,1.0,22.1866,127,6,11,,,,,,False,1.0,0.0,25.0,2.0,0.0,1.0,6.0,0.92,1.0,"LINESTRING (-116.203679 43.618099, -116.203377 43.617954, -116.203243 43.617888)"
1694,7248900586,7248900587,0,nan,footway,33.8,43.6188,-116.2032,0.3252,1.0,7.4177,86,3,10,,,,,,False,1.0,0.0,25.0,2.0,0.0,1.0,8.0,0.92,0.6584,"LINESTRING (-116.203387 43.618869, -116.203041 43.618698)"
1695,7248900596,7248900602,0,nan,footway,41.5,43.6172,-116.2036,1.1286,1.0,6.9718,75,6,11,0.0302,0.1251,0.0344,0.4554,0.0156,True,1.0,0.0,25.0,2.0,0.0,1.0,7.0,0.92,1.0,"LINESTRING (-116.203468 43.617316, -116.203764 43.617011)"
1696,7248900596,7248900600,0,nan,footway,98.0,43.6168,-116.2033,1.8923,1.0,0.0,190,40,9,0.0526,0.1127,0.1837,0.3364,0.0129,True,1.0,0.0,25.0,2.0,0.0,1.0,11.0,0.92,1.0,"LINESTRING (-116.202768 43.616505, -116.203764 43.617011)"
1697,7248900597,7248900598,0,nan,footway,94.0,43.6174,-116.2027,0.7706,1.0,9.7574,170,40,11,,,,,,False,1.0,0.0,25.0,2.0,0.0,1.0,12.0,0.92,1.0,"LINESTRING (-116.202215 43.617136, -116.203177 43.617616)"
1698,7248900597,7248900602,0,nan,footway,40.7,43.6175,-116.2033,1.232,1.0,6.9718,73,12,11,0.0046,0.0194,0.2015,0.4842,0.0007,True,1.0,0.0,25.0,2.0,0.0,1.0,8.0,0.92,1.0,"LINESTRING (-116.203468 43.617316, -116.203177 43.617616)"
1699,7248900599,7248900601,0,nan,footway,40.2,43.617,-116.2023,1.1029,1.0,11.1501,117,37,8,,,,,,False,1.0,0.0,25.0,2.0,0.0,1.0,7.0,0.92,1.0,"LINESTRING (-116.202471 43.616811, -116.202184 43.617107)"
1700,7248900600,7248900601,0,nan,footway,41.6,43.6167,-116.2026,0.9074,1.0,0.0,107,40,9,0.042,0.0696,0.1972,0.3984,0.0132,True,1.0,0.0,25.0,2.0,0.0,1.0,7.0,0.92,0.9339,"LINESTRING (-116.202471 43.616811, -116.202768 43.616505)"
1701,7248900610,7248900633,0,nan,footway,31.5,43.6177,-116.2029,1.7083,1.0,9.1259,92,17,11,,,,,,False,1.0,0.0,25.0,2.0,0.0,1.0,7.0,0.92,1.0,"LINESTRING (-116.202703 43.617619, -116.202738 43.617637, -116.202791 43.617641, -116.203032 43.617764)"
1702,7248900614,7248900621,0,nan,footway,40.8,43.6174,-116.2019,0.8754,1.0,13.8164,100,21,9,0.0001,0.0,0.2875,0.4228,0.0007,True,1.0,0.0,25.0,2.0,0.0,1.0,7.0,0.92,1.0,"LINESTRING (-116.201771 43.617588, -116.20206 43.617287)"
1703,7248900614,7248900633,0,nan,footway,63.6,43.6175,-116.2024,0.6691,1.0,13.8164,120,29,11,0.0023,0.021,0.293,0.3892,0.0035,True,1.0,0.0,25.0,2.0,0.0,1.0,9.0,0.92,1.0,"LINESTRING (-116.202703 43.617619, -116.2023 43.61741, -116.20206 43.617287)"
1704,7248900615,7248900621,0,nan,footway,40.4,43.6177,-116.2016,0.7841,1.0,7.9125,55,5,9,,,,,,False,1.0,0.0,25.0,2.0,0.0,1.0,9.0,0.92,0.8803,"LINESTRING (-116.201771 43.617588, -116.201688 43.617675, -116.201486 43.617887)"
1705,7248900616,7248900622,0,nan,footway,32.9,43.618,-116.2017,0.1989,0.5,4.9605,30,5,9,,,,,,False,1.0,0.0,25.0,2.0,0.0,1.0,9.0,0.92,0.815,"LINESTRING (-116.201823 43.618076, -116.201489 43.617906)"
1706,7248900618,7248900634,0,nan,footway,40.9,43.6182,-116.2026,1.6778,1.0,11.7075,36,9,11,,,,,,False,1.0,0.0,25.0,2.0,0.0,1.0,9.0,0.92,1.0,"LINESTRING (-116.202742 43.618084, -116.202456 43.618388)"
1707,7248900619,7248900634,0,nan,footway,40.3,43.6179,-116.2029,2.0097,1.0,9.1259,74,16,11,,,,,,False,1.0,0.0,25.0,2.0,0.0,1.0,8.0,0.92,1.0,"LINESTRING (-116.202742 43.618084, -116.203024 43.617784)"
1708,7248900622,8654103864,0,nan,footway,60.5,43.6182,-116.2021,1.0566,0.75,12.9984,35,9,10,,,,,,False,1.0,0.0,25.0,2.0,0.0,1.0,10.0,0.92,1.0,"LINESTRING (-116.202438 43.618389, -116.201823 43.618076)"
1709,7248900630,9262348091,0,nan,footway,33.9,43.6181,-116.2015,1.2837,0.5,0.0,9,4,9,,,,,,False,1.0,0.0,25.0,2.0,0.0,1.0,7.0,0.92,1.0,"LINESTRING (-116.201703 43.618232, -116.201487 43.618129, -116.201413 43.618097, -116.201345 43.618072)"
1710,7248900630,7344240230,0,nan,footway,40.6,43.6182,-116.2012,0.7473,0.0,0.0,7,3,9,,,,,,False,1.0,0.0,25.0,2.0,0.0,1.0,8.0,0.92,1.0,"LINESTRING (-116.201043 43.618362, -116.201076 43.61833, -116.201304 43.618095, -116.201345 43.618072)"
1711,7248925395,7248925402,0,nan,footway,41.8,43.6166,-116.2025,1.2127,1.0,0.0,111,41,9,0.026,0.0007,0.2306,0.5347,0.0142,True,1.0,0.0,25.0,2.0,0.0,1.0,7.0,0.92,1.0,"LINESTRING (-116.20233 43.61674, -116.202628 43.616432)"
1712,7248925395,7248925400,0,nan,footway,98.4,43.6162,-116.2021,1.7359,1.0,53.0,152,50,8,0.0493,0.0411,0.1857,0.4071,0.0182,True,1.0,0.0,25.0,2.0,0.0,1.0,11.0,0.92,1.0,"LINESTRING (-116.201625 43.615928, -116.202628 43.616432)"
1713,7248925396,7248925402,0,nan,footway,40.4,43.6169,-116.2022,1.5242,1.0,0.0,113,36,8,,,,,,False,1.0,0.0,25.0,2.0,0.0,1.0,7.0,0.92,1.0,"LINESTRING (-116.20233 43.61674, -116.202042 43.617037)"
1714,7248925397,7248925398,0,nan,footway,94.3,43.6168,-116.2015,1.0198,1.0,0.0,125,32,8,0.0202,0.2554,0.328,0.1421,0.0224,True,1.0,0.0,25.0,2.0,0.0,1.0,13.0,0.92,0.8819,"LINESTRING (-116.201039 43.616535, -116.201993 43.617028)"
1715,7248925398,7248925401,0,nan,footway,40.9,43.6164,-116.2012,2.1254,1.0,0.0,60,14,8,0.033,0.2056,0.3546,0.1445,0.0333,True,1.0,0.0,25.0,2.0,0.0,1.0,9.0,0.92,1.0,"LINESTRING (-116.201332 43.616234, -116.201315 43.616252, -116.201039 43.616535)"
1716,7248925400,7248925401,0,nan,footway,41.4,43.6161,-116.2015,1.3182,1.0,53.0,63,19,8,0.0741,0.0002,0.2295,0.529,0.0086,True,1.0,0.0,25.0,2.0,0.0,1.0,9.0,0.92,1.0,"LINESTRING (-116.201332 43.616234, -116.201625 43.615928)"
1717,7248925415,7248925423,0,nan,footway,39.9,43.6173,-116.2052,0.5757,0.3333,20.6366,37,10,12,0.0356,0.4935,0.0173,0.0494,0.004,True,1.0,0.0,25.0,2.0,0.0,1.0,7.0,0.92,1.0,"LINESTRING (-116.205381 43.61716, -116.20509 43.61745)"
1718,7248925415,7248925422,0,nan,footway,34.9,43.6174,-116.2049,1.6144,0.5,19.4481,36,7,10,0.003,0.0614,0.211,0.3512,0.0125,True,1.0,0.0,25.0,2.0,0.0,1.0,6.0,0.92,1.0,"LINESTRING (-116.204726 43.61728, -116.20509 43.61745)"
1719,7248925416,7248925417,0,nan,footway,95.2,43.6166,-116.2052,1.5302,1.0,18.4297,130,27,6,0.0629,0.2285,0.0771,0.24,0.0144,True,1.0,0.0,25.0,2.0,0.0,1.0,11.0,0.92,1.0,"LINESTRING (-116.20473 43.616354, -116.205698 43.616845)"
1720,7248925418,7248925421,0,nan,footway,40.2,43.6165,-116.2046,1.0503,1.0,17.3263,71,6,8,0.0309,0.2286,0.051,0.2837,0.0137,True,1.0,0.0,25.0,2.0,0.0,1.0,6.0,0.92,1.0,"LINESTRING (-116.204414 43.616653, -116.204703 43.616358)"
1721,7248925419,7248925421,0,nan,footway,43.1,43.6168,-116.2043,0.8766,1.0,18.7409,74,5,8,0.0159,0.2102,0.019,0.3266,0.005,True,1.0,0.0,25.0,2.0,0.0,1.0,6.0,0.92,0.9261,"LINESTRING (-116.204414 43.616653, -116.204105 43.616969)"
1722,7248925419,7248925422,0,nan,footway,60.8,43.6171,-116.2044,1.3613,1.0,19.4481,72,4,10,0.0164,0.1642,0.019,0.3602,0.0062,True,1.0,0.0,25.0,2.0,0.0,1.0,10.0,0.92,1.0,"LINESTRING (-116.204726 43.61728, -116.204689 43.617263, -116.204105 43.616969)"
1723,7248925423,11733513807,0,nan,footway,41.6,43.617,-116.2055,1.273,1.0,20.6366,79,20,9,0.0531,0.2428,0.1212,0.22,0.004,True,1.0,0.0,25.0,2.0,0.0,1.0,6.0,0.92,1.0,"LINESTRING (-116.205686 43.616858, -116.205381 43.61716)"
1724,7248925424,7248925425,0,nan,footway,83.4,43.6166,-116.2042,1.208,1.0,0.0,171,12,8,0.02,0.1801,0.1274,0.2437,0.0059,True,1.0,0.0,25.0,2.0,0.0,1.0,9.0,0.92,0.7971,"LINESTRING (-116.204501 43.616244, -116.203906 43.616858)"
1725,7248925424,7248925429,0,nan,footway,98.0,43.6166,-116.2034,1.421,1.0,0.0,191,39,10,0.064,0.1962,0.09,0.3188,0.0104,True,1.0,0.0,25.0,2.0,0.0,1.0,9.0,0.92,1.0,"LINESTRING (-116.2029 43.616362, -116.203906 43.616858)"
1726,7248925425,7248925426,0,nan,footway,98.8,43.616,-116.204,1.9024,1.0,98.0,183,28,6,0.0246,0.1082,0.0764,0.3908,0.0052,True,1.0,0.0,25.0,2.0,0.0,1.0,7.0,0.92,1.0,"LINESTRING (-116.203507 43.61573, -116.203597 43.615774, -116.203599 43.615786, -116.204501 43.616244)"
1727,7248925427,7248925428,0,nan,footway,82.6,43.616,-116.2032,1.3299,1.0,98.0,186,42,9,,,,,,False,1.0,0.0,25.0,2.0,0.0,1.0,7.0,0.92,1.0,"LINESTRING (-116.202898 43.616345, -116.203486 43.615737)"
1728,7248925441,7248925464,0,nan,footway,26.5,43.6154,-116.2058,0.5047,0.5,3.9224,6,2,6,,,,,,False,1.0,0.0,25.0,2.0,0.0,1.0,6.0,0.92,0.7576,"LINESTRING (-116.205889 43.615555, -116.205836 43.615464, -116.205808 43.615439, -116.205774 43.615422, -116.205741 43.615412, -116.205702 43.615408, -116.20567 43.615408)"
1729,7248925441,7248925475,0,nan,footway,34.0,43.6155,-116.2055,2.9447,0.0,0.0,5,1,6,,,,,,False,1.0,0.0,25.0,2.0,0.0,1.0,6.0,0.92,1.0,"LINESTRING (-116.205397 43.615632, -116.205557 43.615461, -116.205584 43.615443, -116.205612 43.615426, -116.20567 43.615408)"
1730,7248925456,7248925467,0,nan,footway,31.8,43.616,-116.2063,0.3138,0.0,0.0,33,6,6,,,,,,False,1.0,0.0,25.0,2.0,0.0,1.0,9.0,0.92,0.6924,"LINESTRING (-116.206137 43.615871, -116.206173 43.615906, -116.206249 43.615972, -116.206294 43.616003, -116.206362 43.616051, -116.206393 43.616072, -116.206402 43.616082)"
1731,7248925464,7248925467,0,nan,footway,40.6,43.6157,-116.206,0.1317,0.6667,3.9224,17,6,6,,,,,,False,1.0,0.0,25.0,2.0,0.0,1.0,7.0,0.92,0.6153,"LINESTRING (-116.206137 43.615871, -116.20608 43.615817, -116.206033 43.615761, -116.206011 43.615735, -116.205985 43.615705, -116.205944 43.615653, -116.205889 43.615555)"
1732,7248925468,7248925469,0,nan,footway,60.8,43.6165,-116.206,1.6035,1.0,63.0,77,22,7,0.0305,0.1232,0.0924,0.3112,0.0107,True,1.0,0.0,25.0,2.0,0.0,1.0,10.0,0.92,1.0,"LINESTRING (-116.205819 43.616685, -116.205841 43.616673, -116.206075 43.616428, -116.206135 43.616367, -116.206184 43.616317, -116.20626 43.616241)"
1733,7248925469,7248925477,0,nan,footway,93.2,43.6164,-116.2053,1.9387,0.6667,63.0,125,24,6,0.0356,0.1248,0.0908,0.3106,0.0113,True,1.0,0.0,25.0,2.0,0.0,1.0,12.0,0.92,1.0,"LINESTRING (-116.204887 43.616198, -116.204903 43.616226, -116.205586 43.616574, -116.205787 43.616677, -116.205819 43.616685)"
1734,7248925474,7248925482,0,nan,footway,66.8,43.6158,-116.2049,1.1618,1.0,28.5005,73,9,6,0.092,0.1029,0.0368,0.4498,0.0111,True,1.0,0.0,25.0,2.0,0.0,1.0,5.0,0.92,1.0,"LINESTRING (-116.204638 43.616091, -116.20512 43.615603)"
1735,7248925475,7248925477,0,nan,footway,75.4,43.6159,-116.2051,2.4094,0.0,0.0,89,9,6,,,,,,False,1.0,0.0,25.0,2.0,0.0,1.0,7.0,0.92,1.0,"LINESTRING (-116.204887 43.616198, -116.204894 43.616165, -116.205397 43.615632)"
1736,7248925482,7248953513,0,nan,footway,63.8,43.6159,-116.2043,1.6849,1.0,24.9913,133,15,6,0.0987,0.1049,0.044,0.4446,0.0111,True,1.0,0.0,25.0,2.0,0.0,1.0,5.0,0.92,1.0,"LINESTRING (-116.203986 43.615764, -116.203993 43.615767, -116.204638 43.616091)"
1737,7248925484,7248953513,0,nan,footway,34.5,43.6157,-116.2038,2.43,1.0,14.4636,126,21,6,0.132,0.11,0.0488,0.4584,0.0134,True,1.0,0.0,25.0,2.0,0.0,1.0,3.0,0.92,1.0,"LINESTRING (-116.203986 43.615764, -116.203636 43.615586)"
1738,7248953488,7248953512,0,nan,footway,85.5,43.6147,-116.2028,1.1174,1.0,81.0,87,15,4,0.0946,0.0708,0.0076,0.441,0.0137,True,1.0,0.0,25.0,2.0,0.0,1.0,11.0,0.92,1.0,"LINESTRING (-116.203095 43.61437, -116.202988 43.61448, -116.202977 43.614524, -116.202518 43.615011)"
1739,7248953488,7248953493,0,nan,footway,97.6,43.6153,-116.203,1.389,1.0,81.0,158,29,4,0.028,0.3438,0.0742,0.11,0.0148,True,1.0,0.0,25.0,2.0,0.0,1.0,8.0,0.92,1.0,"LINESTRING (-116.203486 43.615533, -116.203123 43.615351, -116.203072 43.615293, -116.202518 43.615011)"
1740,7248953490,12810673432,0,nan,pedestrian,91.9,43.6152,-116.2039,2.1099,0.8333,0.0,117,20,6,0.0269,0.1165,0.2104,0.3345,0.015,True,1.0,0.0,25.0,2.0,0.0,1.0,3.0,0.92,1.0,"LINESTRING (-116.204196 43.614877, -116.204013 43.615062, -116.20355 43.615558)"
1741,7248953498,7248969243,0,North 8th Street,unclassified,83.0,43.616,-116.2031,1.0497,1.0,0.0,182,43,9,0.1336,0.0534,0.107,0.392,0.0075,True,0.0,2.0,25.0,2.0,0.179,0.5,7.0,0.881,0.9626,"LINESTRING (-116.202823 43.616309, -116.20341 43.615696)"
1742,7248953499,11099008100,0,nan,footway,44.2,43.6158,-116.2032,1.3442,1.0,0.0,142,31,7,,,,,,False,1.0,0.0,25.0,2.0,0.0,1.0,4.0,0.92,0.9417,"LINESTRING (-116.203046 43.615998, -116.203135 43.615905, -116.203357 43.61567)"
1743,7248953499,11084749943,0,nan,footway,65.1,43.6155,-116.203,1.4732,1.0,0.0,157,29,4,0.0075,0.2038,0.0127,0.3336,0.005,True,1.0,0.0,25.0,2.0,0.0,1.0,8.0,0.92,0.8159,"LINESTRING (-116.202696 43.615333, -116.203024 43.6155, -116.203233 43.615607, -116.203357 43.61567)"
1744,7248953500,12810673432,0,nan,pedestrian,106.1,43.6146,-116.2037,0.5312,0.8333,60.0,92,13,5,0.0199,0.0426,0.1798,0.3782,0.0121,True,1.0,0.0,25.0,2.0,0.0,1.0,4.0,0.92,0.9136,"LINESTRING (-116.204196 43.614877, -116.204047 43.614722, -116.204001 43.614698, -116.203943 43.614668, -116.203214 43.614291, -116.203186 43.614277)"
1745,7248953501,7248969226,0,nan,footway,83.4,43.614,-116.2035,1.925,1.0,60.0,59,9,5,0.0833,0.0016,0.0,0.5942,0.0024,True,1.0,0.0,25.0,2.0,0.0,1.0,10.0,0.92,1.0,"LINESTRING (-116.203814 43.613663, -116.203779 43.613675, -116.203624 43.613836, -116.2032 43.614263)"
1746,7248969228,12810673432,0,nan,pedestrian,94.0,43.6145,-116.2045,2.091,0.8333,60.0,42,12,6,0.063,0.0766,0.0,0.7814,0.0004,True,1.0,0.0,25.0,2.0,0.0,1.0,1.0,0.92,1.0,"LINESTRING (-116.204196 43.614877, -116.204336 43.614723, -116.204861 43.614182)"
1747,7248969228,7581554735,0,nan,footway,25.1,43.6141,-116.205,0.9262,1.0,34.9928,23,10,5,0.0758,0.1531,0.0618,0.4419,0.0052,True,1.0,0.0,25.0,2.0,0.0,1.0,1.0,0.92,1.0,"LINESTRING (-116.205055 43.614007, -116.205039 43.614023, -116.204955 43.614105, -116.204892 43.614168, -116.204861 43.614182)"
1748,7248969228,7248969257,0,nan,footway,104.0,43.6145,-116.2054,0.9265,1.0,0.0,31,6,5,0.0104,0.0624,0.3312,0.2544,0.0204,True,1.0,0.0,25.0,2.0,0.0,1.0,5.0,0.92,0.5552,"LINESTRING (-116.205903 43.614732, -116.205861 43.614702, -116.204885 43.614207, -116.204861 43.614182)"
1749,7248969231,11084749942,0,nan,footway,64.9,43.6161,-116.2024,1.498,1.0,0.0,122,31,8,0.019,0.0986,0.1168,0.379,0.0083,True,1.0,0.0,25.0,2.0,0.0,1.0,6.0,0.92,1.0,"LINESTRING (-116.202111 43.615951, -116.202773 43.616284)"
1750,7248969231,11099008099,0,nan,footway,37.3,43.6161,-116.2029,1.0441,1.0,0.0,142,33,9,0.0226,0.093,0.14,0.361,0.0122,True,1.0,0.0,25.0,2.0,0.0,1.0,5.0,0.92,0.94,"LINESTRING (-116.203036 43.616008, -116.202996 43.61605, -116.202773 43.616284)"
1751,7248969234,11084749943,0,nan,footway,33.8,43.6152,-116.2025,1.4693,1.0,0.0,74,14,4,0.0604,0.0765,0.1188,0.3678,0.014,True,1.0,0.0,25.0,2.0,0.0,1.0,5.0,0.92,0.7652,"LINESTRING (-116.202696 43.615333, -116.202353 43.615158)"
1752,7248969234,11084749944,0,nan,footway,46.1,43.6153,-116.2022,2.0772,1.0,0.0,66,17,5,0.1195,0.0413,0.0594,0.4653,0.0116,True,1.0,0.0,25.0,2.0,0.0,1.0,7.0,0.92,1.0,"LINESTRING (-116.202029 43.6155, -116.202353 43.615158)"
1753,7248969238,11084749944,0,nan,footway,37.1,43.6156,-116.2019,1.7632,1.0,0.0,73,16,5,0.0078,0.0898,0.1082,0.4842,0.003,True,1.0,0.0,25.0,2.0,0.0,1.0,4.0,0.92,0.9523,"LINESTRING (-116.202029 43.6155, -116.201782 43.615762, -116.201782 43.615779)"
1754,7248969238,11084749942,0,nan,footway,32.8,43.6159,-116.2019,1.1859,1.0,0.0,76,18,7,0.0284,0.1728,0.126,0.2662,0.0114,True,1.0,0.0,25.0,2.0,0.0,1.0,5.0,0.92,0.8472,"LINESTRING (-116.202111 43.615951, -116.201794 43.615791, -116.201782 43.615779)"
1755,7248969247,7248969250,0,nan,footway,53.5,43.6151,-116.206,1.289,1.0,12.6844,10,4,5,0.0326,0.0892,0.1998,0.4161,0.0102,True,1.0,0.0,25.0,2.0,0.0,1.0,7.0,0.92,0.9969,"LINESTRING (-116.205842 43.615254, -116.205988 43.615098, -116.206204 43.61489, -116.206195 43.614858)"
1756,7248969247,8547340153,0,nan,footway,25.9,43.6148,-116.2063,1.0375,1.0,7.6922,12,2,5,0.0552,0.1765,0.2106,0.2507,0.013,True,1.0,0.0,25.0,2.0,0.0,1.0,4.0,0.92,0.7647,"LINESTRING (-116.206342 43.614659, -116.206322 43.614681, -116.206249 43.614758, -116.20619 43.614819, -116.206195 43.614858)"
1757,7248969257,11626062086,0,nan,footway,93.1,43.6151,-116.2056,0.9055,1.0,0.0,19,2,5,,,,,,False,1.0,0.0,25.0,2.0,0.0,1.0,9.0,0.92,0.456,"LINESTRING (-116.205285 43.615427, -116.205912 43.614765, -116.205903 43.614732)"
1758,7248969257,7259679936,0,nan,footway,27.7,43.6147,-116.206,0.8686,1.0,0.0,17,1,5,0.0195,0.0826,0.1846,0.3319,0.0086,True,1.0,0.0,25.0,2.0,0.0,1.0,4.0,0.92,0.3897,"LINESTRING (-116.206126 43.614551, -116.206031 43.614646, -116.205982 43.6147, -116.205951 43.614704, -116.205903 43.614732)"
1759,7248969259,7248969267,0,nan,footway,41.1,43.616,-116.2013,0.9915,1.0,12.7542,60,19,8,,,,,,False,1.0,0.0,25.0,2.0,0.0,1.0,8.0,0.92,1.0,"LINESTRING (-116.201112 43.616122, -116.201407 43.61582)"
1760,7248969261,7248969262,0,nan,footway,92.5,43.6162,-116.2003,0.4862,1.0,0.0,34,17,8,,,,,,False,1.0,0.0,25.0,2.0,0.0,1.0,13.0,0.92,0.6751,"LINESTRING (-116.199873 43.615949, -116.200812 43.61643)"
1761,7248969261,7248969267,0,nan,footway,41.9,43.6163,-116.201,0.9547,1.0,0.0,42,14,8,,,,,,False,1.0,0.0,25.0,2.0,0.0,1.0,9.0,0.92,0.8166,"LINESTRING (-116.201112 43.616122, -116.200812 43.61643)"
1762,7248969263,7248969266,0,nan,footway,40.5,43.6158,-116.2,0.4416,1.0,0.0,28,6,5,,,,,,False,1.0,0.0,25.0,2.0,0.0,1.0,5.0,0.92,0.373,"LINESTRING (-116.200153 43.615636, -116.199862 43.615933)"
1763,7248969264,7248969266,0,nan,footway,42.2,43.6155,-116.2003,0.7363,1.0,0.0,37,9,5,0.0345,0.1036,0.2527,0.438,0.0112,True,1.0,0.0,25.0,2.0,0.0,1.0,8.0,0.92,0.5212,"LINESTRING (-116.200153 43.615636, -116.200455 43.615326)"
1764,7248969264,7248969268,0,nan,footway,67.2,43.6155,-116.2008,1.2871,1.0,12.7542,72,24,5,0.02,0.0562,0.2807,0.4415,0.0053,True,1.0,0.0,25.0,2.0,0.0,1.0,9.0,0.92,1.0,"LINESTRING (-116.201138 43.615673, -116.200455 43.615326)"
1765,7248969265,7248969268,0,nan,footway,27.0,43.6157,-116.2013,1.1783,1.0,12.7542,64,21,6,0.0043,0.0053,0.1706,0.5906,0.0192,True,1.0,0.0,25.0,2.0,0.0,1.0,6.0,0.92,1.0,"LINESTRING (-116.201138 43.615673, -116.201412 43.615813)"
1766,7248969272,8223343237,0,nan,footway,42.4,43.6161,-116.1994,2.1419,1.0,10.954,8,1,5,,,,,,False,1.0,0.0,25.0,2.0,0.0,1.0,8.0,0.92,1.0,"LINESTRING (-116.199209 43.616301, -116.199516 43.615992)"
1767,7248969272,8223397291,0,nan,footway,95.8,43.6157,-116.199,0.4854,1.0,8.8763,25,4,4,0.0277,0.1846,0.1704,0.164,0.0326,True,1.0,0.0,25.0,2.0,0.0,1.0,11.0,0.92,0.5357,"LINESTRING (-116.198541 43.615498, -116.199516 43.615992)"
1768,7248969276,9262348055,0,nan,footway,68.3,43.6201,-116.2055,0.1385,1.0,0.0,28,3,11,,,,,,False,1.0,0.0,25.0,2.0,0.0,1.0,14.0,0.92,0.4924,"LINESTRING (-116.20511 43.61997, -116.205694 43.620254, -116.205812 43.620314)"
1769,7248977389,7248977393,0,nan,footway,43.1,43.6208,-116.205,0.0084,0.0,0.0,22,1,8,,,,,,False,1.0,0.0,25.0,2.0,0.0,1.0,15.0,0.92,0.5239,"LINESTRING (-116.2048 43.620719, -116.20524 43.62094)"
1770,7248977390,7248977392,0,nan,footway,41.7,43.6203,-116.2044,0.2005,1.0,4.9304,13,1,9,,,,,,False,1.0,0.0,25.0,2.0,0.0,1.0,16.0,0.92,0.5466,"LINESTRING (-116.204575 43.620149, -116.204279 43.620458)"
1771,7248977390,7248977393,0,nan,footway,51.0,43.6206,-116.2045,0.2025,0.6667,4.2816,21,2,8,,,,,,False,1.0,0.0,25.0,2.0,0.0,1.0,17.0,0.92,0.6186,"LINESTRING (-116.2048 43.620719, -116.204279 43.620458)"
1772,7248977391,7248977392,0,nan,footway,40.7,43.62,-116.2047,0.5658,1.0,6.2279,12,2,9,,,,,,False,1.0,0.0,25.0,2.0,0.0,1.0,16.0,0.92,0.7744,"LINESTRING (-116.204575 43.620149, -116.204863 43.619849)"
1773,7248977394,7248977395,0,nan,footway,29.9,43.6207,-116.2054,0.0823,1.0,5.1069,12,1,9,,,,,,False,1.0,0.0,25.0,2.0,0.0,1.0,11.0,0.92,0.5089,"LINESTRING (-116.205533 43.620634, -116.205322 43.620855)"
1774,7248977405,11733513783,0,nan,footway,83.4,43.6156,-116.2062,0.6253,1.0,0.0,27,9,6,,,,,,False,1.0,0.0,25.0,2.0,0.0,1.0,11.0,0.92,0.5525,"LINESTRING (-116.206596 43.615917, -116.206531 43.615878, -116.206373 43.615756, -116.206322 43.615696, -116.206242 43.615638, -116.20617 43.615536, -116.206112 43.615436, -116.206056 43.615358, -116.20599 43.615326)"
1775,7259679921,7259679935,0,nan,footway,73.3,43.6143,-116.2064,1.0699,1.0,0.0,28,7,5,,,,,,False,1.0,0.0,25.0,2.0,0.0,1.0,6.0,0.92,0.6375,"LINESTRING (-116.20611 43.614527, -116.206152 43.614517, -116.206337 43.614329, -116.206424 43.614239, -116.206655 43.614006)"
1776,7259679922,7259679969,0,nan,footway,48.4,43.6139,-116.2064,1.0439,1.0,0.0,38,10,5,,,,,,False,1.0,0.0,25.0,2.0,0.0,1.0,5.0,0.92,0.6532,"LINESTRING (-116.206155 43.613734, -116.206244 43.613781, -116.206421 43.613869, -116.206575 43.613952, -116.206645 43.613986)"
1777,7259679928,7259679930,0,nan,footway,66.5,43.6137,-116.2055,0.7646,1.0,0.0,79,21,6,0.0,0.0107,0.0,0.0763,0.0,True,1.0,0.0,25.0,2.0,0.0,1.0,7.0,0.92,0.6485,"LINESTRING (-116.205236 43.613976, -116.20568 43.613512, -116.205727 43.613514)"
1778,7259679928,7259679969,0,nan,footway,42.2,43.6136,-116.2059,1.2296,1.0,0.0,85,22,5,,,,,,False,1.0,0.0,25.0,2.0,0.0,1.0,7.0,0.92,0.7779,"LINESTRING (-116.206155 43.613734, -116.206038 43.613672, -116.205862 43.613583, -116.205727 43.613514)"
1779,7259679930,7259679935,0,nan,footway,100.2,43.6143,-116.2056,1.2313,1.0,0.0,44,15,5,0.0064,0.0168,0.1669,0.0937,0.006,True,1.0,0.0,25.0,2.0,0.0,1.0,5.0,0.92,0.771,"LINESTRING (-116.20611 43.614527, -116.206076 43.614523, -116.20605 43.614516, -116.205953 43.614472, -116.205216 43.614095, -116.205236 43.613976)"
1780,7259679941,7259679956,0,nan,footway,47.1,43.6137,-116.2066,0.6372,1.0,10.0992,46,12,6,,,,,,False,1.0,0.0,25.0,2.0,0.0,1.0,5.0,0.92,0.8118,"LINESTRING (-116.206323 43.613603, -116.206349 43.613609, -116.20642 43.613624, -116.206632 43.613728, -116.206819 43.613822)"
1781,7259679942,7259679959,0,nan,footway,47.9,43.6131,-116.2072,1.7146,1.0,10.0992,37,8,6,0.0198,0.0012,0.3093,0.4438,0.0014,True,1.0,0.0,25.0,2.0,0.0,1.0,8.0,0.92,1.0,"LINESTRING (-116.20694 43.612939, -116.207213 43.61308, -116.207372 43.613162, -116.207403 43.61318, -116.20742 43.613194)"
1782,7259679948,7259679959,0,nan,footway,46.1,43.6128,-116.2067,1.0616,1.0,0.0,63,4,6,0.008,0.0127,0.0445,0.1558,0.0016,True,1.0,0.0,25.0,2.0,0.0,1.0,8.0,0.92,0.5631,"LINESTRING (-116.20694 43.612939, -116.20684 43.612888, -116.206507 43.61272, -116.206469 43.612703)"
1783,7259679949,11836038359,0,nan,footway,56.1,43.6129,-116.2062,1.8069,1.0,0.0,92,13,6,0.0,0.0,0.0,0.0,0.0,True,1.0,0.0,25.0,2.0,0.0,1.0,13.0,0.92,0.9781,"LINESTRING (-116.20605 43.61313, -116.206116 43.613057, -116.206374 43.612792, -116.206446 43.612715)"
1784,7259679960,7259679965,0,nan,footway,37.5,43.6135,-116.206,0.5067,1.0,0.0,88,15,6,0.113,0.0,0.0,0.0,0.0,True,1.0,0.0,25.0,2.0,0.0,1.0,9.0,0.92,0.4938,"LINESTRING (-116.20623 43.613564, -116.205884 43.613387, -116.205869 43.613358)"
1785,7259679960,11836038359,0,nan,footway,29.6,43.6132,-116.2059,1.3424,1.0,0.0,87,13,6,0.0664,0.0,0.0,0.0001,0.0,True,1.0,0.0,25.0,2.0,0.0,1.0,9.0,0.92,0.8009,"LINESTRING (-116.20605 43.61313, -116.20587 43.613329, -116.205869 43.613358)"
1786,7259679977,7259679982,0,nan,footway,66.6,43.6127,-116.2079,1.9877,1.0,12.2773,28,1,4,0.0362,0.1162,0.2274,0.1956,0.016,True,1.0,0.0,25.0,2.0,0.0,1.0,12.0,0.92,1.0,"LINESTRING (-116.207693 43.612909, -116.208165 43.612418)"
1787,7259679977,7259679984,0,nan,footway,48.3,43.6123,-116.2079,1.2962,1.0,10.5454,22,1,4,0.117,0.0467,0.2676,0.2293,0.0166,True,1.0,0.0,25.0,2.0,0.0,1.0,11.0,0.92,0.7427,"LINESTRING (-116.207696 43.612164, -116.207745 43.612174, -116.20792 43.612264, -116.207935 43.612301, -116.208046 43.612357, -116.208165 43.612418)"
1788,7259679984,7259690286,0,nan,footway,48.7,43.6121,-116.2074,1.5874,1.0,0.0,18,1,4,0.0278,0.0314,0.0107,0.0313,0.0044,True,1.0,0.0,25.0,2.0,0.0,1.0,9.0,0.92,0.6129,"LINESTRING (-116.207192 43.611925, -116.207578 43.612123, -116.207656 43.612155, -116.207696 43.612164)"
1789,7259690286,7259690360,0,nan,footway,46.0,43.6121,-116.207,0.7731,1.0,0.0,22,0,4,0.0203,0.08,0.0588,0.1271,0.0126,True,1.0,0.0,25.0,2.0,0.0,1.0,8.0,0.92,0.1806,"LINESTRING (-116.206885 43.612274, -116.206928 43.612231, -116.207192 43.611925)"
1790,7259690290,7259690361,0,nan,footway,47.9,43.6127,-116.2069,1.4039,1.0,8.9693,53,3,5,0.141,0.0349,0.022,0.0997,0.0062,True,1.0,0.0,25.0,2.0,0.0,1.0,9.0,0.92,0.864,"LINESTRING (-116.207096 43.612777, -116.206642 43.612546, -116.20663 43.612518)"
1791,7259690290,7259690360,0,nan,footway,34.1,43.6124,-116.2068,1.0943,1.0,8.9693,29,0,4,0.0016,0.0834,0.0371,0.0985,0.0107,True,1.0,0.0,25.0,2.0,0.0,1.0,7.0,0.92,0.5285,"LINESTRING (-116.206885 43.612274, -116.206798 43.612363, -116.206668 43.612495, -116.20663 43.612518)"
1792,7259690292,7259690361,0,nan,footway,47.0,43.6129,-116.2073,1.4231,0.3333,8.9693,25,3,5,,,,,,False,1.0,0.0,25.0,2.0,0.0,1.0,7.0,0.92,1.0,"LINESTRING (-116.207096 43.612777, -116.207574 43.61302)"
1793,7259690298,7259690359,0,nan,footway,46.5,43.6123,-116.2062,0.233,1.0,0.0,22,2,5,0.0068,0.1494,0.0558,0.3766,0.0018,True,1.0,0.0,25.0,2.0,0.0,1.0,9.0,0.92,0.184,"LINESTRING (-116.205953 43.612199, -116.206357 43.612404, -116.206402 43.612425, -116.206431 43.612434)"
1794,7259690299,7259690303,0,nan,footway,79.3,43.6121,-116.2067,1.0497,1.0,7.6951,32,1,4,0.0548,0.1043,0.113,0.3422,0.0073,True,1.0,0.0,25.0,2.0,0.0,1.0,12.0,0.92,0.5915,"LINESTRING (-116.206996 43.611828, -116.206845 43.611984, -116.206723 43.612105, -116.206547 43.61229, -116.206451 43.612421)"
1795,7259690303,7259690306,0,nan,footway,40.4,43.6117,-116.2068,0.6648,1.0,7.6951,21,5,4,,,,,,False,1.0,0.0,25.0,2.0,0.0,1.0,6.0,0.92,0.6307,"LINESTRING (-116.20659 43.611615, -116.206914 43.611782, -116.20698 43.611814, -116.206996 43.611828)"
1796,7259690309,7259690311,0,nan,footway,31.2,43.612,-116.2056,1.2975,1.0,4.1686,24,6,5,,,,,,False,1.0,0.0,25.0,2.0,0.0,1.0,9.0,0.92,0.8896,"LINESTRING (-116.205487 43.611946, -116.205748 43.612079, -116.205762 43.612102, -116.205789 43.612116)"
1797,7259690311,7570761531,0,nan,footway,25.1,43.612,-116.2054,0.8163,1.0,11.1506,14,6,5,0.0069,0.004,0.2463,0.4466,0.0042,True,1.0,0.0,25.0,2.0,0.0,1.0,9.0,0.92,0.8276,"LINESTRING (-116.205286 43.612119, -116.205376 43.612038, -116.205467 43.611968, -116.205487 43.611946)"
1798,7259690315,7259690319,0,nan,footway,59.3,43.6115,-116.2059,0.9542,0.5,4.1686,37,11,4,0.0082,0.0412,0.2366,0.3458,0.0065,True,1.0,0.0,25.0,2.0,0.0,1.0,7.0,0.92,0.9155,"LINESTRING (-116.206108 43.611272, -116.206058 43.611324, -116.205788 43.611608, -116.205738 43.611657, -116.205691 43.611712)"
1799,7259690315,7567535337,0,nan,footway,28.7,43.6118,-116.2056,0.933,1.0,4.1686,37,6,4,0.0499,0.0104,0.182,0.4576,0.0214,True,1.0,0.0,25.0,2.0,0.0,1.0,8.0,0.92,0.6648,"LINESTRING (-116.205498 43.611929, -116.205516 43.611902, -116.205674 43.611731, -116.205691 43.611712)"
1800,7259690320,7259690322,0,nan,footway,44.8,43.6113,-116.2064,0.4875,1.0,0.0,13,8,4,0.0206,0.0986,0.2638,0.2562,0.0096,True,1.0,0.0,25.0,2.0,0.0,1.0,4.0,0.92,0.4256,"LINESTRING (-116.206642 43.611426, -116.206295 43.611246, -116.206199 43.611183)"
1801,7259690320,7259690330,0,nan,footway,40.9,43.611,-116.2063,0.8141,1.0,0.0,15,7,5,0.0238,0.072,0.2842,0.2568,0.0116,True,1.0,0.0,25.0,2.0,0.0,1.0,4.0,0.92,0.5796,"LINESTRING (-116.206484 43.610878, -116.206446 43.61092, -116.206271 43.611101, -116.206199 43.611183)"
1802,7259690327,7259690330,0,nan,footway,40.6,43.6107,-116.2066,1.3419,0.3333,0.0,14,7,5,0.1868,0.0722,0.298,0.1644,0.003,True,1.0,0.0,25.0,2.0,0.0,1.0,8.0,0.92,1.0,"LINESTRING (-116.206484 43.610878, -116.206523 43.610837, -116.206763 43.610591, -116.206781 43.610585)"
1803,7259690333,7259690336,0,nan,footway,47.4,43.6109,-116.2075,0.7722,1.0,6.9294,12,1,5,0.1294,0.165,0.1088,0.3104,0.011,True,1.0,0.0,25.0,2.0,0.0,1.0,12.0,0.92,0.5923,"LINESTRING (-116.207717 43.611066, -116.207699 43.611026, -116.207403 43.610878, -116.207284 43.610818, -116.207258 43.610819)"
1804,7259690336,7259690338,0,nan,footway,82.4,43.6114,-116.2074,1.3241,1.0,6.9294,17,2,5,0.0405,0.1447,0.3201,0.2056,0.009,True,1.0,0.0,25.0,2.0,0.0,1.0,13.0,0.92,0.8439,"LINESTRING (-116.20715 43.611683, -116.207688 43.611101, -116.207717 43.611066)"
1805,7265439951,7265439952,0,nan,footway,41.3,43.6239,-116.2094,0.0613,1.0,4.8723,12,0,5,,,,,,False,1.0,0.0,25.0,2.0,0.0,1.0,8.0,0.92,0.1822,"LINESTRING (-116.209213 43.624095, -116.209481 43.623809, -116.2095 43.623788)"
1806,7265439952,7265445260,0,nan,footway,37.1,43.624,-116.209,0.0419,1.0,4.8723,11,0,4,,,,,,False,1.0,0.0,25.0,2.0,0.0,1.0,9.0,0.92,0.127,"LINESTRING (-116.208835 43.623903, -116.209213 43.624095)"
1807,7265439958,7265439959,0,nan,footway,40.2,43.6232,-116.2087,0.049,0.3333,0.0,26,3,6,,,,,,False,1.0,0.0,25.0,2.0,0.0,1.0,12.0,0.92,0.4144,"LINESTRING (-116.208833 43.623005, -116.208558 43.623286, -116.208545 43.623299)"
1808,7265439958,7265445257,0,nan,footway,37.1,43.6234,-116.2084,0.0522,1.0,4.7803,21,1,5,,,,,,False,1.0,0.0,25.0,2.0,0.0,1.0,13.0,0.92,0.2415,"LINESTRING (-116.208281 43.623573, -116.208521 43.623325, -116.208545 43.623299)"
1809,7265439959,7265439964,0,nan,footway,28.0,43.6231,-116.209,0.0172,0.5,7.0596,26,3,6,,,,,,False,1.0,0.0,25.0,2.0,0.0,1.0,10.0,0.92,0.5666,"LINESTRING (-116.209122 43.623145, -116.209061 43.623116, -116.208833 43.623005)"
1810,7265439964,7265439965,0,nan,footway,29.3,43.6232,-116.2093,0.2077,1.0,7.0596,21,0,5,,,,,,False,1.0,0.0,25.0,2.0,0.0,1.0,8.0,0.92,0.2356,"LINESTRING (-116.20942 43.623296, -116.209402 43.623285, -116.209189 43.623176, -116.209122 43.623145)"
1811,7265439971,7265445201,0,nan,footway,38.0,43.6228,-116.2084,0.3337,1.0,5.3175,14,3,5,,,,,,False,1.0,0.0,25.0,2.0,0.0,1.0,13.0,0.92,0.4889,"LINESTRING (-116.208252 43.622704, -116.208313 43.622737, -116.20839 43.622773, -116.208591 43.622872, -116.208624 43.622889, -116.208638 43.6229)"
1812,7265439979,7265439980,0,nan,footway,42.3,43.6233,-116.2082,0.0204,1.0,5.6057,22,1,4,,,,,,False,1.0,0.0,25.0,2.0,0.0,1.0,13.0,0.92,0.1867,"LINESTRING (-116.208343 43.623197, -116.208316 43.623207, -116.20803 43.6235)"
1813,7265439980,7265439981,0,nan,footway,29.7,43.6231,-116.2085,0.1567,1.0,5.1783,21,3,5,,,,,,False,1.0,0.0,25.0,2.0,0.0,1.0,10.0,0.92,0.3906,"LINESTRING (-116.208569 43.622991, -116.208382 43.623182, -116.208343 43.623197)"
1814,7265445186,7265445193,0,nan,footway,40.7,43.6231,-116.2073,0.0043,0.3333,6.9724,11,0,5,,,,,,False,1.0,0.0,25.0,2.0,0.0,1.0,9.0,0.92,0.4158,"LINESTRING (-116.207488 43.623224, -116.207372 43.623165, -116.207073 43.623014)"
1815,7265445186,7265445191,0,nan,footway,42.1,43.6229,-116.2072,0.0082,0.3333,4.6805,5,1,8,,,,,,False,1.0,0.0,25.0,2.0,0.0,1.0,11.0,0.92,0.6915,"LINESTRING (-116.207368 43.622702, -116.207347 43.622723, -116.207073 43.623014)"
1816,7265445193,7265445195,0,nan,footway,44.9,43.6233,-116.2077,0.0084,1.0,6.2037,23,1,6,,,,,,False,1.0,0.0,25.0,2.0,0.0,1.0,10.0,0.92,0.2946,"LINESTRING (-116.207945 43.623456, -116.207656 43.623311, -116.207488 43.623224)"
1817,7265445197,7265445201,0,nan,footway,45.1,43.6226,-116.208,0.0125,1.0,5.5958,7,4,6,,,,,,False,1.0,0.0,25.0,2.0,0.0,1.0,14.0,0.92,0.4982,"LINESTRING (-116.208252 43.622704, -116.208196 43.622675, -116.207992 43.622571, -116.207821 43.622484, -116.207796 43.622469)"
1818,7265445208,7265445210,0,nan,footway,61.0,43.6247,-116.2089,0.0082,1.0,7.7546,14,3,4,,,,,,False,1.0,0.0,25.0,2.0,0.0,1.0,11.0,0.92,0.343,"LINESTRING (-116.209125 43.624523, -116.209098 43.624553, -116.208692 43.624974)"
1819,7265445211,7265445255,0,nan,footway,77.3,43.6247,-116.2081,0.0135,1.0,10.5542,11,0,5,,,,,,False,1.0,0.0,25.0,2.0,0.0,1.0,11.0,0.92,0.2403,"LINESTRING (-116.207688 43.624464, -116.208478 43.624858)"
1820,7265445211,7265445214,0,nan,footway,41.0,43.6247,-116.2086,0.0075,1.0,10.8075,8,1,4,,,,,,False,1.0,0.0,25.0,2.0,0.0,1.0,8.0,0.92,0.3086,"LINESTRING (-116.208767 43.624555, -116.208755 43.624568, -116.208478 43.624858)"
1821,7265445214,7265445215,0,nan,footway,41.1,43.6244,-116.2089,0.2377,1.0,5.6453,14,2,4,,,,,,False,1.0,0.0,25.0,2.0,0.0,1.0,8.0,0.92,0.3614,"LINESTRING (-116.20906 43.624252, -116.208783 43.624538, -116.208767 43.624555)"
1822,7265445215,7265445216,0,nan,footway,94.2,43.624,-116.2086,0.0395,1.0,6.1313,29,0,4,,,,,,False,1.0,0.0,25.0,2.0,0.0,1.0,19.0,0.92,0.0821,"LINESTRING (-116.208098 43.623769, -116.20906 43.624252)"
1823,7265445216,7265445219,0,nan,footway,40.6,43.6239,-116.208,0.0167,1.0,5.7925,22,0,4,,,,,,False,1.0,0.0,25.0,2.0,0.0,1.0,11.0,0.92,0.0868,"LINESTRING (-116.207813 43.62407, -116.20783 43.624052, -116.208098 43.623769)"
1824,7265445219,7265445220,0,nan,footway,41.8,43.6242,-116.2077,0.0506,1.0,4.7213,11,0,5,,,,,,False,1.0,0.0,25.0,2.0,0.0,1.0,7.0,0.92,0.1809,"LINESTRING (-116.207515 43.624378, -116.207781 43.624104, -116.207813 43.62407)"
1825,7265445237,7265445240,0,nan,footway,42.4,43.6257,-116.2129,0.0123,1.0,7.0088,6,0,2,,,,,,False,1.0,0.0,25.0,2.0,0.0,1.0,7.0,0.92,0.0795,"LINESTRING (-116.213043 43.625572, -116.213019 43.625596, -116.212742 43.625885)"
1826,7265445240,7265445241,0,nan,footway,40.4,43.6254,-116.2132,0.0229,1.0,5.4677,13,2,2,,,,,,False,1.0,0.0,25.0,2.0,0.0,1.0,7.0,0.92,0.1732,"LINESTRING (-116.213328 43.625272, -116.213056 43.625558, -116.213043 43.625572)"
1827,7265445246,7265445249,0,nan,footway,40.6,43.6255,-116.2134,0.005,1.0,5.3851,10,0,2,,,,,,False,1.0,0.0,25.0,2.0,0.0,1.0,7.0,0.92,0.0211,"LINESTRING (-116.213227 43.625665, -116.213238 43.625654, -116.213515 43.625365)"
1828,7265445249,7265445250,0,nan,footway,42.3,43.6258,-116.2131,0.0416,1.0,5.2358,5,0,2,,,,,,False,1.0,0.0,25.0,2.0,0.0,1.0,7.0,0.92,0.0754,"LINESTRING (-116.212928 43.625978, -116.213199 43.625695, -116.213227 43.625665)"
1829,7265445250,7369591348,0,nan,footway,90.5,43.6262,-116.2134,0.0162,1.0,5.5821,2,0,2,,,,,,False,1.0,0.0,25.0,2.0,0.0,1.0,12.0,0.92,0.1199,"LINESTRING (-116.213425 43.626604, -116.213428 43.626232, -116.213377 43.626204, -116.212928 43.625978)"
1830,7273021132,8223171191,0,nan,footway,83.3,43.6257,-116.2111,0.0099,1.0,7.1038,20,8,4,,,,,,False,1.0,0.0,25.0,2.0,0.0,1.0,6.0,0.92,0.4306,"LINESTRING (-116.211421 43.625438, -116.210831 43.626053)"
1831,7273021138,7273021140,0,nan,footway,126.4,43.6266,-116.2099,0.0186,1.0,5.8261,3,0,4,,,,,,False,1.0,0.0,25.0,2.0,0.0,1.0,11.0,0.92,0.2109,"LINESTRING (-116.209165 43.62658, -116.210735 43.62658)"
1832,7273021138,7273021150,0,nan,footway,38.3,43.6264,-116.2107,0.2128,1.0,6.1003,0,0,3,,,,,,False,1.0,0.0,25.0,2.0,0.0,1.0,6.0,0.92,0.3349,"LINESTRING (-116.210732 43.626238, -116.21074 43.626243, -116.210735 43.62658)"
1833,7273021140,7273048186,0,nan,footway,31.1,43.6264,-116.2092,0.0161,1.0,5.6922,4,0,5,,,,,,False,1.0,0.0,25.0,2.0,0.0,1.0,7.0,0.92,0.2454,"LINESTRING (-116.209179 43.626302, -116.209168 43.626329, -116.209165 43.62658)"
1834,7273021145,7273021146,0,nan,footway,40.3,43.6259,-116.2096,0.0209,1.0,6.2266,4,2,4,,,,,,False,1.0,0.0,25.0,2.0,0.0,1.0,8.0,0.92,0.3629,"LINESTRING (-116.209718 43.625723, -116.209446 43.626008, -116.209433 43.626021)"
1835,7273021145,7273048186,0,nan,footway,37.5,43.6262,-116.2093,0.0021,1.0,6.1276,3,0,6,,,,,,False,1.0,0.0,25.0,2.0,0.0,1.0,7.0,0.92,0.3155,"LINESTRING (-116.209179 43.626302, -116.209193 43.62627, -116.209402 43.626054, -116.209433 43.626021)"
1836,7273021146,7273021150,0,nan,footway,99.7,43.626,-116.2102,0.102,1.0,5.9083,15,6,4,,,,,,False,1.0,0.0,25.0,2.0,0.0,1.0,8.0,0.92,0.4321,"LINESTRING (-116.210732 43.626238, -116.209718 43.625723)"
1837,7273021159,7273021162,0,nan,footway,40.1,43.6258,-116.2094,0.0833,1.0,6.1395,4,0,4,,,,,,False,1.0,0.0,25.0,2.0,0.0,1.0,8.0,0.92,0.2252,"LINESTRING (-116.209218 43.625911, -116.209232 43.625896, -116.209502 43.625615)"
1838,7273021159,7273021175,0,nan,footway,68.3,43.6254,-116.2092,0.0324,1.0,5.1849,11,3,4,,,,,,False,1.0,0.0,25.0,2.0,0.0,1.0,11.0,0.92,0.3316,"LINESTRING (-116.208808 43.625263, -116.209377 43.625551, -116.209502 43.625615)"
1839,7273021162,7273021163,0,nan,footway,41.9,43.6261,-116.2091,0.002,1.0,6.3717,5,0,6,,,,,,False,1.0,0.0,25.0,2.0,0.0,1.0,7.0,0.92,0.2905,"LINESTRING (-116.208918 43.626219, -116.209194 43.625936, -116.209218 43.625911)"
1840,7273021163,7273021166,0,nan,footway,93.0,43.626,-116.2084,0.1107,1.0,5.654,17,2,6,,,,,,False,1.0,0.0,25.0,2.0,0.0,1.0,16.0,0.92,0.4057,"LINESTRING (-116.207973 43.625739, -116.207988 43.625751, -116.20866 43.626092, -116.208918 43.626219)"
1841,7273021166,7273021172,0,nan,footway,42.1,43.6256,-116.2081,0.168,1.0,5.4199,16,2,7,,,,,,False,1.0,0.0,25.0,2.0,0.0,1.0,12.0,0.92,0.4816,"LINESTRING (-116.208256 43.625426, -116.208232 43.625452, -116.208082 43.625606, -116.207975 43.625715, -116.207969 43.625726, -116.207973 43.625739)"
1842,7273021172,7273021174,0,nan,footway,36.1,43.6253,-116.2084,0.0262,1.0,4.8391,4,0,4,,,,,,False,1.0,0.0,25.0,2.0,0.0,1.0,10.0,0.92,0.1818,"LINESTRING (-116.208512 43.625159, -116.20827 43.625412, -116.208256 43.625426)"
1843,7273021173,7273021175,0,nan,footway,26.1,43.6252,-116.2087,0.0223,1.0,4.2494,7,2,4,,,,,,False,1.0,0.0,25.0,2.0,0.0,1.0,7.0,0.92,0.2969,"LINESTRING (-116.208808 43.625263, -116.208542 43.625128)"
1844,7273048195,12753799585,0,nan,footway,26.5,43.6266,-116.2088,0.1323,0.5,6.2106,3,0,5,,,,,,False,1.0,0.0,25.0,2.0,0.0,1.0,11.0,0.92,0.4778,"LINESTRING (-116.2086 43.626577, -116.208872 43.626577, -116.208904 43.626571, -116.208923 43.62656)"
1845,7273048198,7273048214,0,nan,footway,94.2,43.6248,-116.2078,0.0273,1.0,5.0186,14,0,5,,,,,,False,1.0,0.0,25.0,2.0,0.0,1.0,16.0,0.92,0.1615,"LINESTRING (-116.207367 43.624533, -116.208327 43.625018)"
1846,7273048198,7273048201,0,nan,footway,40.5,43.6252,-116.2082,0.1085,1.0,4.8139,4,0,5,,,,,,False,1.0,0.0,25.0,2.0,0.0,1.0,9.0,0.92,0.2667,"LINESTRING (-116.208041 43.625317, -116.208051 43.625307, -116.208327 43.625018)"
1847,7273048201,7273048202,0,nan,footway,42.1,43.6255,-116.2079,0.2455,1.0,6.2278,10,1,7,,,,,,False,1.0,0.0,25.0,2.0,0.0,1.0,12.0,0.92,0.4955,"LINESTRING (-116.207741 43.625627, -116.208018 43.62534, -116.208041 43.625317)"
1848,7273048202,7273048206,0,nan,footway,84.6,43.6254,-116.2073,0.1133,1.0,5.0999,15,1,7,,,,,,False,1.0,0.0,25.0,2.0,0.0,1.0,17.0,0.92,0.3998,"LINESTRING (-116.206881 43.625189, -116.20746 43.625482, -116.207741 43.625627)"
1849,7273048207,7273048209,0,nan,footway,27.2,43.6249,-116.207,0.0112,1.0,5.2211,11,0,4,,,,,,False,1.0,0.0,25.0,2.0,0.0,1.0,10.0,0.92,0.1211,"LINESTRING (-116.20708 43.624832, -116.207054 43.624858, -116.206886 43.625032)"
1850,7273048209,7273048214,0,nan,footway,40.4,43.6247,-116.2072,0.0105,1.0,5.2211,11,0,5,,,,,,False,1.0,0.0,25.0,2.0,0.0,1.0,11.0,0.92,0.1741,"LINESTRING (-116.207367 43.624533, -116.207094 43.624819, -116.20708 43.624832)"
1851,7301879782,7974923022,0,South Elm Street,residential,35.1,43.6058,-116.1862,0.0,1.0,5.6903,1,0,0,,,,,,False,0.0,2.0,25.0,2.0,0.179,0.5,5.0,0.881,0.0373,"LINESTRING (-116.186325 43.605629, -116.186103 43.6059)"
1852,7301879783,7301927287,0,South Elm Street,residential,28.1,43.6061,-116.1859,0.0,1.0,6.5019,2,0,0,,,,,,False,0.0,2.0,25.0,2.0,0.179,0.5,6.0,0.881,0.0209,"LINESTRING (-116.185856 43.606204, -116.186033 43.605987)"
1853,7301927285,7301927289,0,East Lewis Street,residential,31.3,43.6062,-116.1853,0.1809,0.5,0.0,1,0,0,,,,,,False,0.0,2.0,25.0,2.0,0.179,0.5,4.0,0.881,0.0719,"LINESTRING (-116.185471 43.606245, -116.185139 43.606099)"
1854,7344113947,7344123845,0,nan,footway,41.4,43.6199,-116.2045,0.5237,0.0,0.0,8,0,9,,,,,,False,1.0,0.0,25.0,2.0,0.0,1.0,18.0,0.92,0.7425,"LINESTRING (-116.204369 43.620045, -116.204587 43.619822, -116.20463 43.619771, -116.204649 43.619734)"
1855,7344113951,7344123845,0,nan,footway,41.3,43.6202,-116.2042,0.2003,0.0,0.0,4,0,9,,,,,,False,1.0,0.0,25.0,2.0,0.0,1.0,15.0,0.92,0.6577,"LINESTRING (-116.204369 43.620045, -116.204337 43.620077, -116.204073 43.620348)"
1856,7344113955,7344113961,0,nan,footway,41.6,43.6197,-116.2032,0.1701,1.0,6.2016,8,1,9,,,,,,False,1.0,0.0,25.0,2.0,0.0,1.0,12.0,0.92,0.5862,"LINESTRING (-116.203381 43.619545, -116.203361 43.619563, -116.203089 43.619853)"
1857,7344113955,7344123841,0,nan,footway,34.4,43.6199,-116.2033,0.1743,1.0,6.2016,8,2,9,,,,,,False,1.0,0.0,25.0,2.0,0.0,1.0,10.0,0.92,0.6472,"LINESTRING (-116.203442 43.620028, -116.203275 43.619944, -116.203097 43.619856, -116.203089 43.619853)"
1858,7344113961,7344113979,0,nan,footway,40.5,43.6194,-116.2035,0.3121,0.3333,6.2016,7,2,9,,,,,,False,1.0,0.0,25.0,2.0,0.0,1.0,8.0,0.92,0.9272,"LINESTRING (-116.203679 43.619252, -116.203414 43.619515, -116.203381 43.619545)"
1859,7344113962,7344113963,0,nan,footway,42.8,43.6194,-116.204,0.0759,1.0,8.1954,6,0,10,,,,,,False,1.0,0.0,25.0,2.0,0.0,1.0,12.0,0.92,0.5446,"LINESTRING (-116.20425 43.619524, -116.203812 43.619305)"
1860,7344113981,7344123840,0,nan,footway,40.4,43.6193,-116.2033,0.4115,1.0,0.0,7,2,10,,,,,,False,1.0,0.0,25.0,2.0,0.0,1.0,9.0,0.92,0.5939,"LINESTRING (-116.20318 43.619444, -116.203464 43.619143)"
1861,7344113981,7344123791,0,nan,footway,93.4,43.6189,-116.203,0.4492,1.0,0.0,103,5,10,,,,,,False,1.0,0.0,25.0,2.0,0.0,1.0,17.0,0.92,0.5299,"LINESTRING (-116.202519 43.618657, -116.203341 43.619079, -116.203464 43.619143)"
1862,7344113982,7344123840,0,nan,footway,41.1,43.6196,-116.203,0.2252,0.3333,0.0,11,2,9,,,,,,False,1.0,0.0,25.0,2.0,0.0,1.0,11.0,0.92,0.6576,"LINESTRING (-116.20318 43.619444, -116.202892 43.619748)"
1863,7344113983,7344123836,0,nan,footway,42.8,43.6194,-116.2021,0.1228,0.0,0.0,10,0,9,,,,,,False,1.0,0.0,25.0,2.0,0.0,1.0,14.0,0.92,0.5721,"LINESTRING (-116.202367 43.619484, -116.201931 43.619264)"
1864,7344113984,7344123835,0,nan,footway,41.2,43.6188,-116.2024,1.7867,1.0,0.0,15,6,10,,,,,,False,1.0,0.0,25.0,2.0,0.0,1.0,10.0,0.92,1.0,"LINESTRING (-116.202221 43.618958, -116.202511 43.618652)"
1865,7344123800,7344123816,0,nan,footway,94.5,43.6197,-116.2023,0.2359,1.0,8.2205,13,2,9,,,,,,False,1.0,0.0,25.0,2.0,0.0,1.0,18.0,0.92,0.6661,"LINESTRING (-116.20178 43.619418, -116.202682 43.619877, -116.202742 43.619905)"
1866,7344123802,7344223545,0,nan,footway,36.3,43.6201,-116.2026,0.2115,1.0,8.2205,13,2,9,,,,,,False,1.0,0.0,25.0,2.0,0.0,1.0,9.0,0.92,0.6566,"LINESTRING (-116.202746 43.619929, -116.202748 43.619944, -116.202508 43.620201)"
1867,7344123817,7344123820,0,nan,footway,39.8,43.6196,-116.2016,0.2614,1.0,8.815,7,0,9,,,,,,False,1.0,0.0,25.0,2.0,0.0,1.0,12.0,0.92,0.5611,"LINESTRING (-116.20147 43.619712, -116.201488 43.619696, -116.201754 43.619419)"
1868,7344123820,7400067315,0,nan,footway,41.5,43.6199,-116.2013,0.2804,1.0,10.004,3,0,9,,,,,,False,1.0,0.0,25.0,2.0,0.0,1.0,7.0,0.92,0.6293,"LINESTRING (-116.201164 43.620013, -116.201451 43.61973, -116.20147 43.619712)"
1869,7344123821,7344123832,0,West Washington Street,footway,104.7,43.6203,-116.2017,0.1156,1.0,9.7177,3,0,8,,,,,,False,1.0,0.0,25.0,2.0,0.0,1.0,10.0,0.92,0.509,"LINESTRING (-116.2022 43.620549, -116.202188 43.620553, -116.201967 43.620442, -116.201905 43.620448, -116.201142 43.620073, -116.201109 43.620068)"
1870,7344123824,7344123826,0,nan,footway,35.8,43.6209,-116.2006,0.0044,1.0,10.0212,5,0,8,,,,,,False,1.0,0.0,25.0,2.0,0.0,1.0,6.0,0.92,0.4401,"LINESTRING (-116.200824 43.620973, -116.200459 43.620788)"
1871,7344123824,7400067353,0,nan,footway,81.7,43.6205,-116.2007,0.0154,1.0,9.8048,6,1,8,,,,,,False,1.0,0.0,25.0,2.0,0.0,1.0,10.0,0.92,0.5329,"LINESTRING (-116.201012 43.620174, -116.20075 43.620462, -116.20073 43.620506, -116.200459 43.620788)"
1872,7344123826,8223342680,0,nan,footway,57.7,43.6211,-116.2011,0.0049,0.25,10.0212,3,0,9,,,,,,False,1.0,0.0,25.0,2.0,0.0,1.0,6.0,0.92,0.7673,"LINESTRING (-116.20141 43.621271, -116.200824 43.620973)"
1873,7344123827,8223342640,0,North 10th Street,footway,71.8,43.621,-116.2019,0.0075,1.0,9.9542,4,0,9,,,,,,False,1.0,0.0,25.0,2.0,0.0,1.0,6.0,0.92,0.5067,"LINESTRING (-116.202208 43.620767, -116.20215 43.620735, -116.201679 43.621221)"
1874,7344123827,13680579650,0,nan,footway,26.5,43.6213,-116.2017,0.003,1.0,10.8355,2,0,9,,,,,,False,1.0,0.0,25.0,2.0,0.0,1.0,3.0,0.92,0.5489,"LINESTRING (-116.201644 43.621395, -116.201742 43.621313, -116.2017 43.621289, -116.201732 43.621254, -116.201679 43.621221)"
1875,7344223504,7344223505,0,nan,footway,34.2,43.6206,-116.2038,0.2011,0.0,0.0,13,0,8,,,,,,False,1.0,0.0,25.0,2.0,0.0,1.0,15.0,0.92,0.5325,"LINESTRING (-116.203667 43.62075, -116.203914 43.6205)"
1876,7344223504,7344223533,0,nan,footway,94.4,43.6203,-116.2034,0.2053,0.6667,12.8398,16,2,9,,,,,,False,1.0,0.0,25.0,2.0,0.0,1.0,24.0,0.92,0.7922,"LINESTRING (-116.202949 43.620018, -116.20346 43.620271, -116.2037 43.62039, -116.203914 43.6205)"
1877,7344223516,7344223520,0,nan,footway,39.8,43.621,-116.2035,0.0037,0.0,0.0,6,1,8,,,,,,False,1.0,0.0,25.0,2.0,0.0,1.0,14.0,0.92,0.6056,"LINESTRING (-116.203393 43.621147, -116.2036 43.620934, -116.203648 43.620878, -116.203661 43.620862, -116.20366 43.620849)"
1878,7344223522,7344223530,0,nan,footway,42.4,43.6211,-116.2031,0.0065,0.3333,12.8398,6,0,8,,,,,,False,1.0,0.0,25.0,2.0,0.0,1.0,11.0,0.92,0.6721,"LINESTRING (-116.203018 43.620952, -116.202996 43.620975, -116.202982 43.620997, -116.20298 43.621006, -116.202986 43.621013, -116.203024 43.621034, -116.203262 43.621154, -116.203305 43.621178, -116.203341 43.621185)"
1879,7344223530,7344223531,0,nan,footway,37.1,43.6208,-116.2031,0.0,1.0,12.8398,8,2,9,,,,,,False,1.0,0.0,25.0,2.0,0.0,1.0,10.0,0.92,0.6478,"LINESTRING (-116.203282 43.620678, -116.203018 43.620952)"
1880,7344223534,7344223536,0,nan,footway,81.1,43.6203,-116.2026,0.0735,1.0,12.8398,15,2,10,,,,,,False,1.0,0.0,25.0,2.0,0.0,1.0,12.0,0.92,0.6893,"LINESTRING (-116.20236 43.620623, -116.20286 43.620106, -116.202933 43.620023)"
1881,7344223536,7344223539,0,nan,footway,59.5,43.6208,-116.2027,0.0035,1.0,12.8398,9,2,8,,,,,,False,1.0,0.0,25.0,2.0,0.0,1.0,8.0,0.92,0.5885,"LINESTRING (-116.202968 43.620927, -116.202938 43.620912, -116.202454 43.620665, -116.20236 43.620623)"
1882,7344223554,7344223557,0,nan,footway,36.1,43.6207,-116.204,0.3749,0.0,0.0,12,1,8,,,,,,False,1.0,0.0,25.0,2.0,0.0,1.0,16.0,0.92,0.7069,"LINESTRING (-116.20386 43.620877, -116.204065 43.620664, -116.204114 43.620609)"
1883,7344223561,7344223563,0,nan,footway,42.0,43.621,-116.2037,0.0043,0.3333,8.1392,9,1,8,,,,,,False,1.0,0.0,25.0,2.0,0.0,1.0,12.0,0.92,0.704,"LINESTRING (-116.203508 43.621199, -116.203746 43.620954, -116.203804 43.620929, -116.203829 43.620907)"
1884,7344223574,7344240199,0,nan,footway,25.4,43.621,-116.205,0.011,1.0,6.8537,20,1,8,,,,,,False,1.0,0.0,25.0,2.0,0.0,1.0,14.0,0.92,0.4206,"LINESTRING (-116.205088 43.621096, -116.204829 43.620966)"
1885,7344223575,7344223577,0,nan,footway,32.0,43.6213,-116.2049,0.0,1.0,6.7748,18,1,9,,,,,,False,1.0,0.0,25.0,2.0,0.0,1.0,13.0,0.92,0.4755,"LINESTRING (-116.204799 43.621399, -116.204815 43.621382, -116.204944 43.621245, -116.205027 43.621164)"
1886,7344223577,7344240188,0,nan,footway,42.4,43.6216,-116.2047,0.0568,1.0,8.074,10,0,9,,,,,,False,1.0,0.0,25.0,2.0,0.0,1.0,6.0,0.92,0.4508,"LINESTRING (-116.204544 43.621723, -116.204754 43.621502, -116.204769 43.621487, -116.204771 43.621481, -116.204771 43.621476, -116.204771 43.62147, -116.20477 43.621463, -116.204769 43.621451, -116.204769 43.621437, -116.204772 43.62143, -116.204774 43.621425, -116.204778 43.62142, -116.204799 43.621399)"
1887,7344240189,11902455617,0,nan,footway,53.3,43.6216,-116.2042,0.032,1.0,7.8788,6,0,10,,,,,,False,1.0,0.0,25.0,2.0,0.0,1.0,6.0,0.92,0.5238,"LINESTRING (-116.203964 43.62143, -116.204507 43.621705)"
1888,7344240202,9262348091,0,nan,footway,58.1,43.6184,-116.202,0.2462,1.0,0.0,31,7,9,,,,,,False,1.0,0.0,25.0,2.0,0.0,1.0,10.0,0.92,0.5224,"LINESTRING (-116.201703 43.618232, -116.201788 43.618272, -116.201999 43.618378, -116.202297 43.618528)"
1889,7344240203,7344240207,0,nan,footway,40.3,43.6187,-116.2022,2.1791,1.0,0.0,25,5,10,,,,,,False,1.0,0.0,25.0,2.0,0.0,1.0,11.0,0.92,1.0,"LINESTRING (-116.202008 43.61885, -116.202297 43.618554)"
1890,7344240204,7344240207,0,nan,footway,40.6,43.619,-116.2019,1.9654,1.0,5.6355,12,2,9,,,,,,False,1.0,0.0,25.0,2.0,0.0,1.0,12.0,0.92,1.0,"LINESTRING (-116.202008 43.61885, -116.201717 43.619148)"
1891,7344240210,7344240230,0,nan,footway,40.8,43.6185,-116.2009,1.563,0.0,0.0,7,0,9,,,,,,False,1.0,0.0,25.0,2.0,0.0,1.0,8.0,0.92,1.0,"LINESTRING (-116.201043 43.618362, -116.201012 43.618392, -116.200781 43.618618, -116.200763 43.618665)"
1892,7344240210,9262348092,0,nan,footway,49.5,43.6188,-116.201,0.7803,0.3333,5.6355,10,3,8,,,,,,False,1.0,0.0,25.0,2.0,0.0,1.0,12.0,0.92,1.0,"LINESTRING (-116.20126 43.61892, -116.20121 43.618893, -116.200767 43.618681, -116.200763 43.618665)"
1893,7369591343,7369591348,0,nan,footway,117.8,43.627,-116.214,0.0092,1.0,4.6739,5,0,4,,,,,,False,1.0,0.0,25.0,2.0,0.0,1.0,11.0,0.92,0.1594,"LINESTRING (-116.213425 43.626604, -116.213468 43.626633, -116.213697 43.626793, -116.214123 43.627082, -116.214491 43.62733)"
1894,7369591355,7369591357,0,nan,footway,117.0,43.6278,-116.2152,0.0167,1.0,5.5966,1,0,3,,,,,,False,1.0,0.0,25.0,2.0,0.0,1.0,10.0,0.92,0.202,"LINESTRING (-116.21569 43.628141, -116.215111 43.627752, -116.214628 43.627423)"
1895,7369591357,7369591361,0,nan,footway,43.2,43.628,-116.2159,0.0169,1.0,5.3497,0,0,2,,,,,,False,1.0,0.0,25.0,2.0,0.0,1.0,5.0,0.92,0.1936,"LINESTRING (-116.216056 43.627857, -116.21604 43.62787, -116.21569 43.628141)"
1896,7369591360,7369591361,0,nan,footway,65.0,43.6276,-116.2163,0.1006,1.0,4.0706,0,0,2,,,,,,False,1.0,0.0,25.0,2.0,0.0,1.0,5.0,0.92,0.2026,"LINESTRING (-116.216056 43.627857, -116.216447 43.627556, -116.216602 43.627426)"
1897,7369591370,7369614686,0,nan,footway,123.2,43.6279,-116.2173,0.1587,1.0,4.989,5,0,2,,,,,,False,1.0,0.0,25.0,2.0,0.0,1.0,5.0,0.92,0.1169,"LINESTRING (-116.217856 43.628284, -116.21674 43.627526)"
1898,7369591370,7369591375,0,nan,footway,64.5,43.6277,-116.2165,0.0271,1.0,4.6556,0,0,2,,,,,,False,1.0,0.0,25.0,2.0,0.0,1.0,5.0,0.92,0.1854,"LINESTRING (-116.216192 43.62795, -116.216214 43.627935, -116.216625 43.627618, -116.216683 43.627572, -116.21674 43.627526)"
1899,7369591375,7369591377,0,nan,footway,43.4,43.6281,-116.216,0.1046,1.0,5.313,0,0,2,,,,,,False,1.0,0.0,25.0,2.0,0.0,1.0,5.0,0.92,0.2271,"LINESTRING (-116.215826 43.628237, -116.215916 43.628167, -116.216176 43.627962, -116.216192 43.62795)"
1900,7369591377,7369591380,0,nan,footway,122.9,43.6286,-116.2164,0.0389,1.0,5.5067,0,0,2,,,,,,False,1.0,0.0,25.0,2.0,0.0,1.0,16.0,0.92,0.2047,"LINESTRING (-116.216942 43.628992, -116.216529 43.628713, -116.215924 43.6283, -116.215826 43.628237)"
1901,7369591380,7369591382,0,nan,footway,42.7,43.6289,-116.2171,0.0136,1.0,5.08,1,0,2,,,,,,False,1.0,0.0,25.0,2.0,0.0,1.0,8.0,0.92,0.139,"LINESTRING (-116.21731 43.628715, -116.217051 43.628911, -116.216942 43.628992)"
1902,7369591382,7369614686,0,nan,footway,65.1,43.6285,-116.2176,0.0202,1.0,4.871,2,0,2,,,,,,False,1.0,0.0,25.0,2.0,0.0,1.0,6.0,0.92,0.1095,"LINESTRING (-116.217856 43.628284, -116.217785 43.628336, -116.217431 43.628607, -116.217335 43.62869, -116.21731 43.628715)"
1903,7369614697,7369614706,0,nan,footway,44.1,43.6287,-116.2176,0.0109,1.0,6.934,2,0,3,,,,,,False,1.0,0.0,25.0,2.0,0.0,1.0,6.0,0.92,0.1907,"LINESTRING (-116.21744 43.628804, -116.217742 43.628569, -116.217805 43.628522, -116.217819 43.628523)"
1904,7369614697,7373765804,0,nan,footway,146.2,43.629,-116.2185,0.1559,1.0,5.6114,2,0,4,,,,,,False,1.0,0.0,25.0,2.0,0.0,1.0,8.0,0.92,0.2813,"LINESTRING (-116.219148 43.62942, -116.218945 43.629285, -116.218162 43.628758, -116.217819 43.628523)"
1905,7369614701,7369614706,0,nan,footway,42.8,43.6289,-116.2173,0.0316,1.0,5.9261,1,0,2,,,,,,False,1.0,0.0,25.0,2.0,0.0,1.0,9.0,0.92,0.1598,"LINESTRING (-116.21744 43.628804, -116.217079 43.629086)"
1906,7369614701,7373765800,0,nan,footway,147.0,43.6295,-116.2177,0.0177,1.0,5.5475,1,0,4,,,,,,False,1.0,0.0,25.0,2.0,0.0,1.0,10.0,0.92,0.2549,"LINESTRING (-116.218413 43.629989, -116.218228 43.629863, -116.217802 43.629576, -116.217415 43.629314, -116.217079 43.629086)"
1907,7369614714,7369614715,0,nan,footway,44.7,43.6297,-116.2191,0.0,1.0,5.3193,2,0,4,,,,,,False,1.0,0.0,25.0,2.0,0.0,1.0,3.0,0.92,0.2158,"LINESTRING (-116.219285 43.629513, -116.218909 43.629805, -116.218906 43.629808)"
1908,7373765800,7373765803,0,nan,footway,41.9,43.6299,-116.2186,0.0,1.0,5.2126,0,0,4,,,,,,False,1.0,0.0,25.0,2.0,0.0,1.0,3.0,0.92,0.2911,"LINESTRING (-116.218769 43.629714, -116.218742 43.629735, -116.218413 43.629989)"
1909,7373765803,7373765804,0,nan,footway,44.7,43.6296,-116.219,0.0191,1.0,5.8373,0,0,4,,,,,,False,1.0,0.0,25.0,2.0,0.0,1.0,3.0,0.92,0.3086,"LINESTRING (-116.219148 43.62942, -116.218774 43.62971, -116.218769 43.629714)"
1910,7373765812,8228573522,0,nan,footway,54.5,43.6289,-116.2166,0.0052,1.0,4.5258,0,0,2,,,,,,False,1.0,0.0,25.0,2.0,0.0,1.0,11.0,0.92,0.1744,"LINESTRING (-116.216324 43.628758, -116.216812 43.629098)"
1911,7373765816,7373765822,0,nan,footway,73.4,43.6266,-116.2128,0.0155,1.0,5.3559,0,0,2,,,,,,False,1.0,0.0,25.0,2.0,0.0,1.0,12.0,0.92,0.1931,"LINESTRING (-116.212344 43.62658, -116.21253 43.626579, -116.212855 43.626579, -116.213013 43.62658, -116.213255 43.62658)"
1912,7373765819,7373765820,0,nan,footway,52.7,43.6262,-116.2131,0.0155,1.0,5.4085,2,0,2,,,,,,False,1.0,0.0,25.0,2.0,0.0,1.0,11.0,0.92,0.1168,"LINESTRING (-116.21325 43.62641, -116.213248 43.62633, -116.212804 43.626103)"
1913,7373765826,11836069385,0,nan,footway,39.8,43.6263,-116.2126,0.0161,1.0,5.3404,2,0,2,,,,,,False,1.0,0.0,25.0,2.0,0.0,1.0,13.0,0.92,0.1159,"LINESTRING (-116.212783 43.626125, -116.212501 43.62642)"
1914,7400056075,7400056082,0,nan,footway,39.0,43.6192,-116.2014,0.2718,1.0,7.255,7,0,8,,,,,,False,1.0,0.0,25.0,2.0,0.0,1.0,12.0,0.92,0.4938,"LINESTRING (-116.201188 43.619118, -116.201218 43.619134, -116.201323 43.619188, -116.201523 43.619287, -116.201567 43.619309, -116.201577 43.619324)"
1915,7400056075,7400067311,0,nan,footway,42.8,43.6195,-116.2014,0.2376,1.0,7.255,7,0,9,,,,,,False,1.0,0.0,25.0,2.0,0.0,1.0,12.0,0.92,0.5337,"LINESTRING (-116.201266 43.619611, -116.201287 43.619589, -116.201294 43.619581, -116.201314 43.619587, -116.201331 43.619587, -116.201347 43.619583, -116.201381 43.619549, -116.201539 43.619378, -116.201573 43.619338, -116.201577 43.619324)"
1916,7400056084,7400067287,0,nan,footway,36.8,43.6189,-116.2008,0.3646,1.0,7.8055,8,0,8,,,,,,False,1.0,0.0,25.0,2.0,0.0,1.0,9.0,0.92,0.5285,"LINESTRING (-116.200597 43.618822, -116.200653 43.618844, -116.200834 43.618938, -116.200923 43.618985, -116.200973 43.61901)"
1917,7400067288,7400067293,0,nan,footway,33.5,43.619,-116.2005,0.2704,1.0,7.8055,4,0,8,,,,,,False,1.0,0.0,25.0,2.0,0.0,1.0,9.0,0.92,0.5331,"LINESTRING (-116.200348 43.619075, -116.200379 43.619044, -116.200476 43.618942, -116.200562 43.618846, -116.200581 43.618826)"
1918,7400067295,7400067298,0,nan,footway,40.3,43.6193,-116.2002,0.3802,0.3333,7.8055,5,1,9,,,,,,False,1.0,0.0,25.0,2.0,0.0,1.0,7.0,0.92,0.9358,"LINESTRING (-116.200017 43.619432, -116.200113 43.619332, -116.200225 43.61921, -116.200286 43.619139, -116.200294 43.61913)"
1919,7400067298,7400067301,0,nan,footway,93.8,43.6197,-116.2005,0.0553,0.6667,9.0672,6,1,8,,,,,,False,1.0,0.0,25.0,2.0,0.0,1.0,15.0,0.92,0.6501,"LINESTRING (-116.200973 43.619915, -116.20056 43.619704, -116.200257 43.619547, -116.200017 43.619432)"
1920,7400067301,7400067311,0,nan,footway,41.2,43.6198,-116.2011,0.056,0.3333,7.255,2,0,9,,,,,,False,1.0,0.0,25.0,2.0,0.0,1.0,7.0,0.92,0.7499,"LINESTRING (-116.201266 43.619611, -116.201247 43.619631, -116.200973 43.619915)"
1921,7400067319,7400067322,0,nan,footway,39.6,43.6202,-116.2007,0.0089,0.3333,8.8089,5,1,8,,,,,,False,1.0,0.0,25.0,2.0,0.0,1.0,7.0,0.92,0.7491,"LINESTRING (-116.20054 43.620368, -116.200549 43.620358, -116.200821 43.620076)"
1922,7400067319,7400067346,0,nan,footway,52.5,43.6199,-116.2006,0.0072,0.3333,15.8941,7,1,8,,,,,,False,1.0,0.0,25.0,2.0,0.0,1.0,8.0,0.92,0.7853,"LINESTRING (-116.200286 43.619806, -116.200327 43.619825, -116.20067 43.620001, -116.200821 43.620076)"
1923,7400067322,7400067324,0,nan,footway,42.4,43.6205,-116.2004,0.0037,1.0,8.8089,5,0,8,,,,,,False,1.0,0.0,25.0,2.0,0.0,1.0,8.0,0.92,0.4276,"LINESTRING (-116.20024 43.620682, -116.20036 43.620551, -116.200514 43.620394, -116.20054 43.620368)"
1924,7400067324,7400067327,0,nan,footway,94.4,43.6204,-116.1998,0.1575,1.0,8.3633,13,1,8,,,,,,False,1.0,0.0,25.0,2.0,0.0,1.0,15.0,0.92,0.5246,"LINESTRING (-116.199283 43.62019, -116.199593 43.620348, -116.199979 43.62055, -116.20024 43.620682)"
1925,7400067328,7400067332,0,nan,footway,41.6,43.62,-116.1994,0.2333,1.0,11.8753,8,1,7,,,,,,False,1.0,0.0,25.0,2.0,0.0,1.0,11.0,0.92,0.5654,"LINESTRING (-116.199564 43.619876, -116.199528 43.619898, -116.199407 43.620022, -116.199268 43.620182)"
1926,7400067332,7400067338,0,nan,footway,40.2,43.6197,-116.1997,0.1104,1.0,15.8941,5,1,8,,,,,,False,1.0,0.0,25.0,2.0,0.0,1.0,10.0,0.92,0.6277,"LINESTRING (-116.199831 43.619577, -116.199817 43.619586, -116.199738 43.619671, -116.199628 43.619789, -116.199609 43.619834, -116.199605 43.619851, -116.199589 43.619862, -116.199564 43.619876)"
1927,7400067340,7400067346,0,nan,footway,43.2,43.6197,-116.2001,0.0485,1.0,15.8941,5,1,8,,,,,,False,1.0,0.0,25.0,2.0,0.0,1.0,6.0,0.92,0.6036,"LINESTRING (-116.200286 43.619806, -116.200252 43.61979, -116.200163 43.619745, -116.200153 43.619697, -116.199927 43.619584, -116.199886 43.619568)"
1928,7400067367,7400067370,0,nan,footway,40.2,43.6192,-116.1999,0.0999,1.0,0.0,13,4,8,,,,,,False,1.0,0.0,25.0,2.0,0.0,1.0,9.0,0.92,0.4014,"LINESTRING (-116.200081 43.619025, -116.200024 43.619084, -116.199967 43.619148, -116.199796 43.619321)"
1929,7400067367,7400067373,0,nan,footway,42.8,43.6192,-116.1996,0.0439,1.0,0.0,9,4,7,,,,,,False,1.0,0.0,25.0,2.0,0.0,1.0,9.0,0.92,0.35,"LINESTRING (-116.19936 43.6191, -116.199389 43.619115, -116.199655 43.619249, -116.199796 43.619321)"
1930,7400067370,7400067414,0,nan,footway,42.5,43.6189,-116.2002,0.3936,1.0,9.2741,3,0,8,,,,,,False,1.0,0.0,25.0,2.0,0.0,1.0,8.0,0.92,0.6129,"LINESTRING (-116.200389 43.618717, -116.200233 43.61889, -116.200186 43.618912, -116.200107 43.618998, -116.200081 43.619025)"
1931,7400067372,7400067373,0,nan,footway,51.6,43.619,-116.1991,0.002,1.0,22.5323,18,9,6,,,,,,False,1.0,0.0,25.0,2.0,0.0,1.0,10.0,0.92,0.6683,"LINESTRING (-116.19936 43.6191, -116.199226 43.619032, -116.199124 43.61898, -116.198834 43.618834)"
1932,7400067376,7400067394,0,nan,footway,45.3,43.6181,-116.1978,0.1469,0.0,0.0,11,1,4,,,,,,False,1.0,0.0,25.0,2.0,0.0,1.0,12.0,0.92,0.4107,"LINESTRING (-116.197976 43.617896, -116.197953 43.617921, -116.197793 43.618085, -116.197681 43.618201, -116.197656 43.618232)"
1933,7400067377,7400067378,0,nan,footway,70.4,43.6185,-116.1981,0.0093,1.0,10.3845,15,5,5,,,,,,False,1.0,0.0,25.0,2.0,0.0,1.0,13.0,0.92,0.479,"LINESTRING (-116.198491 43.618654, -116.198447 43.618631, -116.197803 43.618306, -116.197774 43.618291)"
1934,7400067379,11170194735,0,nan,footway,51.1,43.6186,-116.199,0.0084,1.0,22.5323,24,10,5,,,,,,False,1.0,0.0,25.0,2.0,0.0,1.0,7.0,0.92,0.6123,"LINESTRING (-116.199143 43.61843, -116.198783 43.618808)"
1935,7400067382,7596102662,0,nan,footway,39.9,43.6191,-116.1989,0.0048,0.6667,5.1202,13,7,6,,,,,,False,1.0,0.0,25.0,2.0,0.0,1.0,10.0,0.92,0.6259,"LINESTRING (-116.199092 43.619196, -116.198738 43.619016, -116.198686 43.618991)"
1936,7400067385,8987039976,0,nan,footway,33.2,43.619,-116.1983,0.0334,1.0,9.9329,7,5,6,,,,,,False,1.0,0.0,25.0,2.0,0.0,1.0,8.0,0.92,0.5861,"LINESTRING (-116.198231 43.61913, -116.198261 43.619099, -116.198466 43.618884)"
1937,7400067396,7400067397,0,nan,footway,55.0,43.6178,-116.1985,0.1177,0.0,0.0,8,1,4,,,,,,False,1.0,0.0,25.0,2.0,0.0,1.0,8.0,0.92,0.4195,"LINESTRING (-116.198802 43.617911, -116.198242 43.617626)"
1938,7400067396,11170194736,0,nan,footway,32.1,43.6177,-116.1981,0.182,0.0,0.0,7,0,4,,,,,,False,1.0,0.0,25.0,2.0,0.0,1.0,9.0,0.92,0.3514,"LINESTRING (-116.198009 43.617861, -116.198144 43.617717, -116.198242 43.617626)"
1939,7400067397,11170194737,0,nan,footway,31.8,43.618,-116.1987,0.0,1.0,10.3845,13,3,4,,,,,,False,1.0,0.0,25.0,2.0,0.0,1.0,3.0,0.92,0.3722,"LINESTRING (-116.198579 43.618147, -116.198802 43.617911)"
1940,7400067397,7400067405,0,nan,footway,50.0,43.618,-116.1991,0.1431,0.3333,22.5323,26,10,4,,,,,,False,1.0,0.0,25.0,2.0,0.0,1.0,2.0,0.92,0.8242,"LINESTRING (-116.199309 43.61817, -116.199288 43.61816, -116.198802 43.617911)"
1941,7400067405,11170194735,0,nan,footway,32.3,43.6183,-116.1993,0.167,1.0,22.5323,20,12,5,,,,,,False,1.0,0.0,25.0,2.0,0.0,1.0,2.0,0.92,0.7108,"LINESTRING (-116.199143 43.61843, -116.199255 43.618313, -116.199309 43.61817)"
1942,7400067405,8982376380,0,nan,footway,48.1,43.6183,-116.1996,0.2754,1.0,22.5323,23,12,6,,,,,,False,1.0,0.0,25.0,2.0,0.0,1.0,3.0,0.92,0.7969,"LINESTRING (-116.199802 43.618415, -116.199436 43.61823, -116.199309 43.61817)"
1943,7400067417,8982376380,0,nan,footway,57.2,43.6186,-116.2001,0.0768,1.0,11.9113,10,4,7,,,,,,False,1.0,0.0,25.0,2.0,0.0,1.0,7.0,0.92,0.6246,"LINESTRING (-116.199802 43.618415, -116.199857 43.618444, -116.199996 43.618517, -116.20018 43.618611, -116.200252 43.618629, -116.200391 43.618699)"
1944,7404134520,7404134525,0,nan,footway,53.3,43.6294,-116.2173,0.0117,1.0,0.0,0,0,3,,,,,,False,1.0,0.0,25.0,2.0,0.0,1.0,7.0,0.92,0.0507,"LINESTRING (-116.217023 43.629247, -116.217035 43.629246, -116.217047 43.62925, -116.217091 43.62928, -116.217336 43.629446, -116.217474 43.629547, -116.217508 43.629568)"
1945,7477710196,7477710200,0,nan,footway,64.0,43.6115,-116.2122,0.0,0.75,12.6874,49,1,3,0.0001,0.4146,0.0,0.0008,0.0222,True,1.0,0.0,25.0,2.0,0.0,1.0,2.0,0.92,0.2293,"LINESTRING (-116.212028 43.611751, -116.212052 43.611712, -116.212088 43.611657, -116.212269 43.611388, -116.212376 43.611233)"
1946,7477710200,7477710204,0,nan,path,37.5,43.6119,-116.2119,0.0303,0.0,0.0,21,0,4,,,,,,False,1.0,0.0,25.0,2.0,0.0,1.0,4.0,0.92,0.2212,"LINESTRING (-116.211773 43.612032, -116.211795 43.612009, -116.21191 43.611891, -116.212003 43.611792, -116.212028 43.611751)"
1947,7477710228,7477710239,0,nan,footway,93.6,43.6121,-116.2103,0.0033,1.0,6.9896,12,0,5,,,,,,False,1.0,0.0,25.0,2.0,0.0,1.0,5.0,0.92,0.1919,"LINESTRING (-116.209936 43.612474, -116.210013 43.612382, -116.210013 43.612372, -116.210029 43.61237, -116.210042 43.612362, -116.210053 43.612352, -116.210557 43.611833, -116.210578 43.611812, -116.210587 43.611798, -116.210592 43.611787)"
1948,7477710228,7477710237,0,nan,footway,35.1,43.6117,-116.2104,0.2077,1.0,7.1324,10,0,5,0.0592,0.1206,0.304,0.1294,0.0045,True,1.0,0.0,25.0,2.0,0.0,1.0,4.0,0.92,0.2852,"LINESTRING (-116.210248 43.611602, -116.210398 43.611676, -116.210587 43.611771, -116.210593 43.611778, -116.210592 43.611787)"
1949,7477710237,7477710275,0,nan,footway,79.5,43.6114,-116.2098,1.2585,1.0,7.1324,20,1,6,0.0224,0.4522,0.0446,0.0932,0.0218,True,1.0,0.0,25.0,2.0,0.0,1.0,7.0,0.92,0.8041,"LINESTRING (-116.209336 43.611379, -116.209375 43.611375, -116.209488 43.611376, -116.209536 43.611379, -116.209586 43.611384, -116.209631 43.611389, -116.209675 43.611396, -116.209736 43.611406, -116.20979 43.611417, -116.209832 43.611426, -116.209916 43.611452, -116.210007 43.611482, -116.210134 43.611546, -116.210177 43.611567, -116.210237 43.611596, -116.210248 43.611602)"
1950,7477710240,7477717555,0,nan,footway,81.2,43.6128,-116.2096,0.3078,1.0,6.2756,3,2,4,,,,,,False,1.0,0.0,25.0,2.0,0.0,1.0,8.0,0.92,0.4911,"LINESTRING (-116.209331 43.613084, -116.209354 43.613086, -116.209485 43.612953, -116.209586 43.612852, -116.209725 43.612701, -116.209741 43.612683, -116.209796 43.612625, -116.209844 43.612574, -116.209888 43.612528, -116.209902 43.612512, -116.209906 43.612505, -116.209906 43.612497)"
1951,7477710258,7477710260,0,nan,footway,55.8,43.6127,-116.2086,1.7572,1.0,12.0916,12,0,5,,,,,,False,1.0,0.0,25.0,2.0,0.0,1.0,8.0,0.92,0.9275,"LINESTRING (-116.208336 43.612585, -116.208478 43.612658, -116.208855 43.61285, -116.208902 43.612875)"
1952,7477710258,7477717555,0,nan,footway,41.9,43.613,-116.2091,1.8165,0.3333,0.0,5,1,4,,,,,,False,1.0,0.0,25.0,2.0,0.0,1.0,7.0,0.92,1.0,"LINESTRING (-116.209331 43.613084, -116.2093 43.613081, -116.208945 43.612897, -116.208902 43.612875)"
1953,7477710261,7477710268,0,nan,footway,79.5,43.6122,-116.2087,1.4477,1.0,8.1435,12,2,4,,,,,,False,1.0,0.0,25.0,2.0,0.0,1.0,9.0,0.92,0.8767,"LINESTRING (-116.208946 43.611936, -116.208906 43.611977, -116.208907 43.611995, -116.208743 43.612162, -116.208632 43.612281, -116.208544 43.612362, -116.208394 43.612524)"
1954,7477710268,7477710274,0,nan,footway,68.3,43.6117,-116.2092,0.2875,1.0,7.1324,4,1,6,,,,,,False,1.0,0.0,25.0,2.0,0.0,1.0,7.0,0.92,0.5263,"LINESTRING (-116.209318 43.611428, -116.209334 43.611474, -116.209347 43.611493, -116.209365 43.611511, -116.209165 43.611723, -116.209032 43.61186, -116.209001 43.611879, -116.208946 43.611936)"
1955,7477717486,7477717491,0,nan,footway,96.0,43.6129,-116.2087,0.3998,0.3333,12.0916,15,1,5,,,,,,False,1.0,0.0,25.0,2.0,0.0,1.0,13.0,0.92,0.7032,"LINESTRING (-116.20921 43.613193, -116.209134 43.613154, -116.208786 43.61298, -116.20868 43.612926, -116.208606 43.612891, -116.208229 43.612702)"
1956,7477717492,7477717504,0,nan,footway,56.0,43.6136,-116.2084,0.5717,0.75,6.1354,9,1,3,,,,,,False,1.0,0.0,25.0,2.0,0.0,1.0,7.0,0.92,0.4968,"LINESTRING (-116.208177 43.613392, -116.208207 43.613414, -116.208335 43.61351, -116.208433 43.613585, -116.208465 43.613612, -116.208514 43.613653, -116.208564 43.613698, -116.208602 43.613733, -116.208641 43.613766)"
1957,7477717493,7477717494,0,nan,footway,38.7,43.6135,-116.2089,0.0972,1.0,6.1354,5,1,4,,,,,,False,1.0,0.0,25.0,2.0,0.0,1.0,7.0,0.92,0.3192,"LINESTRING (-116.20903 43.613374, -116.208749 43.613657)"
1958,7477717504,7477717509,0,nan,footway,41.0,43.6133,-116.208,0.338,1.0,0.0,10,0,4,,,,,,False,1.0,0.0,25.0,2.0,0.0,1.0,7.0,0.92,0.0627,"LINESTRING (-116.207801 43.613144, -116.207879 43.613195, -116.207975 43.613254, -116.20803 43.613291, -116.208079 43.613326, -116.208151 43.613372, -116.208177 43.613392)"
1959,7477717522,10994304098,0,nan,footway,42.7,43.6145,-116.2093,0.3092,0.0,0.0,24,1,3,,,,,,False,1.0,0.0,25.0,2.0,0.0,1.0,6.0,0.92,0.3692,"LINESTRING (-116.209138 43.614334, -116.209169 43.614374, -116.209379 43.614634, -116.209425 43.61465)"
1960,7477717524,10994304073,0,nan,footway,65.8,43.6144,-116.2098,1.2768,0.0,0.0,26,1,4,0.1628,0.072,0.3291,0.0792,0.0024,True,1.0,0.0,25.0,2.0,0.0,1.0,9.0,0.92,0.7942,"LINESTRING (-116.209992 43.614186, -116.209972 43.614208, -116.209782 43.614402, -116.209672 43.614517, -116.209617 43.614575, -116.209578 43.614609, -116.20955 43.61463, -116.209521 43.614646, -116.209498 43.614652)"
1961,7477717533,10994304073,0,nan,footway,54.3,43.614,-116.2102,1.4142,0.25,0.0,10,0,3,0.2294,0.169,0.2516,0.0727,0.0053,True,1.0,0.0,25.0,2.0,0.0,1.0,10.0,0.92,0.6744,"LINESTRING (-116.209992 43.614186, -116.210115 43.61406, -116.210382 43.613788)"
1962,7477717539,7483653597,0,nan,footway,81.8,43.6142,-116.2103,0.7572,0.6,8.2423,28,1,3,0.0144,0.1994,0.2792,0.055,0.0021,True,1.0,0.0,25.0,2.0,0.0,1.0,12.0,0.92,0.5706,"LINESTRING (-116.210011 43.614498, -116.210039 43.614471, -116.210467 43.614031, -116.210596 43.613897)"
1963,7477717539,7487702340,0,nan,footway,48.4,43.614,-116.2108,1.2347,1.0,4.983,4,0,3,,,,,,False,1.0,0.0,25.0,2.0,0.0,1.0,8.0,0.92,0.6023,"LINESTRING (-116.211088 43.614146, -116.211053 43.614129, -116.210976 43.614092, -116.210596 43.613897)"
1964,7477717546,7477717548,0,nan,footway,85.4,43.6136,-116.2091,0.0371,0.0,0.0,5,1,4,,,,,,False,1.0,0.0,25.0,2.0,0.0,1.0,7.0,0.92,0.4166,"LINESTRING (-116.208802 43.613929, -116.209134 43.613591, -116.209409 43.6133)"
1965,7477717546,10994304091,0,nan,footway,48.4,43.6134,-116.2097,0.0222,1.0,0.0,1,1,3,,,,,,False,1.0,0.0,25.0,2.0,0.0,1.0,7.0,0.92,0.1076,"LINESTRING (-116.209903 43.613547, -116.209871 43.613529, -116.20972 43.613453, -116.209409 43.6133)"
1966,7477717548,10994304098,0,nan,footway,52.6,43.6141,-116.209,0.0143,0.0,0.0,7,0,4,,,,,,False,1.0,0.0,25.0,2.0,0.0,1.0,1.0,0.92,0.286,"LINESTRING (-116.209138 43.614334, -116.209073 43.614253, -116.208984 43.614137, -116.208901 43.614038, -116.208818 43.613946, -116.208802 43.613929)"
1967,7477717551,10994304092,0,West Miller Street,residential,44.6,43.6136,-116.2102,0.0541,1.0,0.0,3,0,3,,,,,,False,0.0,2.0,25.0,2.0,0.179,0.5,7.0,0.881,0.0,"LINESTRING (-116.209959 43.613491, -116.210411 43.613723)"
1968,7483650320,7483650338,0,nan,footway,97.9,43.6121,-116.2113,0.0542,0.5,0.0,11,0,4,0.0175,0.2361,0.2322,0.0522,0.0084,True,1.0,0.0,25.0,2.0,0.0,1.0,9.0,0.92,0.1096,"LINESTRING (-116.211736 43.612368, -116.211735 43.61236, -116.211729 43.612354, -116.211701 43.61234, -116.211155 43.612058, -116.21084 43.6119, -116.210791 43.611877, -116.210766 43.611872, -116.210743 43.611872)"
1969,7483650344,7483650357,0,nan,footway,39.5,43.6126,-116.2118,1.0167,1.0,7.2981,7,0,3,0.0785,0.1943,0.2455,0.0849,0.015,True,1.0,0.0,25.0,2.0,0.0,1.0,7.0,0.92,0.5186,"LINESTRING (-116.211637 43.612745, -116.211887 43.612488, -116.211903 43.612471, -116.211912 43.612465, -116.211927 43.612461)"
1970,7483650344,7483650366,0,nan,footway,93.1,43.6127,-116.2124,1.0005,1.0,6.4397,8,0,2,0.098,0.2066,0.2206,0.1261,0.0218,True,1.0,0.0,25.0,2.0,0.0,1.0,8.0,0.92,0.4393,"LINESTRING (-116.212877 43.612934, -116.212864 43.612925, -116.212822 43.612905, -116.212609 43.612796, -116.212321 43.61265, -116.211974 43.612475, -116.211956 43.612466, -116.211943 43.612462, -116.211927 43.612461)"
1971,7483650349,7483650355,0,nan,footway,115.5,43.6134,-116.2119,0.4408,1.0,6.8897,8,1,3,,,,,,False,1.0,0.0,25.0,2.0,0.0,1.0,10.0,0.92,0.382,"LINESTRING (-116.212523 43.613649, -116.212347 43.613558, -116.212171 43.613469, -116.211813 43.613289, -116.211678 43.61322, -116.211403 43.613083, -116.211346 43.613056)"
1972,7483650349,7483650357,0,nan,footway,41.8,43.6129,-116.2115,1.246,1.0,9.2839,8,0,3,,,,,,False,1.0,0.0,25.0,2.0,0.0,1.0,6.0,0.92,0.6223,"LINESTRING (-116.211637 43.612745, -116.211579 43.612804, -116.211346 43.613056)"
1973,7483650355,7483650359,0,nan,footway,42.9,43.6135,-116.2126,0.5036,1.0,3.2802,4,1,2,,,,,,False,1.0,0.0,25.0,2.0,0.0,1.0,4.0,0.92,0.3303,"LINESTRING (-116.212709 43.613287, -116.212695 43.613314, -116.212523 43.613649)"
1974,7483650359,7483650366,0,nan,footway,42.1,43.6131,-116.2128,1.0271,1.0,6.6993,1,0,2,,,,,,False,1.0,0.0,25.0,2.0,0.0,1.0,3.0,0.92,0.559,"LINESTRING (-116.212877 43.612934, -116.212881 43.612942, -116.212885 43.612951, -116.212882 43.612962, -116.212868 43.61298, -116.212856 43.613002, -116.212788 43.613135, -116.212718 43.61327, -116.212709 43.613287)"
1975,7483650384,11733513775,0,nan,footway,94.9,43.6134,-116.21,0.0558,1.0,0.0,4,1,3,,,,,,False,1.0,0.0,25.0,2.0,0.0,1.0,14.0,0.92,0.0563,"LINESTRING (-116.210468 43.61366, -116.21045 43.613652, -116.209543 43.61319, -116.209519 43.613174, -116.20951 43.613163)"
1976,7483653588,7483653590,0,nan,footway,58.2,43.6135,-116.2107,0.1033,1.0,0.0,4,0,3,,,,,,False,1.0,0.0,25.0,2.0,0.0,1.0,10.0,0.92,0.0,"LINESTRING (-116.210902 43.613239, -116.210851 43.613294, -116.210485 43.613667)"
1977,7483653592,10994304092,0,West Miller Street,residential,51.0,43.6134,-116.2097,0.0565,1.0,0.0,2,1,3,,,,,,False,0.0,2.0,25.0,2.0,0.179,0.5,8.0,0.881,0.0925,"LINESTRING (-116.209959 43.613491, -116.209444 43.613223)"
1978,7483653597,11783921695,0,nan,footway,42.2,43.6147,-116.2099,0.6654,1.0,14.8912,26,1,3,0.0306,0.1023,0.2642,0.1701,0.0039,True,1.0,0.0,25.0,2.0,0.0,1.0,9.0,0.92,0.4659,"LINESTRING (-116.209709 43.614809, -116.209885 43.614629, -116.209984 43.614526, -116.210011 43.614498)"
1979,7483653601,7483653609,0,nan,footway,68.4,43.6151,-116.2099,0.1379,0.25,14.8912,39,1,4,,,,,,False,1.0,0.0,25.0,2.0,0.0,1.0,10.0,0.92,0.5311,"LINESTRING (-116.210276 43.615331, -116.210131 43.61525, -116.209988 43.615159, -116.209939 43.615129, -116.209815 43.615038, -116.209733 43.614971, -116.209691 43.614937, -116.209671 43.614905)"
1980,7483653601,8159290627,0,nan,footway,25.3,43.615,-116.2096,0.3513,1.0,14.8912,25,1,3,0.0168,0.027,0.2959,0.2212,0.0051,True,1.0,0.0,25.0,2.0,0.0,1.0,9.0,0.92,0.346,"LINESTRING (-116.20946 43.615066, -116.209516 43.615051, -116.209578 43.61499, -116.209657 43.614914, -116.209671 43.614905)"
1981,7483653609,7483653614,0,nan,footway,147.8,43.6157,-116.211,0.8183,0.2222,12.318,45,3,4,,,,,,False,1.0,0.0,25.0,2.0,0.0,1.0,13.0,0.92,0.8786,"LINESTRING (-116.211786 43.616071, -116.211644 43.615999, -116.211236 43.615794, -116.210646 43.615493, -116.21047 43.615403, -116.210342 43.615339, -116.210299 43.615344, -116.210276 43.615331)"
1982,7483653614,8159289051,0,nan,footway,29.3,43.6161,-116.2116,0.8069,1.0,11.253,5,0,3,0.0047,0.121,0.2452,0.15,0.0074,True,1.0,0.0,25.0,2.0,0.0,1.0,5.0,0.92,0.4979,"LINESTRING (-116.211482 43.616205, -116.211504 43.61618, -116.211627 43.616137, -116.211771 43.616087, -116.211786 43.616071)"
1983,7483653615,7483653652,0,nan,footway,36.5,43.616,-116.212,0.9253,1.0,12.318,10,0,2,0.0278,0.2131,0.196,0.1358,0.0088,True,1.0,0.0,25.0,2.0,0.0,1.0,5.0,0.92,0.4571,"LINESTRING (-116.212214 43.615909, -116.212193 43.615917, -116.211902 43.616018, -116.211815 43.616062)"
1984,7483653619,7483653654,0,nan,footway,47.0,43.6155,-116.2128,0.6709,1.0,0.0,6,0,1,,,,,,False,1.0,0.0,25.0,2.0,0.0,1.0,5.0,0.92,0.0646,"LINESTRING (-116.212626 43.615286, -116.212642 43.615311, -116.212777 43.615516, -116.212862 43.615646, -116.21287 43.615659, -116.212872 43.615669)"
1985,7483653619,7483653652,0,nan,footway,59.7,43.6158,-116.2125,0.6094,1.0,12.318,7,0,2,0.0527,0.4885,0.0262,0.0726,0.0099,True,1.0,0.0,25.0,2.0,0.0,1.0,6.0,0.92,0.3562,"LINESTRING (-116.212214 43.615909, -116.212867 43.61568, -116.212872 43.615669)"
1986,7483653626,13623221816,0,West Grand Avenue,residential,35.3,43.6155,-116.2129,0.5435,1.0,0.0,4,0,1,0.0062,0.362,0.1205,0.0844,0.0021,True,0.0,2.0,25.0,2.0,0.179,0.5,5.0,0.881,0.0386,"LINESTRING (-116.212805 43.615354, -116.212996 43.61564)"
1987,7483653633,7483653635,0,nan,footway,48.4,43.616,-116.2131,0.1709,1.0,6.8608,7,0,1,,,,,,False,1.0,0.0,25.0,2.0,0.0,1.0,8.0,0.92,0.0768,"LINESTRING (-116.212994 43.615845, -116.213194 43.616151, -116.213234 43.616207, -116.213256 43.616236)"
1988,7483653633,9289431020,0,nan,footway,45.6,43.6164,-116.2134,0.0328,0.6667,5.0706,2,0,3,,,,,,False,1.0,0.0,25.0,2.0,0.0,1.0,6.0,0.92,0.2801,"LINESTRING (-116.2135 43.616607, -116.213271 43.616258, -116.213256 43.616236)"
1989,7483653635,7483653641,0,nan,footway,86.0,43.616,-116.2125,0.2407,1.0,4.7356,9,0,2,0.223,0.3042,0.2162,0.05,0.005,True,1.0,0.0,25.0,2.0,0.0,1.0,10.0,0.92,0.1084,"LINESTRING (-116.212056 43.616199, -116.212057 43.61619, -116.21206 43.616183, -116.212066 43.616176, -116.212078 43.616169, -116.212906 43.615876, -116.212994 43.615845)"
1990,7487698967,7487698968,0,nan,footway,54.9,43.6144,-116.211,0.0528,1.0,6.823,6,0,2,,,,,,False,1.0,0.0,25.0,2.0,0.0,1.0,4.0,0.92,0.0928,"LINESTRING (-116.210783 43.614594, -116.211092 43.614265, -116.211168 43.614186)"
1991,7487698973,7487698981,0,nan,footway,48.0,43.6145,-116.2124,0.4291,1.0,6.4148,8,1,1,,,,,,False,1.0,0.0,25.0,2.0,0.0,1.0,5.0,0.92,0.2644,"LINESTRING (-116.2125 43.614649, -116.212365 43.614452, -116.212291 43.614343, -116.212244 43.614327, -116.212183 43.614298)"
1992,7487698981,7487702291,0,nan,footway,108.6,43.6144,-116.2131,0.5554,1.0,8.2115,12,2,1,,,,,,False,1.0,0.0,25.0,2.0,0.0,1.0,8.0,0.92,0.3699,"LINESTRING (-116.213726 43.614263, -116.213684 43.614277, -116.213656 43.614286, -116.213635 43.614284, -116.213613 43.61428, -116.213593 43.614278, -116.213575 43.614279, -116.213413 43.614335, -116.212936 43.614502, -116.2125 43.614649)"
1993,7487702291,7487702296,0,nan,footway,28.7,43.6142,-116.2139,0.2424,1.0,7.4297,10,1,1,,,,,,False,1.0,0.0,25.0,2.0,0.0,1.0,4.0,0.92,0.191,"LINESTRING (-116.214022 43.614132, -116.214013 43.61415, -116.214006 43.61416, -116.213991 43.614171, -116.213862 43.614218, -116.213757 43.614253, -116.213726 43.614263)"
1994,7487702296,9289431033,0,nan,footway,39.6,43.614,-116.2139,0.5093,1.0,7.4297,11,1,1,0.0506,0.2836,0.2465,0.0359,0.0018,True,1.0,0.0,25.0,2.0,0.0,1.0,4.0,0.92,0.2889,"LINESTRING (-116.213821 43.613817, -116.213908 43.613926, -116.213987 43.614032, -116.214018 43.614074, -116.214028 43.614088, -116.214032 43.614105, -116.21403 43.614118, -116.214022 43.614132)"
1995,7487702305,7487702325,0,nan,footway,103.0,43.6134,-116.2135,0.4271,0.6667,3.5013,9,2,1,,,,,,False,1.0,0.0,25.0,2.0,0.0,1.0,7.0,0.92,0.3722,"LINESTRING (-116.213046 43.613046, -116.213154 43.613104, -116.21318 43.613119, -116.21322 43.613145, -116.21326 43.613173, -116.213298 43.613204, -116.213324 43.61323, -116.213332 43.613243, -116.213347 43.613267, -116.213585 43.613562, -116.213619 43.613587, -116.213629 43.613625, -116.213666 43.613676, -116.213715 43.613684, -116.213766 43.613748, -116.213785 43.613772)"
1996,7487702325,8223397430,0,nan,footway,38.5,43.6132,-116.2129,0.4416,1.0,3.5013,1,0,2,,,,,,False,1.0,0.0,25.0,2.0,0.0,1.0,3.0,0.92,0.2744,"LINESTRING (-116.212846 43.613354, -116.212914 43.613222, -116.212959 43.613122, -116.212979 43.613093, -116.213046 43.613046)"
1997,7487702335,8223397430,0,nan,footway,100.5,43.6138,-116.2126,0.7478,1.0,10.2929,6,1,1,,,,,,False,1.0,0.0,25.0,2.0,0.0,1.0,6.0,0.92,0.4505,"LINESTRING (-116.212846 43.613354, -116.212651 43.613738, -116.212633 43.613756, -116.212601 43.613824, -116.212439 43.61415, -116.212443 43.614204)"
1998,7490579260,7490617301,0,nan,footway,73.3,43.6067,-116.2107,0.2514,0.0,0.0,4,1,4,,,,,,False,1.0,0.0,25.0,2.0,0.0,1.0,7.0,0.92,0.5129,"LINESTRING (-116.210946 43.606374, -116.21093 43.606382, -116.210875 43.606453, -116.21076 43.606618, -116.210656 43.606777, -116.210633 43.60682, -116.210596 43.60689, -116.210553 43.606966)"
1999,7490579271,7490579282,0,nan,footway,143.7,43.6073,-116.2115,0.0325,0.625,5.1241,5,2,4,,,,,,False,1.0,0.0,25.0,2.0,0.0,1.0,5.0,0.92,0.4599,"LINESTRING (-116.212218 43.607373, -116.212196 43.607416, -116.212184 43.607438, -116.212158 43.607466, -116.212144 43.607474, -116.212123 43.607476, -116.212101 43.607475, -116.211831 43.607402, -116.211392 43.607283, -116.210923 43.607151, -116.210705 43.607093, -116.21062 43.607072)"
2000,7490579283,7490579284,0,nan,footway,34.0,43.6072,-116.2123,0.0029,1.0,8.1948,2,0,4,,,,,,False,1.0,0.0,25.0,2.0,0.0,1.0,3.0,0.92,0.2563,"LINESTRING (-116.212403 43.607012, -116.212257 43.607299)"
2001,7490579283,7490617311,0,nan,footway,52.6,43.6072,-116.212,0.0096,1.0,7.3256,2,0,4,,,,,,False,1.0,0.0,25.0,2.0,0.0,1.0,1.0,0.92,0.2485,"LINESTRING (-116.211645 43.607134, -116.212257 43.607299)"
2002,7490617287,7490617313,0,nan,footway,52.8,43.6067,-116.2122,0.0176,1.0,9.064,4,1,4,,,,,,False,1.0,0.0,25.0,2.0,0.0,1.0,5.0,0.92,0.337,"LINESTRING (-116.211906 43.606633, -116.212084 43.606681, -116.212384 43.606764, -116.212451 43.606779, -116.212479 43.606795, -116.212488 43.606805, -116.212494 43.60682)"
2003,7490617295,7490617300,0,nan,footway,68.8,43.6065,-116.2114,0.1641,1.0,4.0234,5,2,4,,,,,,False,1.0,0.0,25.0,2.0,0.0,1.0,4.0,0.92,0.3677,"LINESTRING (-116.211008 43.606386, -116.211085 43.606407, -116.211302 43.606468, -116.211516 43.606528, -116.211705 43.606578, -116.211807 43.606606)"
2004,7490617311,7490617312,0,nan,footway,34.1,43.607,-116.2117,0.0,1.0,8.1948,2,1,4,,,,,,False,1.0,0.0,25.0,2.0,0.0,1.0,2.0,0.92,0.3566,"LINESTRING (-116.211793 43.606846, -116.211645 43.607134)"
2005,7490617312,7490617313,0,nan,footway,25.4,43.6067,-116.2118,0.0116,1.0,9.064,2,1,4,,,,,,False,1.0,0.0,25.0,2.0,0.0,1.0,1.0,0.92,0.3706,"LINESTRING (-116.211906 43.606633, -116.211793 43.606846)"
2006,7490617318,7494957051,0,nan,footway,43.8,43.6065,-116.2127,0.3179,1.0,12.6677,6,2,4,,,,,,False,1.0,0.0,25.0,2.0,0.0,1.0,5.0,0.92,0.5219,"LINESTRING (-116.212771 43.606328, -116.212774 43.606339, -116.212771 43.606356, -116.212726 43.606443, -116.212666 43.606554, -116.212612 43.606661, -116.212595 43.606683, -116.212579 43.606691)"
2007,7490617318,7490617362,0,nan,footway,116.8,43.6065,-116.2119,0.4922,1.0,10.1979,9,3,4,,,,,,False,1.0,0.0,25.0,2.0,0.0,1.0,9.0,0.92,0.586,"LINESTRING (-116.211219 43.606326, -116.212541 43.606684, -116.212563 43.60669, -116.212579 43.606691)"
2008,7490617346,7494957051,0,nan,footway,89.0,43.6061,-116.2123,0.2552,1.0,12.6677,10,5,4,0.0148,0.0647,0.3304,0.1114,0.0003,True,1.0,0.0,25.0,2.0,0.0,1.0,9.0,0.92,0.5672,"LINESTRING (-116.212771 43.606328, -116.212769 43.606319, -116.212759 43.606299, -116.212738 43.606284, -116.212709 43.60627, -116.212434 43.606138, -116.212244 43.606046, -116.212155 43.606004, -116.212114 43.605987, -116.211968 43.60592, -116.21195 43.605912, -116.211936 43.605909, -116.211924 43.605908, -116.211896 43.605903, -116.211864 43.605888)"
2009,7490617348,7490617357,0,nan,footway,70.4,43.606,-116.2113,1.2112,0.75,7.1848,7,3,4,0.0104,0.1129,0.3575,0.0522,0.0091,True,1.0,0.0,25.0,2.0,0.0,1.0,10.0,0.92,0.9309,"LINESTRING (-116.211056 43.606267, -116.211054 43.606256, -116.211061 43.606244, -116.211101 43.606202, -116.211184 43.606112, -116.211226 43.606108, -116.211392 43.60593, -116.211488 43.605831, -116.211519 43.605806, -116.211583 43.605787)"
2010,7490617371,13362663314,0,nan,footway,79.6,43.6052,-116.212,0.2656,0.8,5.6721,10,7,3,0.1949,0.2359,0.266,0.0883,0.0082,True,1.0,0.0,25.0,2.0,0.0,1.0,14.0,0.92,0.5502,"LINESTRING (-116.212296 43.604917, -116.212077 43.605165, -116.211934 43.605325, -116.211839 43.605434, -116.211801 43.605479, -116.21179 43.605496, -116.211785 43.605509, -116.211784 43.605527)"
2011,7490617382,7490617389,0,nan,footway,30.3,43.6048,-116.2126,0.0348,0.0,0.0,3,2,3,0.0075,0.2278,0.3254,0.0501,0.0058,True,1.0,0.0,25.0,2.0,0.0,1.0,8.0,0.92,0.4502,"LINESTRING (-116.212791 43.604877, -116.212749 43.604854, -116.212675 43.604811, -116.212538 43.604737, -116.21252 43.60473, -116.212503 43.604727, -116.212484 43.604726)"
2012,7490617398,13362663312,0,nan,footway,40.7,43.605,-116.2126,0.0277,1.0,5.3659,3,3,3,0.0222,0.1166,0.5196,0.0925,0.0034,True,1.0,0.0,25.0,2.0,0.0,1.0,9.0,0.92,0.3568,"LINESTRING (-116.212429 43.604925, -116.212833 43.605145)"
2013,7490617398,7490617401,0,nan,footway,45.7,43.6053,-116.2127,0.0062,1.0,5.7742,4,4,3,0.0812,0.2095,0.457,0.0615,0.0029,True,1.0,0.0,25.0,2.0,0.0,1.0,10.0,0.92,0.3719,"LINESTRING (-116.212492 43.605474, -116.212538 43.605428, -116.212833 43.605145)"
2014,7490617401,7490617403,0,nan,footway,41.9,43.6056,-116.2123,0.0056,1.0,6.5908,6,5,4,0.01,0.1436,0.2523,0.135,0.0037,True,1.0,0.0,25.0,2.0,0.0,1.0,8.0,0.92,0.4399,"LINESTRING (-116.21219 43.60578, -116.212203 43.605775, -116.212465 43.605501, -116.212492 43.605474)"
2015,7490617414,7490617417,0,nan,footway,36.4,43.6052,-116.2133,0.3273,0.0,0.0,1,1,3,0.0115,0.147,0.5124,0.0939,0.0026,True,1.0,0.0,25.0,2.0,0.0,1.0,11.0,0.92,0.5536,"LINESTRING (-116.213126 43.605066, -116.213139 43.605069, -116.213293 43.605154, -116.213457 43.605244, -116.213468 43.605258, -116.213471 43.605271)"
2016,7490617433,7490617436,0,nan,footway,34.4,43.6057,-116.2124,0.009,1.0,0.0,7,4,4,0.0048,0.0944,0.4693,0.1375,0.0061,True,1.0,0.0,25.0,2.0,0.0,1.0,6.0,0.92,0.1924,"LINESTRING (-116.212341 43.605844, -116.212337 43.605825, -116.2125 43.605654, -116.212548 43.605625, -116.212577 43.605594)"
2017,7490617436,13800758195,0,nan,footway,60.4,43.606,-116.2126,0.0158,1.0,6.8339,7,4,4,0.2268,0.005,0.1662,0.4173,0.0061,True,1.0,0.0,25.0,2.0,0.0,1.0,5.0,0.92,0.4111,"LINESTRING (-116.212969 43.606131, -116.212908 43.606113, -116.212858 43.606102, -116.212574 43.60597, -116.212377 43.605878, -116.212354 43.605859, -116.212341 43.605844)"
2018,7494957054,7494957065,0,nan,footway,31.9,43.6064,-116.2129,0.1249,1.0,12.6677,4,2,4,0.018,0.2352,0.2878,0.012,0.0038,True,1.0,0.0,25.0,2.0,0.0,1.0,6.0,0.92,0.4703,"LINESTRING (-116.212831 43.606576, -116.212861 43.606508, -116.212942 43.606355, -116.212954 43.606333, -116.212967 43.606322, -116.212983 43.606315)"
2019,7494957073,7494957080,0,nan,footway,48.3,43.6068,-116.213,0.207,1.0,5.0778,4,1,4,,,,,,False,1.0,0.0,25.0,2.0,0.0,1.0,4.0,0.92,0.3579,"LINESTRING (-116.213319 43.606894, -116.213255 43.606876, -116.213086 43.606834, -116.212822 43.606761, -116.212788 43.606753, -116.212777 43.606745, -116.212767 43.606734)"
2020,7494957080,7494962691,0,nan,footway,175.3,43.6072,-116.2143,0.1823,0.9,8.6473,5,1,3,,,,,,False,1.0,0.0,25.0,2.0,0.0,1.0,4.0,0.92,0.3635,"LINESTRING (-116.214643 43.607713, -116.214659 43.607684, -116.214745 43.607505, -116.21481 43.60738, -116.214813 43.607345, -116.214798 43.607313, -116.214765 43.607287, -116.214469 43.607215, -116.213524 43.606953, -116.213411 43.606923, -116.213374 43.606909, -116.213319 43.606894)"
2021,7494962691,7494962693,0,nan,footway,68.3,43.608,-116.2145,0.6681,1.0,8.3503,2,0,3,,,,,,False,1.0,0.0,25.0,2.0,0.0,1.0,5.0,0.92,0.4641,"LINESTRING (-116.214347 43.608288, -116.214592 43.607821, -116.214611 43.607775, -116.214643 43.607713)"
2022,7494962698,7494962723,0,nan,footway,25.2,43.6086,-116.2142,0.6028,1.0,8.076,1,0,2,,,,,,False,1.0,0.0,25.0,2.0,0.0,1.0,3.0,0.92,0.4108,"LINESTRING (-116.214124 43.608722, -116.214158 43.608657, -116.214221 43.608538, -116.214234 43.60851)"
2023,7494962703,7494962706,0,nan,footway,37.7,43.6093,-116.2138,0.6806,1.0,9.048,4,0,2,,,,,,False,1.0,0.0,25.0,2.0,0.0,1.0,3.0,0.92,0.3875,"LINESTRING (-116.213774 43.60942, -116.213767 43.609403, -116.213832 43.609282, -116.213901 43.609149, -116.213924 43.609102)"
2024,7494962706,7494962712,0,nan,footway,94.3,43.6096,-116.2143,0.2675,1.0,9.048,5,0,1,,,,,,False,1.0,0.0,25.0,2.0,0.0,1.0,3.0,0.92,0.1604,"LINESTRING (-116.214862 43.60973, -116.214626 43.609665, -116.214433 43.609611, -116.213988 43.609492, -116.213834 43.609448, -116.213794 43.609433, -116.213774 43.60942)"
2025,7494962720,7494962724,0,nan,path,174.0,43.6089,-116.2148,0.1073,1.0,7.7526,1,0,1,,,,,,False,1.0,0.0,25.0,2.0,0.0,1.0,6.0,0.92,0.1606,"LINESTRING (-116.214199 43.608741, -116.214223 43.608696, -116.214196 43.60866, -116.214242 43.608571, -116.21483 43.60873, -116.214591 43.609195, -116.214037 43.609045)"
2026,7494962731,7494962739,0,nan,footway,71.2,43.6094,-116.2131,0.007,1.0,3.9841,8,0,3,,,,,,False,1.0,0.0,25.0,2.0,0.0,1.0,5.0,0.92,0.0632,"LINESTRING (-116.212692 43.609263, -116.212937 43.609329, -116.21319 43.609399, -116.213372 43.609449, -116.213425 43.609464, -116.213441 43.609466, -116.213459 43.609465, -116.213482 43.609468, -116.213522 43.609479)"
2027,7494962739,7494962748,0,nan,footway,71.5,43.6096,-116.2125,0.0009,1.0,3.9841,5,0,3,,,,,,False,1.0,0.0,25.0,2.0,0.0,1.0,3.0,0.92,0.0893,"LINESTRING (-116.212332 43.609836, -116.212369 43.609814, -116.212422 43.609794, -116.212673 43.609301, -116.212692 43.609263)"
2028,7494962750,7494962768,0,nan,footway,68.1,43.6092,-116.2132,0.0142,1.0,0.0,6,0,4,,,,,,False,1.0,0.0,25.0,2.0,0.0,1.0,5.0,0.92,0.0,"LINESTRING (-116.212783 43.609117, -116.212973 43.609169, -116.213542 43.609324, -116.213574 43.609334)"
2029,7494962751,7494962753,0,nan,footway,133.2,43.6088,-116.2139,0.104,1.0,0.0,9,1,3,,,,,,False,1.0,0.0,25.0,2.0,0.0,1.0,8.0,0.92,0.0264,"LINESTRING (-116.214189 43.6082, -116.213972 43.608613, -116.213608 43.609322)"
2030,7494962754,7494962761,0,nan,footway,66.9,43.6081,-116.2138,0.2048,1.0,0.0,5,3,4,,,,,,False,1.0,0.0,25.0,2.0,0.0,1.0,6.0,0.92,0.2563,"LINESTRING (-116.2134 43.607971, -116.213585 43.608022, -116.213681 43.608046, -116.213763 43.608069, -116.213947 43.608118, -116.213987 43.608128, -116.214075 43.608151, -116.214179 43.60818)"
2031,7494962761,7494962768,0,nan,footway,137.4,43.6085,-116.2131,0.0729,1.0,0.0,11,6,5,0.0171,0.0,0.2042,0.655,0.0,True,1.0,0.0,25.0,2.0,0.0,1.0,5.0,0.92,0.2913,"LINESTRING (-116.212783 43.609117, -116.212861 43.608966, -116.212966 43.608764, -116.213041 43.60861, -116.213074 43.608545, -116.213254 43.608208, -116.21337 43.607983, -116.2134 43.607971)"
2032,7494962774,7494962780,0,West Royal Boulevard,residential,69.4,43.6093,-116.2131,0.0115,1.0,3.9841,9,0,4,,,,,,False,0.0,2.0,25.0,2.0,0.179,0.5,5.0,0.881,0.1108,"LINESTRING (-116.212738 43.609189, -116.213544 43.60941)"
2033,7494962786,7494962790,0,nan,path,27.3,43.6106,-116.2131,0.0,1.0,3.9841,0,0,3,0.0613,0.2812,0.0054,0.0048,0.0092,True,1.0,0.0,25.0,2.0,0.0,1.0,0.0,0.92,0.2148,"LINESTRING (-116.21318 43.610515, -116.213136 43.610605, -116.21314 43.610644, -116.213101 43.610596, -116.213053 43.610553)"
2034,7499241830,7499241840,2,nan,footway,230.1,43.6073,-116.2142,0.0833,1.0,12.1419,7,2,4,,,,,,False,1.0,0.0,25.0,2.0,0.0,1.0,6.0,0.92,0.417,"LINESTRING (-116.214266 43.608053, -116.214612 43.607388, -116.213787 43.607162, -116.213646 43.60743, -116.213602 43.607521, -116.213538 43.607646, -116.21349 43.607729, -116.213441 43.607828, -116.213454 43.607831)"
2035,7499241830,7499241840,3,nan,footway,69.8,43.6079,-116.2139,0.056,1.0,12.1419,5,2,4,,,,,,False,1.0,0.0,25.0,2.0,0.0,1.0,5.0,0.92,0.4265,"LINESTRING (-116.214266 43.608053, -116.21415 43.60802, -116.213454 43.607831)"
2036,7499241839,7499241843,0,West Island Avenue,residential,69.5,43.608,-116.2138,0.1267,1.0,12.1419,5,2,4,,,,,,False,0.0,2.0,25.0,2.0,0.179,0.5,5.0,0.881,0.4541,"LINESTRING (-116.213415 43.607901, -116.214221 43.608124)"
2037,7499241844,7499241847,0,nan,footway,27.4,43.6047,-116.2127,0.1279,0.0,0.0,3,2,3,0.0284,0.1728,0.577,0.0214,0.0049,True,1.0,0.0,25.0,2.0,0.0,1.0,7.0,0.92,0.4865,"LINESTRING (-116.212849 43.604771, -116.212617 43.604643, -116.212599 43.604626, -116.212591 43.604614)"
2038,7499241844,7499244827,0,nan,footway,238.2,43.6037,-116.2134,0.3005,0.0,0.0,7,4,3,0.0804,0.4714,0.1549,0.01,0.0112,True,1.0,0.0,25.0,2.0,0.0,1.0,7.0,0.92,0.5799,"LINESTRING (-116.214366 43.602972, -116.21431 43.602972, -116.214223 43.602983, -116.21413 43.603009, -116.214053 43.603043, -116.213975 43.603101, -116.213754 43.60334, -116.213568 43.603541, -116.213126 43.603989, -116.212851 43.604294, -116.212712 43.60445, -116.212617 43.604558, -116.212594 43.604586, -116.212589 43.604598, -116.212591 43.604614)"
2039,7499241847,7499241852,0,nan,footway,29.1,43.6049,-116.213,0.0442,0.0,0.0,2,2,2,0.03,0.1622,0.5749,0.02,0.0046,True,1.0,0.0,25.0,2.0,0.0,1.0,7.0,0.92,0.4209,"LINESTRING (-116.213148 43.604911, -116.213114 43.604892, -116.213086 43.604882, -116.213043 43.604879, -116.212849 43.604771)"
2040,7499241847,7499244789,0,nan,path,83.1,43.6044,-116.213,0.0686,0.6,10.7157,6,4,2,,,,,,False,1.0,0.0,25.0,2.0,0.0,1.0,5.0,0.92,0.5077,"LINESTRING (-116.213346 43.604404, -116.213156 43.604299, -116.213133 43.604289, -116.213112 43.604288, -116.213093 43.604295, -116.212951 43.604431, -116.212919 43.604468, -116.212894 43.604532, -116.212891 43.604555, -116.212893 43.604575, -116.212894 43.604607, -116.212888 43.604627, -116.21288 43.604654, -116.212872 43.604679, -116.212871 43.604699, -116.212871 43.604719, -116.212867 43.604739, -116.212859 43.604759, -116.212849 43.604771)"
2041,7499241852,7499244808,0,nan,footway,45.0,43.605,-116.2133,0.0624,0.0,0.0,1,1,2,,,,,,False,1.0,0.0,25.0,2.0,0.0,1.0,11.0,0.92,0.3971,"LINESTRING (-116.213573 43.605161, -116.213566 43.605162, -116.213553 43.60516, -116.21325 43.604993, -116.213233 43.60496, -116.213214 43.604947, -116.213148 43.604911)"
2042,7499241865,7499244808,0,nan,footway,71.1,43.6049,-116.2138,0.0,0.0,0.0,3,2,2,,,,,,False,1.0,0.0,25.0,2.0,0.0,1.0,6.0,0.92,0.3834,"LINESTRING (-116.213573 43.605161, -116.213579 43.60516, -116.213592 43.605153, -116.213899 43.604854, -116.214032 43.60473, -116.214049 43.604702, -116.214064 43.604695, -116.214106 43.604656)"
2043,7499241865,7499241870,0,nan,footway,129.1,43.6042,-116.2146,0.0,1.0,11.0045,5,1,2,,,,,,False,1.0,0.0,25.0,2.0,0.0,1.0,2.0,0.92,0.2294,"LINESTRING (-116.215067 43.603727, -116.214982 43.603808, -116.214596 43.604181, -116.214273 43.604497, -116.214225 43.604534, -116.214192 43.604574, -116.214149 43.604616, -116.214106 43.604656)"
2044,7499244788,7499244800,0,nan,footway,51.0,43.6043,-116.2136,0.0,1.0,10.7157,4,2,2,,,,,,False,1.0,0.0,25.0,2.0,0.0,1.0,1.0,0.92,0.299,"LINESTRING (-116.213858 43.604403, -116.213813 43.604379, -116.213778 43.60441, -116.21355 43.604294, -116.213403 43.604435)"
2045,7499244796,7499244806,0,nan,path,60.6,43.6043,-116.2142,0.0,1.0,10.7157,3,1,2,,,,,,False,1.0,0.0,25.0,2.0,0.0,1.0,1.0,0.92,0.2553,"LINESTRING (-116.213922 43.604147, -116.214258 43.604332, -116.214255 43.60438, -116.214094 43.604531)"
2046,7499244827,7499244845,0,nan,footway,324.8,43.6037,-116.2161,0.0464,0.4211,5.4907,5,0,1,0.0519,0.1744,0.3572,0.057,0.0098,True,1.0,0.0,25.0,2.0,0.0,1.0,6.0,0.92,0.2177,"LINESTRING (-116.217796 43.604366, -116.217519 43.604306, -116.217155 43.60423, -116.216916 43.604181, -116.2168 43.604148, -116.216689 43.604105, -116.216594 43.604055, -116.216534 43.604019, -116.216247 43.603811, -116.215896 43.603563, -116.215599 43.603362, -116.215465 43.603276, -116.215375 43.603226, -116.215263 43.603179, -116.215126 43.603138, -116.214955 43.603088, -116.21463 43.603, -116.214478 43.602978, -116.214366 43.602972)"
2047,7499244872,7507516540,0,nan,footway,123.9,43.6012,-116.2132,0.3589,0.2857,7.1968,5,0,2,0.21,0.5618,0.0725,0.0889,0.025,True,1.0,0.0,25.0,2.0,0.0,1.0,5.0,0.92,0.4615,"LINESTRING (-116.213687 43.600789, -116.213674 43.600789, -116.213636 43.600791, -116.213604 43.600799, -116.213568 43.600816, -116.213531 43.600844, -116.213327 43.601028, -116.213241 43.6011, -116.213157 43.60118, -116.213046 43.601292, -116.212957 43.6014, -116.21293 43.601437, -116.21285 43.601572, -116.212846 43.601588, -116.212868 43.601615, -116.212899 43.601661)"
2048,7499244889,7507516540,0,nan,footway,30.8,43.6008,-116.2139,0.1554,1.0,7.1968,2,0,4,0.1228,0.4514,0.1878,0.0867,0.0044,True,1.0,0.0,25.0,2.0,0.0,1.0,4.0,0.92,0.3037,"LINESTRING (-116.213687 43.600789, -116.213697 43.600789, -116.213999 43.600787, -116.214069 43.600786)"
2049,7499244891,7499244896,0,nan,footway,59.5,43.6011,-116.2143,0.0283,1.0,4.8027,2,0,2,0.0332,0.1319,0.3482,0.067,0.0084,True,1.0,0.0,25.0,2.0,0.0,1.0,3.0,0.92,0.1114,"LINESTRING (-116.214277 43.601322, -116.214279 43.601279, -116.214277 43.601133, -116.214276 43.600798, -116.21427 43.600788)"
2050,7499244901,7502147914,0,nan,footway,75.5,43.6039,-116.2178,0.0044,1.0,5.0669,0,0,0,,,,,,False,1.0,0.0,25.0,2.0,0.0,1.0,3.0,0.92,0.0774,"LINESTRING (-116.217769 43.603525, -116.217768 43.60376, -116.217766 43.604204)"
2051,7499244906,7499244912,0,South Peasley Street,residential,77.3,43.6039,-116.2179,0.0095,1.0,5.9123,0,0,0,0.0007,0.126,0.3616,0.0681,0.0011,True,0.0,2.0,25.0,2.0,0.179,0.5,3.0,0.881,0.0932,"LINESTRING (-116.217863 43.603544, -116.217855 43.60424)"
2052,7499244907,7499244912,0,nan,footway,90.4,43.6039,-116.218,0.0308,1.0,6.7852,0,0,0,,,,,,False,1.0,0.0,25.0,2.0,0.0,1.0,4.0,0.92,0.1139,"LINESTRING (-116.217863 43.603544, -116.217987 43.603545, -116.217992 43.60357, -116.21799 43.603761, -116.217989 43.604185, -116.217986 43.604267)"
2053,7499244907,7499244917,0,nan,footway,30.8,43.6043,-116.2182,0.3215,1.0,6.7852,0,0,0,0.0017,0.2528,0.3223,0.0306,0.0023,True,1.0,0.0,25.0,2.0,0.0,1.0,2.0,0.92,0.2272,"LINESTRING (-116.218343 43.604358, -116.21799 43.604276, -116.217986 43.604267)"
2054,7499244917,7499244978,0,nan,footway,76.4,43.6041,-116.2185,0.0036,1.0,6.7852,1,0,0,0.0032,0.1619,0.3324,0.0612,0.0024,True,1.0,0.0,25.0,2.0,0.0,1.0,4.0,0.92,0.0546,"LINESTRING (-116.218657 43.603838, -116.218627 43.603827, -116.218572 43.603829, -116.218527 43.603842, -116.21848 43.603865, -116.218439 43.60392, -116.218429 43.60395, -116.218428 43.603978, -116.218431 43.604, -116.218438 43.60402, -116.218449 43.604039, -116.218471 43.604067, -116.218486 43.604088, -116.218396 43.604346, -116.218343 43.604358)"
2055,7499244944,8271477535,0,nan,footway,26.7,43.6044,-116.2186,0.0,1.0,9.5435,1,0,0,0.0086,0.309,0.2524,0.0332,0.0016,True,1.0,0.0,25.0,2.0,0.0,1.0,2.0,0.92,0.0851,"LINESTRING (-116.218503 43.604391, -116.218515 43.604404, -116.218703 43.604462, -116.218797 43.604496)"
2056,7499244947,7499245017,0,nan,footway,72.4,43.6045,-116.2195,0.0,1.0,9.5435,1,0,0,0.0,0.2128,0.26,0.0856,0.0034,True,1.0,0.0,25.0,2.0,0.0,1.0,3.0,0.92,0.0851,"LINESTRING (-116.219746 43.604265, -116.21972 43.604259, -116.219674 43.604259, -116.219603 43.60427, -116.219562 43.604294, -116.21954 43.604315, -116.219522 43.604354, -116.219511 43.604385, -116.219507 43.604408, -116.219515 43.604438, -116.219523 43.604456, -116.219517 43.604471, -116.219421 43.60456, -116.219272 43.604692, -116.219223 43.604696)"
2057,7499244947,7499244979,0,nan,footway,27.1,43.6046,-116.2191,0.0,1.0,9.5435,0,0,0,0.0054,0.2061,0.278,0.0672,0.0025,True,1.0,0.0,25.0,2.0,0.0,1.0,2.0,0.92,0.1338,"LINESTRING (-116.218945 43.60456, -116.21909 43.604625, -116.219223 43.604696)"
2058,7499244977,7499245017,0,nan,footway,45.5,43.6044,-116.2198,0.0,1.0,7.8192,1,0,0,,,,,,False,1.0,0.0,25.0,2.0,0.0,1.0,2.0,0.92,0.0663,"LINESTRING (-116.219746 43.604265, -116.219784 43.604274, -116.219806 43.60429, -116.219828 43.604315, -116.219838 43.604337, -116.219842 43.604359, -116.219839 43.604388, -116.219827 43.604411, -116.21981 43.604434, -116.219786 43.604456, -116.219758 43.604478, -116.219728 43.604495, -116.2197 43.604504, -116.219667 43.60451, -116.219627 43.604511, -116.219607 43.604513, -116.219591 43.604516, -116.219577 43.604527)"
2059,7499244978,8271477535,0,nan,footway,70.8,43.6041,-116.2186,0.0,1.0,9.5435,1,0,0,0.0737,0.1466,0.3077,0.0963,0.002,True,1.0,0.0,25.0,2.0,0.0,1.0,2.0,0.92,0.0851,"LINESTRING (-116.218503 43.604391, -116.218486 43.604374, -116.218584 43.604097, -116.218599 43.604092, -116.218648 43.604075, -116.21868 43.604059, -116.218706 43.604031, -116.218724 43.603994, -116.218733 43.603956, -116.218728 43.60391, -116.218715 43.603879, -116.218689 43.60385, -116.218657 43.603838)"
2060,7500160059,8158878531,0,nan,footway,51.7,43.6164,-116.2196,0.8273,0.6667,7.1385,2,0,0,,,,,,False,1.0,0.0,25.0,2.0,0.0,1.0,6.0,0.92,0.461,"LINESTRING (-116.219465 43.616212, -116.219499 43.616263, -116.219529 43.616294, -116.219594 43.616389, -116.219678 43.616521, -116.219732 43.616602, -116.219737 43.616614, -116.219739 43.616631)"
2061,7500160063,7500160068,0,nan,footway,42.8,43.6168,-116.2195,2.1679,1.0,7.1385,11,0,0,,,,,,False,1.0,0.0,25.0,2.0,0.0,1.0,4.0,0.92,0.7772,"LINESTRING (-116.21928 43.616908, -116.219399 43.616855, -116.21953 43.616789, -116.21961 43.616748, -116.219694 43.616704, -116.219717 43.616689)"
2062,7500160068,7500160073,0,nan,footway,61.3,43.6167,-116.2191,0.0395,1.0,7.1385,12,0,0,,,,,,False,1.0,0.0,25.0,2.0,0.0,1.0,3.0,0.92,0.0,"LINESTRING (-116.219222 43.616523, -116.219238 43.616548, -116.219024 43.616621, -116.219114 43.616757, -116.219233 43.616898, -116.21928 43.616908)"
2063,7500160076,13231766147,0,West Shoreline Drive,tertiary,32.7,43.6164,-116.2198,0.2269,0.0,0.0,2,0,0,0.0041,0.2984,0.218,0.0264,0.0091,True,0.0,3.0,20.0,4.0,0.429,0.5,5.0,0.932,0.2249,"LINESTRING (-116.219687 43.616291, -116.219856 43.616558)"
2064,7500160124,7500160132,0,nan,footway,97.7,43.6171,-116.2193,0.3996,0.8333,6.1918,16,0,1,0.0232,0.2,0.246,0.0831,0.0044,True,1.0,0.0,25.0,2.0,0.0,1.0,6.0,0.92,0.1582,"LINESTRING (-116.218768 43.617306, -116.218921 43.617259, -116.219049 43.617219, -116.219254 43.61715, -116.219476 43.617064, -116.219586 43.617018, -116.21974 43.616952, -116.219809 43.61692, -116.21985 43.616918)"
2065,7500160132,8490831754,0,nan,footway,146.3,43.6178,-116.2192,0.114,1.0,6.1918,16,1,1,,,,,,False,1.0,0.0,25.0,2.0,0.0,1.0,3.0,0.92,0.0937,"LINESTRING (-116.219599 43.617472, -116.2196 43.617847, -116.21913 43.617847, -116.218802 43.617374, -116.218768 43.617306)"
2066,7501043245,7501043246,0,nan,footway,29.7,43.6049,-116.2195,0.3536,1.0,6.9571,0,0,0,0.0072,0.2002,0.303,0.0473,0.004,True,1.0,0.0,25.0,2.0,0.0,1.0,2.0,0.92,0.2421,"LINESTRING (-116.219616 43.604959, -116.219352 43.604772)"
2067,7502148004,13887141170,0,nan,footway,46.8,43.6032,-116.2185,0.0,1.0,3.8675,1,0,0,,,,,,False,1.0,0.0,25.0,2.0,0.0,1.0,2.0,0.92,0.0039,"LINESTRING (-116.218774 43.603343, -116.218622 43.603284, -116.218462 43.603213, -116.218419 43.603194, -116.218356 43.603163, -116.218285 43.603128, -116.218283 43.603122)"
2068,7502148004,7504071632,0,nan,footway,265.9,43.6021,-116.218,0.0836,1.0,4.7055,1,0,1,,,,,,False,1.0,0.0,25.0,2.0,0.0,1.0,5.0,0.92,0.1064,"LINESTRING (-116.217981 43.600873, -116.21797 43.600886, -116.217964 43.600901, -116.217961 43.601414, -116.217962 43.60172, -116.217959 43.602034, -116.217958 43.602315, -116.217957 43.602364, -116.217957 43.602406, -116.217957 43.602432, -116.217958 43.602508, -116.217956 43.602652, -116.217956 43.602821, -116.217958 43.602964, -116.217962 43.602986, -116.217974 43.603, -116.218217 43.603106, -116.218252 43.603122, -116.218269 43.603125, -116.218283 43.603122)"
2069,7504071634,7504071643,0,nan,footway,103.9,43.6009,-116.2187,0.2282,1.0,5.3841,0,0,1,0.0296,0.4578,0.1972,0.0252,0.0048,True,1.0,0.0,25.0,2.0,0.0,1.0,4.0,0.92,0.2233,"LINESTRING (-116.2193 43.600869, -116.219283 43.600865, -116.219262 43.600865, -116.219212 43.600871, -116.218994 43.600897, -116.218583 43.600922, -116.218388 43.600918, -116.218264 43.600909, -116.218047 43.600878, -116.218028 43.600865)"
2070,7504071651,7504071658,0,nan,footway,241.3,43.6019,-116.2178,0.0642,1.0,4.5824,1,0,1,,,,,,False,1.0,0.0,25.0,2.0,0.0,1.0,3.0,0.92,0.0966,"LINESTRING (-116.217794 43.60085, -116.217803 43.60086, -116.217809 43.600875, -116.217809 43.600888, -116.217806 43.60137, -116.217805 43.601844, -116.217801 43.602793, -116.217799 43.603017)"
2071,7504071658,7504071668,0,nan,footway,80.7,43.6008,-116.2173,0.031,1.0,4.4025,0,0,2,,,,,,False,1.0,0.0,25.0,2.0,0.0,1.0,3.0,0.92,0.1821,"LINESTRING (-116.216805 43.600781, -116.216832 43.600777, -116.217063 43.600776, -116.217251 43.600777, -116.217325 43.60078, -116.217458 43.60079, -116.217535 43.6008, -116.217693 43.600824, -116.217758 43.600833, -116.217781 43.600842, -116.217794 43.60085)"
2072,7504071674,7504083188,0,nan,footway,81.9,43.6008,-116.2161,0.0307,1.0,3.5851,2,0,2,0.0072,0.2594,0.2121,0.062,0.0042,True,1.0,0.0,25.0,2.0,0.0,1.0,2.0,0.92,0.0876,"LINESTRING (-116.215617 43.600791, -116.215631 43.600784, -116.21564 43.60078, -116.215653 43.600778, -116.215687 43.600778, -116.215991 43.600779, -116.216339 43.600777, -116.21652 43.600778, -116.216594 43.600779, -116.216615 43.600785, -116.216624 43.600792)"
2073,7504083194,7504083335,0,nan,footway,49.0,43.6008,-116.2152,0.0143,1.0,5.218,2,0,2,0.0336,0.1624,0.2852,0.0694,0.004,True,1.0,0.0,25.0,2.0,0.0,1.0,2.0,0.92,0.1132,"LINESTRING (-116.214916 43.600779, -116.215254 43.600779, -116.215447 43.600778, -116.215478 43.60078, -116.215524 43.600781)"
2074,7504083199,7504083335,0,nan,footway,39.3,43.6008,-116.2147,0.2084,1.0,4.7534,4,0,4,0.03,0.0859,0.3432,0.0938,0.0054,True,1.0,0.0,25.0,2.0,0.0,1.0,3.0,0.92,0.2513,"LINESTRING (-116.214916 43.600779, -116.21483 43.60078, -116.214611 43.60078, -116.21444 43.600781, -116.214429 43.600785)"
2075,7507516395,7507516403,0,nan,footway,74.4,43.6004,-116.2187,0.1254,0.8,4.0155,0,0,1,,,,,,False,1.0,0.0,25.0,2.0,0.0,1.0,3.0,0.92,0.2233,"LINESTRING (-116.218723 43.600099, -116.218722 43.600145, -116.218716 43.600165, -116.218716 43.600415, -116.218713 43.600598, -116.218713 43.600736, -116.218722 43.600751, -116.218738 43.600762)"
2076,7507516467,7507516544,0,nan,footway,74.5,43.6004,-116.2185,0.1657,0.6,3.9596,0,0,1,,,,,,False,1.0,0.0,25.0,2.0,0.0,1.0,4.0,0.92,0.3033,"LINESTRING (-116.218515 43.600763, -116.218519 43.600761, -116.218526 43.600754, -116.218529 43.600743, -116.218529 43.600605, -116.218529 43.600477, -116.218533 43.600288, -116.218533 43.600179, -116.218531 43.600161, -116.218523 43.600154, -116.21853 43.600148, -116.218528 43.6001)"
2077,7507516485,13266698490,0,nan,footway,226.9,43.6006,-116.2167,0.0669,0.6154,4.6212,2,0,2,0.2246,0.1789,0.26,0.0978,0.0048,True,1.0,0.0,25.0,2.0,0.0,1.0,5.0,0.92,0.2489,"LINESTRING (-116.215249 43.600625, -116.215403 43.600632, -116.21573 43.600631, -116.216078 43.600633, -116.216342 43.600631, -116.216542 43.600631, -116.216864 43.600632, -116.217065 43.600631, -116.217223 43.600631, -116.217307 43.60063, -116.21739 43.600638, -116.217461 43.600643, -116.217506 43.600647, -116.217654 43.600668, -116.217837 43.600697, -116.217964 43.600717, -116.218052 43.600731)"
2078,7507516485,7507516544,0,nan,footway,38.0,43.6008,-116.2183,0.0958,0.3333,4.0694,0,0,2,,,,,,False,1.0,0.0,25.0,2.0,0.0,1.0,3.0,0.92,0.4187,"LINESTRING (-116.218515 43.600763, -116.218512 43.600766, -116.218496 43.600771, -116.218474 43.600774, -116.218416 43.600774, -116.218358 43.600771, -116.21829 43.600764, -116.218178 43.600749, -116.218124 43.600742, -116.218052 43.600731)"
2079,7507516512,7507516519,0,nan,footway,49.3,43.6003,-116.2138,0.28,1.0,3.5807,3,2,4,0.0871,0.149,0.2824,0.1094,0.0079,True,1.0,0.0,25.0,2.0,0.0,1.0,4.0,0.92,0.4317,"LINESTRING (-116.213801 43.600088, -116.2138 43.600118, -116.213792 43.600388, -116.213794 43.600476, -116.213793 43.600493, -116.213794 43.600508, -116.213805 43.60053)"
2080,7507516512,13266698490,0,nan,footway,119.1,43.6006,-116.2145,0.1503,0.7143,3.0658,4,2,4,0.1836,0.1481,0.307,0.1264,0.0144,True,1.0,0.0,25.0,2.0,0.0,1.0,6.0,0.92,0.4464,"LINESTRING (-116.215249 43.600625, -116.215146 43.600621, -116.214926 43.600611, -116.21478 43.600603, -116.214631 43.600596, -116.21449 43.600596, -116.214239 43.600595, -116.213965 43.600591, -116.213896 43.600587, -116.213866 43.60058, -116.213839 43.600566, -116.21382 43.60055, -116.213805 43.60053)"
2081,7509249750,7509249763,0,nan,footway,107.0,43.6013,-116.2121,0.0526,0.6667,5.8182,3,0,2,0.0647,0.1888,0.2887,0.0586,0.0019,True,1.0,0.0,25.0,2.0,0.0,1.0,7.0,0.92,0.2266,"LINESTRING (-116.211816 43.6008, -116.211836 43.600838, -116.211946 43.601048, -116.212046 43.601243, -116.212115 43.601372, -116.212149 43.60144, -116.212194 43.601507, -116.212256 43.601602, -116.212272 43.601623, -116.212293 43.601635, -116.212319 43.601644, -116.212345 43.601648, -116.212366 43.601645)"
2082,7509249750,7509260410,0,nan,footway,152.8,43.6011,-116.2129,0.377,0.4444,6.2154,7,2,2,0.0688,0.2825,0.2455,0.01,0.0008,True,1.0,0.0,25.0,2.0,0.0,1.0,6.0,0.92,0.5438,"LINESTRING (-116.213437 43.600522, -116.213429 43.600537, -116.213415 43.600559, -116.213396 43.600583, -116.213353 43.600625, -116.213002 43.600932, -116.212907 43.60102, -116.212815 43.60111, -116.212653 43.601301, -116.212592 43.601387, -116.212516 43.601487, -116.212432 43.601605, -116.212411 43.601626, -116.212388 43.601638, -116.212366 43.601645)"
2083,7512659975,7512683921,0,nan,footway,42.8,43.6048,-116.2115,0.332,1.0,6.2942,1,1,3,0.0193,0.2151,0.1848,0.1616,0.0145,True,1.0,0.0,25.0,2.0,0.0,1.0,4.0,0.92,0.437,"LINESTRING (-116.211556 43.604579, -116.211543 43.604616, -116.211531 43.604632, -116.211504 43.604713, -116.211515 43.60474, -116.211466 43.604835, -116.211428 43.604843, -116.211403 43.60488, -116.211373 43.604891, -116.211363 43.604911)"
2084,7512659975,7512659980,0,nan,footway,31.6,43.6049,-116.2112,0.031,1.0,6.2942,1,1,3,,,,,,False,1.0,0.0,25.0,2.0,0.0,1.0,5.0,0.92,0.3196,"LINESTRING (-116.210995 43.604825, -116.211036 43.604833, -116.211079 43.604829, -116.211115 43.604837, -116.211363 43.604911)"
2085,7512659980,7512659982,0,nan,footway,37.6,43.6048,-116.2108,0.0,0.3333,6.2942,0,0,3,,,,,,False,1.0,0.0,25.0,2.0,0.0,1.0,5.0,0.92,0.4728,"LINESTRING (-116.210564 43.604702, -116.210922 43.604801, -116.21094 43.604815, -116.210995 43.604825)"
2086,7512659982,7512683886,0,nan,footway,29.2,43.6047,-116.2104,0.0,0.5,7.4637,1,0,3,,,,,,False,1.0,0.0,25.0,2.0,0.0,1.0,5.0,0.92,0.3852,"LINESTRING (-116.210224 43.604617, -116.210271 43.604632, -116.210292 43.604629, -116.210564 43.604702)"
2087,7512683886,7512683919,0,nan,footway,60.2,43.6045,-116.2099,0.0,1.0,7.4637,2,1,3,0.0029,0.0776,0.0216,0.0719,0.0055,True,1.0,0.0,25.0,2.0,0.0,1.0,9.0,0.92,0.2946,"LINESTRING (-116.209532 43.604429, -116.209545 43.604433, -116.209573 43.604425, -116.210078 43.604565, -116.21015 43.604596, -116.210224 43.604617)"
2088,7512683896,7512683897,0,nan,footway,62.7,43.6046,-116.2095,0.4799,1.0,11.0891,2,1,3,0.0096,0.1462,0.0974,0.1202,0.0094,True,1.0,0.0,25.0,2.0,0.0,1.0,8.0,0.92,0.5192,"LINESTRING (-116.209482 43.604831, -116.209516 43.604816, -116.20961 43.60463, -116.209261 43.604533, -116.209187 43.604514, -116.209191 43.604505)"
2089,7512683904,7512683908,0,nan,footway,40.3,43.604,-116.2094,0.0,1.0,9.853,2,1,3,0.0001,0.0304,0.0089,0.0304,0.0,True,1.0,0.0,25.0,2.0,0.0,1.0,3.0,0.92,0.3207,"LINESTRING (-116.209522 43.603871, -116.209513 43.603891, -116.20944 43.604033, -116.209398 43.604111, -116.209346 43.60421)"
2090,7512683925,7512683930,0,nan,footway,69.3,43.6041,-116.2117,0.0302,0.25,7.7772,1,0,2,0.0017,0.1281,0.3389,0.0398,0.0057,True,1.0,0.0,25.0,2.0,0.0,1.0,5.0,0.92,0.4294,"LINESTRING (-116.211736 43.60382, -116.211743 43.60383, -116.211746 43.603841, -116.211725 43.603987, -116.211662 43.604233, -116.21162 43.604388, -116.211608 43.604433)"
2091,7512683956,7512683958,0,nan,footway,88.1,43.6033,-116.2116,0.1537,1.0,7.34,3,0,4,0.0112,0.2726,0.1896,0.0726,0.0155,True,1.0,0.0,25.0,2.0,0.0,1.0,3.0,0.92,0.2846,"LINESTRING (-116.211356 43.602972, -116.211566 43.603335, -116.211678 43.603726)"
2092,7512683958,7512684025,0,nan,footway,33.8,43.603,-116.2112,0.0663,1.0,7.0486,1,0,4,,,,,,False,1.0,0.0,25.0,2.0,0.0,1.0,1.0,0.92,0.2955,"LINESTRING (-116.211173 43.603165, -116.211121 43.603073, -116.21112 43.603067, -116.211123 43.603062, -116.211131 43.603058, -116.211232 43.603006, -116.211271 43.602991, -116.211356 43.602972)"
2093,7512683976,7516052714,0,nan,footway,259.0,43.6029,-116.2096,0.0343,1.0,4.4916,4,0,2,,,,,,False,1.0,0.0,25.0,2.0,0.0,1.0,5.0,0.92,0.0721,"LINESTRING (-116.208058 43.60271, -116.208095 43.602706, -116.208138 43.602708, -116.208443 43.60275, -116.208626 43.602773, -116.208819 43.6028, -116.209061 43.602832, -116.209269 43.602861, -116.209466 43.602887, -116.20954 43.602893, -116.209613 43.602893, -116.209675 43.602892, -116.209741 43.602887, -116.209798 43.602882, -116.209837 43.602876, -116.209916 43.602858, -116.209979 43.60284, -116.210021 43.602826, -116.210075 43.602807, -116.210172 43.602759, -116.210471 43.602585, -116.210747 43.602425, -116.210889 43.602341, -116.210951 43.602303, -116.210967 43.602298, -116.210985 43.602299)"
2094,7512683976,7512684043,0,nan,footway,79.9,43.6026,-116.2112,0.048,1.0,4.7001,2,0,4,0.0346,0.3377,0.1846,0.061,0.0026,True,1.0,0.0,25.0,2.0,0.0,1.0,3.0,0.92,0.2236,"LINESTRING (-116.211324 43.602922, -116.211307 43.602894, -116.211302 43.602887, -116.211344 43.60287, -116.211354 43.602861, -116.211363 43.602848, -116.211364 43.602837, -116.211359 43.602828, -116.21135 43.602814, -116.211298 43.602741, -116.211269 43.602688, -116.211223 43.602619, -116.211179 43.60254, -116.211067 43.602383, -116.211012 43.60231, -116.211003 43.602304, -116.210985 43.602299)"
2095,7512684011,7516052714,0,nan,footway,84.7,43.603,-116.2077,0.0197,0.6,5.2022,4,1,1,,,,,,False,1.0,0.0,25.0,2.0,0.0,1.0,5.0,0.92,0.2582,"LINESTRING (-116.208058 43.60271, -116.208032 43.602713, -116.207984 43.602728, -116.207956 43.602743, -116.207916 43.602774, -116.207896 43.602798, -116.20769 43.60308, -116.207568 43.603256, -116.207561 43.603276, -116.207544 43.603301, -116.207517 43.603341)"
2096,7512684012,7512684019,0,nan,footway,51.9,43.6036,-116.2073,0.1312,1.0,5.2701,5,1,1,,,,,,False,1.0,0.0,25.0,2.0,0.0,1.0,7.0,0.92,0.1592,"LINESTRING (-116.207184 43.603838, -116.207183 43.603819, -116.20719 43.603801, -116.207236 43.603735, -116.207319 43.603611, -116.207399 43.603498, -116.207457 43.603418)"
2097,7512684020,7512684031,0,nan,path,42.8,43.6034,-116.211,0.0,1.0,7.7076,3,0,2,,,,,,False,1.0,0.0,25.0,2.0,0.0,1.0,2.0,0.92,0.1228,"LINESTRING (-116.210826 43.60354, -116.210838 43.603534, -116.211112 43.603381, -116.211259 43.603317)"
2098,7512684024,7512684031,0,nan,path,39.8,43.6036,-116.2106,0.0,1.0,6.8626,2,0,2,,,,,,False,1.0,0.0,25.0,2.0,0.0,1.0,0.0,0.92,0.1323,"LINESTRING (-116.210826 43.60354, -116.210588 43.603643, -116.210424 43.603746)"
2099,7512684025,7512684028,0,nan,footway,46.9,43.6033,-116.2109,0.0,1.0,7.7076,5,0,2,,,,,,False,1.0,0.0,25.0,2.0,0.0,1.0,2.0,0.92,0.0943,"LINESTRING (-116.210699 43.603409, -116.21088 43.603312, -116.211079 43.603211, -116.211173 43.603165)"
2100,7512684028,7512684030,0,nan,footway,43.7,43.6035,-116.2105,0.0,1.0,8.0036,2,0,2,,,,,,False,1.0,0.0,25.0,2.0,0.0,1.0,0.0,0.92,0.1465,"LINESTRING (-116.210261 43.60364, -116.210312 43.603603, -116.210699 43.603409)"
2101,7512684032,7512684042,0,nan,footway,53.7,43.6043,-116.212,0.202,0.3333,5.3264,1,0,2,0.0354,0.1705,0.3179,0.0103,0.0114,True,1.0,0.0,25.0,2.0,0.0,1.0,7.0,0.92,0.4347,"LINESTRING (-116.211914 43.604058, -116.211914 43.604097, -116.211916 43.604119, -116.211926 43.604142, -116.211943 43.604171, -116.212094 43.60433, -116.212132 43.60436, -116.212182 43.604381, -116.212234 43.604391, -116.212267 43.604392, -116.212304 43.604383)"
2102,7516027532,7516027534,0,nan,footway,27.0,43.6042,-116.2114,0.0,1.0,7.0438,2,0,3,,,,,,False,1.0,0.0,25.0,2.0,0.0,1.0,2.0,0.92,0.1879,"LINESTRING (-116.211419 43.604126, -116.211385 43.604261, -116.21136 43.604366)"
2103,7516027534,7516027537,0,nan,footway,29.4,43.604,-116.2115,0.0109,1.0,6.9118,2,0,2,,,,,,False,1.0,0.0,25.0,2.0,0.0,1.0,3.0,0.92,0.1372,"LINESTRING (-116.211473 43.603865, -116.211462 43.603949, -116.211454 43.603984, -116.211419 43.604126)"
2104,7516027534,7516027552,0,nan,path,30.1,43.6041,-116.2112,0.0,1.0,7.9583,2,0,3,,,,,,False,1.0,0.0,25.0,2.0,0.0,1.0,3.0,0.92,0.1992,"LINESTRING (-116.211085 43.604057, -116.211187 43.604072, -116.211182 43.604091, -116.211419 43.604126)"
2105,7516027537,7516027543,0,nan,footway,29.3,43.6039,-116.2113,0.0049,1.0,6.9118,2,0,2,,,,,,False,1.0,0.0,25.0,2.0,0.0,1.0,2.0,0.92,0.1348,"LINESTRING (-116.211113 43.603905, -116.211284 43.603882, -116.211364 43.603872, -116.211473 43.603865)"
2106,7516027555,7516027557,0,nan,path,40.9,43.6036,-116.2111,0.0,1.0,7.8755,2,0,2,,,,,,False,1.0,0.0,25.0,2.0,0.0,1.0,2.0,0.92,0.145,"LINESTRING (-116.21086 43.603589, -116.211214 43.603537, -116.211355 43.603509)"
2107,7516027558,7516027562,0,nan,footway,57.8,43.6037,-116.2111,0.0023,1.0,7.0518,2,0,2,,,,,,False,1.0,0.0,25.0,2.0,0.0,1.0,2.0,0.92,0.1357,"LINESTRING (-116.210735 43.603793, -116.210758 43.603774, -116.210847 43.603763, -116.211201 43.603717, -116.211432 43.603694)"
2108,7516027567,7516027573,0,nan,footway,27.7,43.6023,-116.2108,0.0233,1.0,5.8894,2,0,3,,,,,,False,1.0,0.0,25.0,2.0,0.0,1.0,2.0,0.92,0.1807,"LINESTRING (-116.210618 43.602367, -116.210642 43.602353, -116.210766 43.602281, -116.21085 43.60223, -116.21087 43.602219, -116.210877 43.602206)"
2109,7516027567,7516052786,0,nan,footway,83.4,43.6019,-116.2105,0.0041,0.8,6.0851,1,0,3,0.0429,0.4171,0.114,0.0647,0.0013,True,1.0,0.0,25.0,2.0,0.0,1.0,3.0,0.92,0.27,"LINESTRING (-116.210117 43.601708, -116.210155 43.601729, -116.210327 43.601829, -116.210582 43.601978, -116.210739 43.602073, -116.210862 43.602172, -116.210877 43.602189, -116.210877 43.602206)"
2110,7516027573,7516052687,0,nan,footway,116.4,43.6027,-116.2101,0.0855,1.0,5.3739,3,0,2,,,,,,False,1.0,0.0,25.0,2.0,0.0,1.0,3.0,0.92,0.1233,"LINESTRING (-116.209359 43.60277, -116.209467 43.602785, -116.20949 43.602785, -116.209553 43.60279, -116.209636 43.602791, -116.209689 43.602788, -116.209772 43.602778, -116.209869 43.60276, -116.20993 43.602745, -116.210009 43.602712, -116.21009 43.602676, -116.210256 43.602579, -116.210462 43.602458, -116.210585 43.602388, -116.210618 43.602367)"
2111,7516052687,7516052696,0,nan,footway,99.2,43.6027,-116.2088,0.0106,0.8333,4.952,0,0,1,,,,,,False,1.0,0.0,25.0,2.0,0.0,1.0,2.0,0.92,0.1856,"LINESTRING (-116.208179 43.602563, -116.208217 43.602599, -116.208259 43.602618, -116.208318 43.60263, -116.208484 43.602652, -116.208684 43.602678, -116.208849 43.602701, -116.209075 43.60273, -116.209246 43.602752, -116.209306 43.602764, -116.209359 43.60277)"
2112,7516052696,7516052710,0,nan,footway,128.0,43.6021,-116.2085,0.097,0.875,5.0313,1,0,0,,,,,,False,1.0,0.0,25.0,2.0,0.0,1.0,3.0,0.92,0.1052,"LINESTRING (-116.208947 43.601576, -116.208821 43.601722, -116.208632 43.601938, -116.208531 43.602054, -116.208417 43.602186, -116.208289 43.602332, -116.20819 43.602448, -116.208171 43.602474, -116.208164 43.602497, -116.208161 43.602519, -116.208167 43.602539, -116.208179 43.602563)"
2113,7516052708,7516052780,0,South Chrisway Drive,residential,47.4,43.6014,-116.209,0.0292,0.6667,3.5919,1,0,1,,,,,,False,0.0,2.0,15.0,2.0,0.107,1.0,2.0,0.983,0.1715,"LINESTRING (-116.209175 43.601171, -116.208921 43.601468, -116.208864 43.601533)"
2114,7516052720,7516052728,0,nan,footway,33.2,43.6032,-116.2074,0.0824,0.5,5.8783,3,0,0,,,,,,False,1.0,0.0,25.0,2.0,0.0,1.0,3.0,0.92,0.1872,"LINESTRING (-116.207531 43.603074, -116.207511 43.603102, -116.207423 43.603228, -116.207369 43.603309, -116.207358 43.603322, -116.207347 43.60333, -116.207335 43.603334)"
2115,7516052728,7516052741,0,nan,footway,250.6,43.6021,-116.2083,0.0387,1.0,4.2676,2,0,0,,,,,,False,1.0,0.0,25.0,2.0,0.0,1.0,9.0,0.92,0.0,"LINESTRING (-116.209122 43.601153, -116.209138 43.601176, -116.209136 43.601191, -116.208934 43.60142, -116.20881 43.601564, -116.208654 43.601742, -116.208518 43.601897, -116.208411 43.602023, -116.208289 43.602162, -116.208117 43.602359, -116.207978 43.60252, -116.207869 43.602644, -116.207752 43.60278, -116.207563 43.603028, -116.207531 43.603074)"
2116,7516052741,7516052752,0,nan,footway,87.2,43.6009,-116.2087,0.052,0.8,0.0,2,0,0,0.092,0.4567,0.096,0.0159,0.0015,True,1.0,0.0,25.0,2.0,0.0,1.0,3.0,0.92,0.0,"LINESTRING (-116.208214 43.600751, -116.208234 43.600748, -116.208257 43.60075, -116.208328 43.600772, -116.208505 43.600837, -116.208634 43.600883, -116.208706 43.600909, -116.208777 43.600943, -116.208952 43.601038, -116.209068 43.601102, -116.209104 43.601131, -116.209122 43.601153)"
2117,7516052752,7516052774,0,nan,footway,303.7,43.6019,-116.2072,0.0328,0.8235,6.0846,5,0,0,0.061,0.4285,0.1471,0.0446,0.0023,True,1.0,0.0,25.0,2.0,0.0,1.0,11.0,0.92,0.0367,"LINESTRING (-116.20634 43.603113, -116.206371 43.603071, -116.206566 43.602785, -116.206679 43.602618, -116.206809 43.602427, -116.206873 43.602336, -116.206947 43.60223, -116.207079 43.602036, -116.207149 43.601939, -116.207233 43.601845, -116.207312 43.601751, -116.207442 43.601607, -116.20757 43.601463, -116.207712 43.6013, -116.207782 43.601219, -116.207885 43.601102, -116.207985 43.600989, -116.208059 43.600904, -116.208136 43.600816, -116.208174 43.600772, -116.20819 43.600759, -116.208214 43.600751)"
2118,7516052774,7516052777,0,nan,footway,31.8,43.6032,-116.2062,0.6315,1.0,6.9274,3,0,0,0.0136,0.293,0.1534,0.0575,0.0094,True,1.0,0.0,25.0,2.0,0.0,1.0,4.0,0.92,0.2526,"LINESTRING (-116.206178 43.60337, -116.206181 43.603339, -116.206256 43.60323, -116.206317 43.603145, -116.20634 43.603113)"
2119,7516052780,7516052786,0,nan,footway,96.6,43.6014,-116.2096,0.0393,1.0,6.0091,2,0,2,0.0568,0.3956,0.0958,0.1028,0.0068,True,1.0,0.0,25.0,2.0,0.0,1.0,3.0,0.92,0.1355,"LINESTRING (-116.210117 43.601708, -116.210095 43.601695, -116.209704 43.601471, -116.209426 43.601307, -116.209329 43.60125, -116.209273 43.601231, -116.209175 43.601171)"
2120,7516052827,7516052852,0,nan,footway,28.4,43.6007,-116.2062,0.0295,1.0,4.2709,0,0,0,,,,,,False,1.0,0.0,25.0,2.0,0.0,1.0,1.0,0.92,0.0725,"LINESTRING (-116.206206 43.600799, -116.206202 43.60078, -116.206185 43.600732, -116.206168 43.600691, -116.206171 43.600684, -116.206261 43.600564)"
2121,7516052836,11004564917,0,nan,footway,37.0,43.6005,-116.2076,0.0063,1.0,6.8559,1,0,0,,,,,,False,1.0,0.0,25.0,2.0,0.0,1.0,2.0,0.92,0.0566,"LINESTRING (-116.20777 43.60058, -116.207719 43.600551, -116.20764 43.600501, -116.207544 43.600435, -116.207486 43.60039, -116.207442 43.600349)"
2122,7516052845,11004564919,0,nan,footway,25.6,43.6008,-116.208,0.016,1.0,6.8559,1,0,0,,,,,,False,1.0,0.0,25.0,2.0,0.0,1.0,3.0,0.92,0.0604,"LINESTRING (-116.207885 43.600915, -116.207998 43.600787, -116.208029 43.600749, -116.208038 43.600733, -116.208035 43.600716)"
2123,7516052845,11004564917,0,nan,footway,26.7,43.6006,-116.2079,0.0322,1.0,6.8559,1,0,0,,,,,,False,1.0,0.0,25.0,2.0,0.0,1.0,2.0,0.92,0.0667,"LINESTRING (-116.20777 43.60058, -116.207787 43.60059, -116.207843 43.600618, -116.207906 43.600645, -116.207996 43.600681, -116.208022 43.600694, -116.208033 43.600707, -116.208035 43.600716)"
2124,7516052849,7516052852,0,nan,footway,192.2,43.6014,-116.2067,0.0724,1.0,4.5583,1,0,0,,,,,,False,1.0,0.0,25.0,2.0,0.0,1.0,3.0,0.92,0.0461,"LINESTRING (-116.206206 43.600799, -116.206208 43.600812, -116.206209 43.600864, -116.206204 43.600902, -116.206197 43.600943, -116.206185 43.600977, -116.206162 43.601029, -116.206165 43.601162, -116.206179 43.601202, -116.206204 43.601222, -116.20624 43.601245, -116.206268 43.601257, -116.206463 43.601326, -116.206681 43.601406, -116.206879 43.601476, -116.207119 43.601566, -116.207226 43.601603, -116.207255 43.601612, -116.20727 43.601609, -116.20728 43.601604, -116.207371 43.601502, -116.207591 43.601252)"
2125,7567535293,9451654286,0,nan,footway,83.5,43.6103,-116.2062,0.0825,0.6,7.1754,5,0,5,0.0693,0.0755,0.3409,0.0965,0.0133,True,1.0,0.0,25.0,2.0,0.0,1.0,9.0,0.92,0.4103,"LINESTRING (-116.205643 43.610351, -116.205936 43.610326, -116.206198 43.610282, -116.206262 43.61029, -116.206315 43.610321, -116.206311 43.610355, -116.206333 43.61038, -116.206362 43.610391, -116.2064 43.610391, -116.206431 43.610379, -116.206534 43.610434, -116.206544 43.610446)"
2126,7567535293,7567535304,0,nan,footway,85.4,43.6108,-116.2062,0.9519,0.4,7.1754,33,7,5,0.0232,0.0861,0.335,0.0666,0.0183,True,1.0,0.0,25.0,2.0,0.0,1.0,13.0,0.92,0.9972,"LINESTRING (-116.205924 43.611068, -116.205943 43.611054, -116.206014 43.610974, -116.206067 43.610923, -116.206166 43.610812, -116.206349 43.610622, -116.20643 43.610542, -116.20649 43.610499, -116.206544 43.610446)"
2127,7567535303,7567535304,0,nan,footway,52.4,43.611,-116.2057,0.241,0.6667,7.1754,32,7,4,,,,,,False,1.0,0.0,25.0,2.0,0.0,1.0,3.0,0.92,0.5817,"LINESTRING (-116.205924 43.611068, -116.205909 43.611079, -116.205687 43.610969, -116.205394 43.610819)"
2128,7567535308,7567535315,0,nan,footway,43.6,43.6114,-116.2057,1.0094,0.6667,8.0543,31,8,4,0.0084,0.1832,0.3213,0.0302,0.0034,True,1.0,0.0,25.0,2.0,0.0,1.0,6.0,0.92,0.9113,"LINESTRING (-116.205514 43.611524, -116.205526 43.61152, -116.205677 43.611359, -116.205782 43.611252, -116.205814 43.611219, -116.205816 43.611202)"
2129,7567535318,7567535322,0,nan,footway,29.2,43.6117,-116.2053,1.1778,1.0,7.4201,31,6,4,0.026,0.0731,0.3627,0.0891,0.0046,True,1.0,0.0,25.0,2.0,0.0,1.0,8.0,0.92,0.8236,"LINESTRING (-116.205226 43.611788, -116.205266 43.611764, -116.205383 43.611641, -116.20541 43.611624, -116.205433 43.611614, -116.205457 43.61159)"
2130,7567535322,7567535327,0,nan,footway,45.0,43.6117,-116.205,1.0409,1.0,7.4201,29,5,4,0.007,0.0224,0.396,0.281,0.0023,True,1.0,0.0,25.0,2.0,0.0,1.0,8.0,0.92,0.7521,"LINESTRING (-116.204759 43.611572, -116.204778 43.611582, -116.204819 43.611604, -116.20516 43.611778, -116.205226 43.611788)"
2131,7567535322,7567535337,0,nan,footway,26.9,43.6119,-116.2054,1.2815,1.0,4.1686,18,6,5,0.0264,0.0398,0.2147,0.285,0.0073,True,1.0,0.0,25.0,2.0,0.0,1.0,9.0,0.92,0.9026,"LINESTRING (-116.205498 43.611929, -116.20546 43.61191, -116.205372 43.611864, -116.205267 43.611808, -116.205226 43.611788)"
2132,7567535322,7570761545,0,nan,footway,28.6,43.6119,-116.2051,0.805,1.0,13.8004,17,5,5,0.0083,0.0288,0.333,0.1699,0.0042,True,1.0,0.0,25.0,2.0,0.0,1.0,8.0,0.92,0.8085,"LINESTRING (-116.205033 43.611999, -116.205068 43.611985, -116.20513 43.611913, -116.205202 43.611815, -116.205226 43.611788)"
2133,7567535327,7567535330,0,nan,footway,47.7,43.6114,-116.2045,0.8995,1.0,7.4201,19,5,3,0.0045,0.206,0.3244,0.091,0.008,True,1.0,0.0,25.0,2.0,0.0,1.0,7.0,0.92,0.6723,"LINESTRING (-116.204282 43.61132, -116.204289 43.611331, -116.204671 43.611524, -116.204716 43.611549, -116.204759 43.611572)"
2134,7567535345,7567535350,0,nan,footway,96.4,43.611,-116.2036,0.5329,0.0,0.0,16,4,3,0.054,0.1179,0.234,0.1636,0.0058,True,1.0,0.0,25.0,2.0,0.0,1.0,9.0,0.92,0.6175,"LINESTRING (-116.203109 43.610725, -116.203318 43.610832, -116.203773 43.611065, -116.20404 43.611203, -116.204092 43.61122)"
2135,7567535350,7567535370,0,nan,footway,35.2,43.6106,-116.2032,0.5501,0.0,0.0,7,0,3,0.1042,0.1578,0.2377,0.124,0.004,True,1.0,0.0,25.0,2.0,0.0,1.0,6.0,0.92,0.4417,"LINESTRING (-116.203364 43.610468, -116.203321 43.610502, -116.203144 43.610688, -116.203109 43.610725)"
2136,7567535361,7567535372,0,nan,footway,50.8,43.6105,-116.2026,0.04,0.6667,0.0,7,0,3,0.0528,0.119,0.281,0.1404,0.0014,True,1.0,0.0,25.0,2.0,0.0,1.0,8.0,0.92,0.0248,"LINESTRING (-116.202388 43.610397, -116.202421 43.610413, -116.202562 43.610485, -116.202824 43.610617, -116.202874 43.610637, -116.202915 43.610627)"
2137,7567535372,7567535376,0,nan,footway,52.4,43.6103,-116.2021,0.0459,0.0,0.0,9,0,3,0.0064,0.2663,0.1999,0.0565,0.0152,True,1.0,0.0,25.0,2.0,0.0,1.0,5.0,0.92,0.2295,"LINESTRING (-116.201896 43.610116, -116.201887 43.610128, -116.201888 43.610142, -116.201899 43.610152, -116.20235 43.610378, -116.202388 43.610397)"
2138,7567535379,7567535382,0,nan,footway,27.4,43.6099,-116.2021,0.0078,1.0,5.2264,9,0,3,,,,,,False,1.0,0.0,25.0,2.0,0.0,1.0,3.0,0.92,0.0795,"LINESTRING (-116.202169 43.609829, -116.202116 43.609887, -116.202065 43.609939, -116.202016 43.609986, -116.201974 43.610031)"
2139,7570761493,7570761504,0,nan,footway,41.9,43.6125,-116.206,0.944,1.0,0.0,44,3,5,0.0068,0.2172,0.0609,0.2187,0.0044,True,1.0,0.0,25.0,2.0,0.0,1.0,9.0,0.92,0.4562,"LINESTRING (-116.205827 43.612377, -116.206229 43.612583, -116.206251 43.612596)"
2140,7570761494,11836038360,0,nan,footway,55.9,43.6128,-116.206,2.2431,1.0,13.3817,96,8,6,0.0403,0.031,0.0082,0.3006,0.0409,True,1.0,0.0,25.0,2.0,0.0,1.0,11.0,0.92,1.0,"LINESTRING (-116.205845 43.613027, -116.206243 43.612616)"
2141,7570761495,11836038360,0,nan,footway,28.6,43.6131,-116.2057,1.6997,1.0,13.3817,88,17,6,0.1088,0.1508,0.0216,0.3944,0.0111,True,1.0,0.0,25.0,2.0,0.0,1.0,8.0,0.92,1.0,"LINESTRING (-116.205845 43.613027, -116.20564 43.613238)"
2142,7570761496,7570761498,0,nan,footway,38.3,43.6131,-116.2054,0.8793,1.0,13.3817,79,18,5,0.1614,0.1327,0.0076,0.1215,0.0131,True,1.0,0.0,25.0,2.0,0.0,1.0,9.0,0.92,0.8984,"LINESTRING (-116.205215 43.613045, -116.20534 43.613107, -116.205607 43.613241)"
2143,7570761517,7570761530,0,nan,footway,43.3,43.6122,-116.2055,0.9681,1.0,18.1326,23,5,5,0.0041,0.004,0.24,0.4408,0.0047,True,1.0,0.0,25.0,2.0,0.0,1.0,7.0,0.92,0.8788,"LINESTRING (-116.205292 43.612157, -116.205356 43.612151, -116.2055 43.612223, -116.20553 43.612258, -116.205674 43.612331, -116.205739 43.612337)"
2144,7570761525,7570761530,0,nan,footway,83.2,43.6124,-116.205,0.8194,1.0,18.1326,53,9,6,0.0284,0.1164,0.1962,0.231,0.0039,True,1.0,0.0,25.0,2.0,0.0,1.0,10.0,0.92,0.8919,"LINESTRING (-116.205292 43.612157, -116.205248 43.612162, -116.205008 43.612417, -116.20496 43.612466, -116.204692 43.612754)"
2145,7570761526,7570761529,0,nan,footway,44.1,43.6129,-116.2049,0.838,1.0,18.1326,44,10,6,0.0328,0.0957,0.1901,0.3495,0.0133,True,1.0,0.0,25.0,2.0,0.0,1.0,6.0,0.92,0.9259,"LINESTRING (-116.205143 43.612998, -116.205126 43.612991, -116.205095 43.612982, -116.204683 43.612783)"
2146,7570761535,7570761538,0,nan,footway,82.0,43.6123,-116.2047,0.9234,1.0,13.8004,36,12,5,0.0094,0.0682,0.2202,0.2745,0.0131,True,1.0,0.0,25.0,2.0,0.0,1.0,9.0,0.92,0.9172,"LINESTRING (-116.20439 43.612563, -116.204521 43.612549, -116.20496 43.612094, -116.205034 43.612026)"
2147,7570761538,7570761549,0,nan,footway,38.5,43.6125,-116.2042,0.6075,1.0,10.9692,15,5,6,0.0465,0.0478,0.0755,0.7196,0.0027,True,1.0,0.0,25.0,2.0,0.0,1.0,5.0,0.92,0.7707,"LINESTRING (-116.203998 43.612365, -116.20439 43.612563)"
2148,7570761539,7570761540,0,nan,footway,81.9,43.6118,-116.2038,1.1507,1.0,5.3068,17,7,6,0.0978,0.1189,0.21,0.2276,0.0072,True,1.0,0.0,25.0,2.0,0.0,1.0,11.0,0.92,0.9491,"LINESTRING (-116.204095 43.611516, -116.203506 43.612117)"
2149,7570761539,7570761549,0,nan,footway,48.3,43.6122,-116.2038,1.4267,1.0,5.3068,12,5,7,0.1803,0.1704,0.1996,0.1888,0.0102,True,1.0,0.0,25.0,2.0,0.0,1.0,8.0,0.92,1.0,"LINESTRING (-116.203998 43.612365, -116.203506 43.612117)"
2150,7570761540,7570761543,0,nan,footway,47.9,43.6116,-116.2043,1.137,1.0,8.138,19,7,4,0.0196,0.0622,0.2312,0.2254,0.0052,True,1.0,0.0,25.0,2.0,0.0,1.0,6.0,0.92,0.8688,"LINESTRING (-116.204584 43.611762, -116.204559 43.611754, -116.204095 43.611516)"
2151,7570761543,7570761545,0,nan,footway,45.8,43.6119,-116.2048,1.0563,1.0,13.8004,22,6,5,0.006,0.0107,0.3738,0.3299,0.0084,True,1.0,0.0,25.0,2.0,0.0,1.0,8.0,0.92,0.9118,"LINESTRING (-116.205033 43.611999, -116.205032 43.611975, -116.204994 43.611956, -116.204644 43.611784, -116.204584 43.611762)"
2152,7581554697,7581554701,0,nan,footway,85.5,43.6117,-116.2036,0.4828,1.0,0.0,19,7,6,0.0806,0.0773,0.2224,0.2602,0.0123,True,1.0,0.0,25.0,2.0,0.0,1.0,10.0,0.92,0.4879,"LINESTRING (-116.203327 43.612051, -116.20341 43.611969, -116.203769 43.611599, -116.203918 43.611442, -116.203928 43.611418)"
2153,7581554697,7581554710,0,nan,footway,49.9,43.6113,-116.2037,0.3107,1.0,13.6528,11,4,5,0.066,0.0636,0.2338,0.2693,0.0099,True,1.0,0.0,25.0,2.0,0.0,1.0,5.0,0.92,0.6166,"LINESTRING (-116.203417 43.611168, -116.203447 43.611184, -116.203587 43.611235, -116.203719 43.611303, -116.203795 43.611342, -116.203921 43.611408, -116.203928 43.611418)"
2154,7581554704,7590632061,0,nan,footway,46.2,43.6117,-116.2026,1.7123,1.0,13.6528,12,7,5,,,,,,False,1.0,0.0,25.0,2.0,0.0,1.0,6.0,0.92,1.0,"LINESTRING (-116.20234 43.611546, -116.202777 43.611772, -116.202809 43.611786)"
2155,7581554704,7590632056,0,nan,footway,48.3,43.6119,-116.2031,1.002,1.0,0.0,20,8,6,,,,,,False,1.0,0.0,25.0,2.0,0.0,1.0,5.0,0.92,0.7042,"LINESTRING (-116.2033 43.612037, -116.202832 43.611796, -116.202809 43.611786)"
2156,7581554705,7581554706,0,nan,footway,82.9,43.6112,-116.2026,1.1297,1.0,13.6528,10,7,4,0.1702,0.1127,0.0993,0.3288,0.0093,True,1.0,0.0,25.0,2.0,0.0,1.0,7.0,0.92,0.9575,"LINESTRING (-116.202918 43.610928, -116.202332 43.611542)"
2157,7581554706,7581554710,0,nan,footway,48.4,43.6111,-116.2032,1.1724,1.0,13.6528,12,5,4,0.1049,0.0878,0.1198,0.3402,0.0111,True,1.0,0.0,25.0,2.0,0.0,1.0,3.0,0.92,0.9203,"LINESTRING (-116.203417 43.611168, -116.203372 43.611145, -116.203308 43.611124, -116.202918 43.610928)"
2158,7581554718,7581554719,0,nan,footway,76.0,43.6137,-116.2052,1.84,1.0,9.9857,79,22,6,0.126,0.1654,0.0106,0.4624,0.0188,True,1.0,0.0,25.0,2.0,0.0,1.0,8.0,0.92,1.0,"LINESTRING (-116.20495 43.613956, -116.205484 43.613393)"
2159,7581554719,7581554720,0,nan,footway,92.1,43.6137,-116.2045,0.8739,1.0,9.9857,72,25,7,0.1278,0.0811,0.0024,0.6062,0.0056,True,1.0,0.0,25.0,2.0,0.0,1.0,5.0,0.92,1.0,"LINESTRING (-116.204022 43.613472, -116.20495 43.613956)"
2160,7581554720,7581554721,0,nan,footway,75.0,43.6132,-116.2043,1.1306,1.0,0.0,36,16,6,0.015,0.0019,0.1272,0.501,0.0036,True,1.0,0.0,25.0,2.0,0.0,1.0,7.0,0.92,0.8076,"LINESTRING (-116.204558 43.612921, -116.204022 43.613472)"
2161,7581554721,7581554729,0,nan,footway,56.5,43.6131,-116.2048,0.6811,1.0,9.9857,55,15,6,0.0176,0.0,0.2216,0.3862,0.0063,True,1.0,0.0,25.0,2.0,0.0,1.0,6.0,0.92,0.8459,"LINESTRING (-116.205132 43.613213, -116.204586 43.612935, -116.204558 43.612921)"
2162,7581554729,7581554733,0,nan,footway,32.9,43.6133,-116.2053,1.0931,1.0,9.9857,79,21,5,,,,,,False,1.0,0.0,25.0,2.0,0.0,1.0,8.0,0.92,0.9749,"LINESTRING (-116.205466 43.613384, -116.205132 43.613213)"
2163,7581554744,7581554748,0,nan,footway,33.8,43.6124,-116.2033,0.5647,0.5,6.4946,12,4,7,0.0797,0.1123,0.2599,0.1536,0.0116,True,1.0,0.0,25.0,2.0,0.0,1.0,9.0,0.92,0.9096,"LINESTRING (-116.203139 43.612495, -116.20319 43.612443, -116.203232 43.612432, -116.203396 43.612261)"
2164,7581554744,7581554769,0,nan,footway,46.5,43.6124,-116.2036,1.3475,0.3333,13.8004,12,5,7,0.1114,0.1075,0.262,0.1704,0.0112,True,1.0,0.0,25.0,2.0,0.0,1.0,8.0,0.92,1.0,"LINESTRING (-116.203874 43.612495, -116.203816 43.612464, -116.203785 43.612453, -116.203396 43.612261)"
2165,7581554749,7581554754,0,nan,footway,39.8,43.6126,-116.2032,0.0906,1.0,6.3876,12,3,7,0.0485,0.0576,0.2779,0.2012,0.004,True,1.0,0.0,25.0,2.0,0.0,1.0,8.0,0.92,0.527,"LINESTRING (-116.203126 43.612788, -116.20312 43.612759, -116.203264 43.61261, -116.20316 43.612558, -116.203127 43.612549, -116.203096 43.612568)"
2166,7581554749,7581554763,0,nan,footway,31.7,43.6127,-116.203,1.0542,1.0,6.3341,12,3,7,0.0548,0.0873,0.2539,0.2098,0.0131,True,1.0,0.0,25.0,2.0,0.0,1.0,8.0,0.92,0.9019,"LINESTRING (-116.202882 43.612807, -116.202918 43.612752, -116.203096 43.612568)"
2167,7581554759,7581554765,0,nan,footway,54.4,43.6132,-116.2035,0.9671,1.0,6.8446,19,7,6,0.0132,0.0811,0.2532,0.2138,0.006,True,1.0,0.0,25.0,2.0,0.0,1.0,6.0,0.92,0.893,"LINESTRING (-116.203783 43.613335, -116.203255 43.61303)"
2168,7581554759,7581554763,0,nan,footway,39.3,43.6129,-116.2031,1.1812,1.0,6.1736,12,5,7,,,,,,False,1.0,0.0,25.0,2.0,0.0,1.0,9.0,0.92,1.0,"LINESTRING (-116.202882 43.612807, -116.202925 43.612854, -116.203255 43.61303)"
2169,7581554763,7581607289,0,nan,footway,32.5,43.6129,-116.2028,0.4375,1.0,14.7139,11,4,7,0.0664,0.0443,0.2555,0.3138,0.0183,True,1.0,0.0,25.0,2.0,0.0,1.0,9.0,0.92,0.7798,"LINESTRING (-116.202648 43.613044, -116.202679 43.612998, -116.20275 43.612928, -116.202844 43.612843, -116.202882 43.612807)"
2170,7581554765,7581554773,0,nan,footway,78.4,43.613,-116.2041,1.3994,1.0,6.2932,29,8,6,0.0206,0.069,0.2708,0.2137,0.006,True,1.0,0.0,25.0,2.0,0.0,1.0,9.0,0.92,1.0,"LINESTRING (-116.204299 43.612748, -116.204306 43.612781, -116.203783 43.613335)"
2171,7581554769,7581554773,0,nan,footway,45.5,43.6126,-116.2041,1.2713,1.0,5.1306,17,6,6,0.0006,0.0003,0.3197,0.2689,0.0014,True,1.0,0.0,25.0,2.0,0.0,1.0,7.0,0.92,0.9736,"LINESTRING (-116.204299 43.612748, -116.20429 43.612708, -116.204003 43.612562, -116.203874 43.612495)"
2172,7581554784,7581607306,0,nan,footway,25.4,43.6135,-116.2035,0.5492,1.0,10.2138,17,5,6,0.0018,0.0025,0.2075,0.4204,0.0024,True,1.0,0.0,25.0,2.0,0.0,1.0,6.0,0.92,0.7329,"LINESTRING (-116.203333 43.613388, -116.203369 43.613406, -116.203524 43.61349, -116.203559 43.613512, -116.203577 43.613531)"
2173,7581554784,7581607305,0,nan,footway,39.0,43.6137,-116.2035,1.2929,1.0,10.2138,39,9,5,0.0438,0.0546,0.1536,0.4461,0.0048,True,1.0,0.0,25.0,2.0,0.0,1.0,7.0,0.92,0.9883,"LINESTRING (-116.203318 43.613825, -116.203563 43.613566, -116.203577 43.613531)"
2174,7581607289,7581607292,0,nan,footway,41.0,43.6132,-116.2025,0.4566,1.0,14.7139,16,6,5,,,,,,False,1.0,0.0,25.0,2.0,0.0,1.0,7.0,0.92,0.7056,"LINESTRING (-116.202355 43.613346, -116.202377 43.613322, -116.202648 43.613044)"
2175,7581607289,7581607306,0,nan,footway,67.1,43.6132,-116.203,0.2974,1.0,11.4757,22,9,5,0.0134,0.0112,0.2279,0.4164,0.0024,True,1.0,0.0,25.0,2.0,0.0,1.0,10.0,0.92,0.6502,"LINESTRING (-116.203333 43.613388, -116.203046 43.61324, -116.202648 43.613044)"
2176,7581607292,7581607294,0,nan,footway,41.3,43.6135,-116.2022,0.8864,1.0,0.0,25,7,4,,,,,,False,1.0,0.0,25.0,2.0,0.0,1.0,7.0,0.92,0.5204,"LINESTRING (-116.202039 43.613637, -116.202181 43.613491, -116.202335 43.613367, -116.202355 43.613346)"
2177,7581607295,7581607302,0,nan,footway,95.1,43.6139,-116.2025,0.9675,1.0,0.0,44,15,4,,,,,,False,1.0,0.0,25.0,2.0,0.0,1.0,14.0,0.92,0.6149,"LINESTRING (-116.203022 43.614115, -116.202996 43.614118, -116.202036 43.613653)"
2178,7581607300,7581607305,0,nan,footway,32.6,43.6139,-116.2032,0.9262,1.0,10.2138,34,6,5,0.138,0.1408,0.305,0.1246,0.0075,True,1.0,0.0,25.0,2.0,0.0,1.0,6.0,0.92,0.8025,"LINESTRING (-116.203318 43.613825, -116.203297 43.613846, -116.203089 43.614066)"
2179,7590632010,7590632064,0,nan,footway,41.6,43.6144,-116.2027,1.2531,1.0,13.7337,73,7,4,0.021,0.0235,0.0589,0.5632,0.0064,True,1.0,0.0,25.0,2.0,0.0,1.0,6.0,0.92,0.8723,"LINESTRING (-116.202586 43.614592, -116.20288 43.614284)"
2180,7590632010,7590632024,0,nan,footway,32.9,43.6142,-116.2027,1.0943,1.0,13.7337,31,4,5,0.0278,0.0,0.0,0.7279,0.0038,True,1.0,0.0,25.0,2.0,0.0,1.0,7.0,0.92,0.8537,"LINESTRING (-116.20255 43.61411, -116.202593 43.614131, -116.202786 43.614236, -116.20288 43.614284)"
2181,7590632015,7590632018,0,nan,footway,41.3,43.6142,-116.2014,1.234,1.0,0.0,61,21,5,0.0212,0.0639,0.2228,0.2384,0.0128,True,1.0,0.0,25.0,2.0,0.0,1.0,7.0,0.92,0.7961,"LINESTRING (-116.201593 43.614092, -116.201574 43.614107, -116.2013 43.614396)"
2182,7590632018,7593361697,0,nan,footway,41.4,43.6139,-116.2017,0.9242,1.0,0.0,30,13,4,,,,,,False,1.0,0.0,25.0,2.0,0.0,1.0,8.0,0.92,0.6047,"LINESTRING (-116.201894 43.61379, -116.201637 43.614055, -116.201593 43.614092)"
2183,7590632022,7590632024,0,nan,footway,63.7,43.6139,-116.2022,0.9256,1.0,8.5976,34,12,4,0.1076,0.303,0.1092,0.3518,0.0071,True,1.0,0.0,25.0,2.0,0.0,1.0,9.0,0.92,0.8232,"LINESTRING (-116.20255 43.61411, -116.2019 43.613784)"
2184,7590632025,7590632037,0,nan,footway,95.2,43.6147,-116.2018,1.1027,1.0,0.0,95,24,4,0.033,0.0904,0.1074,0.3569,0.0057,True,1.0,0.0,25.0,2.0,0.0,1.0,12.0,0.92,0.6797,"LINESTRING (-116.201321 43.614407, -116.202187 43.614848, -116.202217 43.61489, -116.202243 43.614902, -116.202271 43.6149)"
2185,7590632025,7590632064,0,nan,footway,43.2,43.6148,-116.2024,1.6527,1.0,0.0,72,12,4,0.0044,0.0215,0.1114,0.4434,0.005,True,1.0,0.0,25.0,2.0,0.0,1.0,6.0,0.92,0.8177,"LINESTRING (-116.202586 43.614592, -116.202292 43.614898, -116.202271 43.6149)"
2186,7590632028,7590632029,0,nan,footway,82.3,43.6149,-116.2009,1.5969,1.0,0.0,86,25,6,,,,,,False,1.0,0.0,25.0,2.0,0.0,1.0,11.0,0.92,0.9915,"LINESTRING (-116.200597 43.615176, -116.201182 43.614569)"
2187,7590632028,7590632033,0,nan,footway,93.9,43.6148,-116.2017,1.7953,1.0,0.0,94,26,4,,,,,,False,1.0,0.0,25.0,2.0,0.0,1.0,10.0,0.92,0.9618,"LINESTRING (-116.202135 43.615055, -116.202097 43.615032, -116.201182 43.614569)"
2188,7590632029,7590632030,0,nan,footway,93.7,43.6154,-116.2011,1.8375,0.8333,0.0,88,27,5,,,,,,False,1.0,0.0,25.0,2.0,0.0,1.0,11.0,0.92,1.0,"LINESTRING (-116.201552 43.615658, -116.200597 43.615176)"
2189,7590632030,7590632033,0,nan,footway,83.0,43.6154,-116.2019,1.4815,1.0,0.0,100,29,5,0.0222,0.0447,0.1614,0.3545,0.0044,True,1.0,0.0,25.0,2.0,0.0,1.0,10.0,0.92,0.9037,"LINESTRING (-116.202135 43.615055, -116.202122 43.6151, -116.201585 43.615654, -116.201552 43.615658)"
2190,7590632042,7590632043,0,nan,footway,93.7,43.6119,-116.2027,0.7905,1.0,0.0,21,9,5,0.1357,0.2544,0.1226,0.158,0.0138,True,1.0,0.0,25.0,2.0,0.0,1.0,10.0,0.92,0.5806,"LINESTRING (-116.202221 43.611674, -116.203182 43.61215)"
2191,7590632042,7590632051,0,nan,footway,57.4,43.6124,-116.203,0.979,1.0,0.0,16,7,7,,,,,,False,1.0,0.0,25.0,2.0,0.0,1.0,10.0,0.92,0.746,"LINESTRING (-116.202773 43.612572, -116.202804 43.612541, -116.203182 43.61215)"
2192,7590632043,7590632044,0,nan,footway,59.6,43.6119,-116.202,0.9015,1.0,0.0,23,4,6,0.0942,0.2177,0.1369,0.1571,0.0149,True,1.0,0.0,25.0,2.0,0.0,1.0,9.0,0.92,0.5696,"LINESTRING (-116.201799 43.612115, -116.202221 43.611674)"
2193,7590632044,7590632048,0,nan,footway,94.5,43.6124,-116.2022,0.7932,0.8333,0.0,28,7,6,0.0107,0.0648,0.2674,0.1592,0.0124,True,1.0,0.0,25.0,2.0,0.0,1.0,11.0,0.92,0.6374,"LINESTRING (-116.202665 43.612683, -116.202636 43.612679, -116.202612 43.612652, -116.202214 43.612399, -116.201799 43.612115)"
2194,7593347550,7593347552,0,nan,footway,42.2,43.6131,-116.2023,0.7423,1.0,0.0,16,6,6,,,,,,False,1.0,0.0,25.0,2.0,0.0,1.0,9.0,0.92,0.581,"LINESTRING (-116.202138 43.613237, -116.202436 43.612925)"
2195,7593347552,7593347554,0,nan,footway,40.4,43.6134,-116.202,1.2639,0.3333,0.0,23,7,5,,,,,,False,1.0,0.0,25.0,2.0,0.0,1.0,9.0,0.92,0.9445,"LINESTRING (-116.201851 43.613535, -116.202138 43.613237)"
2196,7593347556,7593347560,0,nan,footway,40.4,43.6132,-116.2011,0.7064,0.6667,4.7785,8,2,5,,,,,,False,1.0,0.0,25.0,2.0,0.0,1.0,11.0,0.92,0.7276,"LINESTRING (-116.200894 43.61305, -116.201305 43.613258)"
2197,7593347560,7593347565,0,nan,footway,39.6,43.6129,-116.201,0.1576,1.0,4.7785,31,3,4,0.0208,0.3397,0.1216,0.0757,0.007,True,1.0,0.0,25.0,2.0,0.0,1.0,9.0,0.92,0.3044,"LINESTRING (-116.201175 43.612757, -116.200894 43.61305)"
2198,7593347561,7593347564,0,nan,footway,95.2,43.6126,-116.2021,0.7614,1.0,0.0,32,6,6,0.0002,0.0513,0.3144,0.2959,0.0036,True,1.0,0.0,25.0,2.0,0.0,1.0,10.0,0.92,0.5419,"LINESTRING (-116.202496 43.61287, -116.202012 43.612554, -116.201663 43.612316, -116.201623 43.612291)"
2199,7593347561,7593347565,0,nan,footway,63.1,43.6125,-116.2014,0.6261,1.0,0.0,39,1,4,0.0024,0.022,0.1336,0.352,0.0182,True,1.0,0.0,25.0,2.0,0.0,1.0,7.0,0.92,0.1858,"LINESTRING (-116.201175 43.612757, -116.201386 43.612538, -116.201623 43.612291)"
2200,7593347575,7593361688,0,nan,footway,41.0,43.6138,-116.2016,0.5392,1.0,28.48,35,15,5,0.0358,0.0965,0.3096,0.3802,0.0038,True,1.0,0.0,25.0,2.0,0.0,1.0,10.0,0.92,0.8721,"LINESTRING (-116.201412 43.614, -116.201421 43.613976, -116.201699 43.613697)"
2201,7593347575,7593361691,0,nan,footway,94.2,43.6135,-116.2012,0.9436,1.0,19.663,43,14,5,0.0123,0.1987,0.3323,0.1876,0.0029,True,1.0,0.0,25.0,2.0,0.0,1.0,18.0,0.92,0.9689,"LINESTRING (-116.200742 43.61321, -116.201106 43.613395, -116.201526 43.613608, -116.201625 43.61366, -116.201699 43.613697)"
2202,7593347580,7593361688,0,nan,footway,41.4,43.6142,-116.2013,0.9598,1.0,0.0,71,26,4,0.1011,0.1108,0.1542,0.3426,0.0198,True,1.0,0.0,25.0,2.0,0.0,1.0,7.0,0.92,0.6555,"LINESTRING (-116.201412 43.614, -116.201397 43.614036, -116.201266 43.614191, -116.201146 43.614316)"
2203,7593347581,7593361686,0,nan,footway,77.5,43.6141,-116.2007,1.1306,1.0,0.0,92,26,5,0.0909,0.1204,0.1017,0.406,0.0056,True,1.0,0.0,25.0,2.0,0.0,1.0,14.0,0.92,0.7573,"LINESTRING (-116.200332 43.613903, -116.201115 43.614308)"
2204,7593361685,7593361687,0,nan,footway,29.1,43.6136,-116.2004,0.5039,1.0,14.8987,49,9,5,0.02,0.1482,0.2481,0.1325,0.0068,True,1.0,0.0,25.0,2.0,0.0,1.0,8.0,0.92,0.7016,"LINESTRING (-116.200453 43.61351, -116.200298 43.613672, -116.200248 43.613725)"
2205,7593361687,7593361691,0,nan,footway,40.6,43.6134,-116.2006,0.7328,1.0,15.1359,26,7,5,0.0037,0.2475,0.309,0.1304,0.0023,True,1.0,0.0,25.0,2.0,0.0,1.0,9.0,0.92,0.803,"LINESTRING (-116.200742 43.61321, -116.200453 43.61351)"
2206,7596102654,7596102665,0,nan,footway,40.2,43.6196,-116.1995,0.2927,1.0,8.8509,5,1,7,,,,,,False,1.0,0.0,25.0,2.0,0.0,1.0,10.0,0.92,0.5889,"LINESTRING (-116.19936 43.619775, -116.199645 43.619478)"
2207,7596102654,7596102663,0,nan,footway,39.6,43.6194,-116.1994,0.2577,1.0,8.8509,6,1,7,,,,,,False,1.0,0.0,25.0,2.0,0.0,1.0,10.0,0.92,0.5645,"LINESTRING (-116.199243 43.619273, -116.199352 43.619329, -116.199645 43.619478)"
2208,7596102655,7596102658,0,nan,footway,75.9,43.6199,-116.1987,0.0082,0.8,7.7296,7,1,6,,,,,,False,1.0,0.0,25.0,2.0,0.0,1.0,14.0,0.92,0.4573,"LINESTRING (-116.198295 43.619688, -116.198986 43.62004, -116.199067 43.620081)"
2209,7596102655,7596102665,0,nan,footway,41.4,43.6199,-116.1992,0.1968,0.3333,8.8509,3,0,7,,,,,,False,1.0,0.0,25.0,2.0,0.0,1.0,10.0,0.92,0.6967,"LINESTRING (-116.19936 43.619775, -116.199281 43.619858, -116.199067 43.620081)"
2210,7596102656,7596102659,0,nan,footway,40.4,43.6194,-116.1982,0.0026,1.0,6.9888,6,1,6,,,,,,False,1.0,0.0,25.0,2.0,0.0,1.0,9.0,0.92,0.3898,"LINESTRING (-116.198393 43.619294, -116.198106 43.619592)"
2211,7596102659,7596102660,0,nan,footway,32.5,43.6192,-116.1985,0.0109,1.0,5.1202,5,4,6,,,,,,False,1.0,0.0,25.0,2.0,0.0,1.0,9.0,0.92,0.51,"LINESTRING (-116.198625 43.619054, -116.198594 43.619085, -116.198393 43.619294)"
2212,7596102679,7596213414,0,nan,footway,116.9,43.6221,-116.205,0.0923,0.0,0.0,13,0,8,,,,,,False,1.0,0.0,25.0,2.0,0.0,1.0,9.0,0.92,0.49,"LINESTRING (-116.204383 43.621833, -116.204795 43.622041, -116.205572 43.622437)"
2213,7596102681,11951319859,0,nan,footway,41.1,43.6226,-116.2054,0.1984,0.3333,9.841,7,0,6,,,,,,False,1.0,0.0,25.0,2.0,0.0,1.0,8.0,0.92,0.6054,"LINESTRING (-116.205266 43.622784, -116.20549 43.622551, -116.205555 43.622478)"
2214,7596102684,11951319859,0,nan,footway,42.2,43.6229,-116.2051,0.2134,0.0,0.0,3,0,6,,,,,,False,1.0,0.0,25.0,2.0,0.0,1.0,9.0,0.92,0.5188,"LINESTRING (-116.205266 43.622784, -116.205004 43.623056, -116.204946 43.623077)"
2215,7596102684,8223285455,0,nan,footway,95.3,43.6229,-116.2044,0.1136,0.5,2.0025,1,0,6,,,,,,False,1.0,0.0,25.0,2.0,0.0,1.0,11.0,0.92,0.4804,"LINESTRING (-116.203964 43.622606, -116.20488 43.623068, -116.204946 43.623077)"
2216,7596213386,11733513817,0,nan,path,91.2,43.6216,-116.2029,0.4091,0.8333,10.8355,4,0,9,,,,,,False,1.0,0.0,25.0,2.0,0.0,1.0,8.0,0.92,0.7259,"LINESTRING (-116.203251 43.621278, -116.203262 43.621334, -116.203148 43.621378, -116.202618 43.621927)"
2217,7596213390,11783921617,0,nan,footway,94.5,43.6217,-116.2021,0.0188,1.0,10.8355,6,0,9,,,,,,False,1.0,0.0,25.0,2.0,0.0,1.0,7.0,0.92,0.4956,"LINESTRING (-116.201609 43.621427, -116.201898 43.621563, -116.202577 43.621908)"
2218,7596213397,7596213430,0,nan,footway,77.2,43.6215,-116.2059,0.1889,1.0,6.8959,14,0,8,,,,,,False,1.0,0.0,25.0,2.0,0.0,1.0,13.0,0.92,0.4127,"LINESTRING (-116.206262 43.621696, -116.206154 43.621641, -116.205784 43.621446, -116.205534 43.621315, -116.205485 43.62129)"
2219,7596213400,7596213405,0,nan,footway,43.2,43.6218,-116.2061,0.1985,1.0,8.1041,11,0,8,,,,,,False,1.0,0.0,25.0,2.0,0.0,1.0,8.0,0.92,0.4471,"LINESTRING (-116.205979 43.621997, -116.205991 43.621986, -116.206166 43.621791, -116.206198 43.621804, -116.206289 43.621709)"
2220,7596213405,7596213406,0,nan,footway,41.3,43.6222,-116.2058,0.2348,1.0,5.9022,8,0,7,,,,,,False,1.0,0.0,25.0,2.0,0.0,1.0,8.0,0.92,0.3991,"LINESTRING (-116.205689 43.622304, -116.205956 43.622019, -116.205979 43.621997)"
2221,7596213406,7596213416,0,nan,footway,95.0,43.6221,-116.2052,0.0241,1.0,7.0778,11,0,7,,,,,,False,1.0,0.0,25.0,2.0,0.0,1.0,8.0,0.92,0.3132,"LINESTRING (-116.204724 43.621813, -116.205591 43.622256, -116.205689 43.622304)"
2222,7596213414,11733513815,0,nan,footway,96.0,43.6216,-116.2039,0.1259,0.0,0.0,8,0,9,,,,,,False,1.0,0.0,25.0,2.0,0.0,1.0,8.0,0.92,0.5874,"LINESTRING (-116.203406 43.621338, -116.204003 43.621641, -116.204383 43.621833)"
2223,7596213416,7596213419,0,nan,footway,41.5,43.6217,-116.2049,0.0087,1.0,6.7848,8,0,11,,,,,,False,1.0,0.0,25.0,2.0,0.0,1.0,6.0,0.92,0.5365,"LINESTRING (-116.205003 43.621502, -116.205001 43.621526, -116.204724 43.621813)"
2224,7596213419,7596213422,0,nan,footway,41.0,43.6213,-116.2051,0.0292,1.0,5.2416,17,1,10,,,,,,False,1.0,0.0,25.0,2.0,0.0,1.0,12.0,0.92,0.5208,"LINESTRING (-116.205277 43.621196, -116.205257 43.621207, -116.205091 43.621384, -116.205005 43.621479, -116.205003 43.621502)"
2225,7596213436,7596213454,0,nan,footway,28.6,43.6219,-116.2066,0.3134,1.0,4.2647,5,0,7,,,,,,False,1.0,0.0,25.0,2.0,0.0,1.0,9.0,0.92,0.4298,"LINESTRING (-116.206476 43.621808, -116.206768 43.621956)"
2226,7596213436,7596213441,0,nan,footway,65.7,43.6221,-116.2071,0.0249,1.0,7.8282,4,1,7,,,,,,False,1.0,0.0,25.0,2.0,0.0,1.0,15.0,0.92,0.4858,"LINESTRING (-116.207433 43.622299, -116.206866 43.622006, -116.206768 43.621956)"
2227,7596213441,7596213444,0,nan,footway,39.8,43.6224,-116.2073,0.0167,1.0,7.3749,5,1,6,,,,,,False,1.0,0.0,25.0,2.0,0.0,1.0,11.0,0.92,0.4111,"LINESTRING (-116.207154 43.622594, -116.20717 43.622577, -116.207433 43.622299)"
2228,7596213444,7596213447,0,nan,footway,41.5,43.6227,-116.207,0.0551,1.0,6.0206,1,1,8,,,,,,False,1.0,0.0,25.0,2.0,0.0,1.0,10.0,0.92,0.5911,"LINESTRING (-116.206857 43.622899, -116.207133 43.622616, -116.207154 43.622594)"
2229,7596213447,7596213449,0,nan,footway,93.8,43.6227,-116.2064,0.0141,1.0,7.3822,9,1,7,,,,,,False,1.0,0.0,25.0,2.0,0.0,1.0,11.0,0.92,0.4275,"LINESTRING (-116.205902 43.622416, -116.206147 43.62254, -116.206857 43.622899)"
2230,7596213449,7596213452,0,nan,footway,41.6,43.6223,-116.206,0.022,1.0,8.3936,10,0,7,,,,,,False,1.0,0.0,25.0,2.0,0.0,1.0,8.0,0.92,0.3344,"LINESTRING (-116.206192 43.622105, -116.206172 43.622127, -116.205902 43.622416)"
2231,7717728307,7967900354,0,nan,footway,38.7,43.6027,-116.1885,0.6913,0.3333,0.0,14,0,0,0.0945,0.2754,0.1203,0.0518,0.0072,True,1.0,0.0,25.0,2.0,0.0,1.0,7.0,0.92,0.1839,"LINESTRING (-116.188229 43.60273, -116.188248 43.602735, -116.188339 43.602732, -116.188466 43.602727, -116.188524 43.602727, -116.188597 43.602729, -116.188693 43.60273, -116.188707 43.602726)"
2232,7717728310,7717728318,0,nan,footway,54.3,43.6028,-116.1891,0.0637,0.75,0.0,13,1,0,0.2086,0.258,0.0293,0.0802,0.0044,True,1.0,0.0,25.0,2.0,0.0,1.0,6.0,0.92,0.0,"LINESTRING (-116.189209 43.602607, -116.189282 43.602641, -116.189185 43.602736, -116.189119 43.602784, -116.189062 43.602817, -116.189014 43.602833, -116.188937 43.602842, -116.188864 43.602842, -116.188814 43.602828)"
2233,7805461775,7805461778,0,nan,footway,81.7,43.6111,-116.2024,0.1545,0.0,0.0,10,6,4,0.0104,0.0736,0.2434,0.228,0.0023,True,1.0,0.0,25.0,2.0,0.0,1.0,9.0,0.92,0.603,"LINESTRING (-116.202134 43.611416, -116.202268 43.611283, -116.202627 43.610907, -116.20272 43.610816)"
2234,7805461775,7805467387,0,nan,footway,49.9,43.6107,-116.2025,0.1019,0.0,0.0,6,0,4,0.0066,0.1832,0.2797,0.145,0.0058,True,1.0,0.0,25.0,2.0,0.0,1.0,6.0,0.92,0.3296,"LINESTRING (-116.202245 43.610555, -116.202357 43.610611, -116.202734 43.610803, -116.20272 43.610816)"
2235,7805461778,7805467386,0,nan,footway,47.8,43.6113,-116.2019,0.4532,0.3333,0.0,12,4,5,,,,,,False,1.0,0.0,25.0,2.0,0.0,1.0,7.0,0.92,0.6027,"LINESTRING (-116.201651 43.611166, -116.202134 43.611416)"
2236,7805461779,7805467386,0,nan,footway,46.9,43.611,-116.2014,0.0608,1.0,5.8898,19,0,4,,,,,,False,1.0,0.0,25.0,2.0,0.0,1.0,7.0,0.92,0.1153,"LINESTRING (-116.201651 43.611166, -116.201177 43.610921)"
2237,7805461779,7805461780,0,nan,footway,80.0,43.6106,-116.2015,0.4151,0.6,6.59,15,0,4,0.0048,0.0527,0.4875,0.0877,0.0123,True,1.0,0.0,25.0,2.0,0.0,1.0,9.0,0.92,0.4101,"LINESTRING (-116.201754 43.610336, -116.201177 43.610921)"
2238,7805461780,7805467387,0,nan,footway,46.9,43.6105,-116.202,0.8926,0.0,0.0,9,0,3,0.0062,0.2334,0.3771,0.0672,0.0101,True,1.0,0.0,25.0,2.0,0.0,1.0,5.0,0.92,0.5595,"LINESTRING (-116.202245 43.610555, -116.202216 43.610541, -116.202131 43.610526, -116.202067 43.610491, -116.201754 43.610336)"
2239,7805467396,7805467401,0,nan,footway,47.8,43.6118,-116.2014,1.1531,0.3333,15.0139,37,1,4,0.0095,0.0848,0.2578,0.1531,0.0133,True,1.0,0.0,25.0,2.0,0.0,1.0,8.0,0.92,0.9041,"LINESTRING (-116.201184 43.611681, -116.201221 43.611706, -116.201555 43.61194, -116.201616 43.611976)"
2240,7805467396,7805467414,0,nan,footway,55.6,43.6118,-116.2018,1.3623,0.0,0.0,17,4,5,0.027,0.125,0.2333,0.1441,0.0112,True,1.0,0.0,25.0,2.0,0.0,1.0,10.0,0.92,1.0,"LINESTRING (-116.202006 43.611563, -116.201971 43.611602, -116.201641 43.611951, -116.201616 43.611976)"
2241,7805467401,7805467404,0,nan,footway,48.3,43.6115,-116.201,0.6641,1.0,15.0139,24,0,4,0.0116,0.0769,0.2416,0.2009,0.0061,True,1.0,0.0,25.0,2.0,0.0,1.0,4.0,0.92,0.4234,"LINESTRING (-116.200736 43.611392, -116.200857 43.611462, -116.201016 43.611564, -116.201148 43.611655, -116.201184 43.611681)"
2242,7805467404,7805467409,0,nan,footway,43.9,43.6112,-116.2009,0.7488,1.0,15.0139,25,0,4,0.012,0.0693,0.2174,0.2286,0.002,True,1.0,0.0,25.0,2.0,0.0,1.0,7.0,0.92,0.4536,"LINESTRING (-116.201044 43.611067, -116.200968 43.611148, -116.200929 43.611187, -116.200764 43.611362, -116.200736 43.611392)"
2243,7805467409,7805467413,0,nan,footway,49.2,43.6112,-116.2013,1.8998,1.0,15.0139,24,0,4,,,,,,False,1.0,0.0,25.0,2.0,0.0,1.0,8.0,0.92,0.9051,"LINESTRING (-116.201538 43.611326, -116.201498 43.611306, -116.201434 43.611259, -116.201044 43.611067)"
2244,7805467413,7805467414,0,nan,footway,45.9,43.6114,-116.2018,0.9022,0.0,0.0,12,3,5,0.0196,0.0967,0.2286,0.2087,0.002,True,1.0,0.0,25.0,2.0,0.0,1.0,8.0,0.92,0.8542,"LINESTRING (-116.202006 43.611563, -116.201568 43.611341, -116.201538 43.611326)"
2245,7805467422,7805467427,0,nan,footway,62.7,43.6124,-116.2012,0.9993,1.0,35.7,40,1,4,0.0422,0.1881,0.1041,0.2533,0.0072,True,1.0,0.0,25.0,2.0,0.0,1.0,7.0,0.92,0.7078,"LINESTRING (-116.200949 43.612644, -116.200975 43.612619, -116.201042 43.612552, -116.201319 43.612261, -116.201392 43.612181)"
2246,7805467422,7805467445,0,nan,footway,215.4,43.6115,-116.2005,0.2023,0.0,0.0,68,1,4,0.0286,0.0532,0.3554,0.2838,0.0072,True,1.0,0.0,25.0,2.0,0.0,1.0,24.0,0.92,0.3094,"LINESTRING (-116.199415 43.610932, -116.199454 43.610933, -116.199627 43.611021, -116.199896 43.611167, -116.200251 43.611369, -116.200425 43.611475, -116.200623 43.611599, -116.200869 43.611762, -116.201395 43.612128, -116.201415 43.61215, -116.201392 43.612181)"
2247,7805467427,7805467428,0,nan,footway,39.1,43.6128,-116.2008,1.1367,0.3333,35.7,41,2,4,0.0096,0.2087,0.2633,0.0668,0.0081,True,1.0,0.0,25.0,2.0,0.0,1.0,7.0,0.92,1.0,"LINESTRING (-116.200673 43.612933, -116.20093 43.612663, -116.200949 43.612644)"
2248,7805467428,7805467434,0,nan,footway,63.6,43.6128,-116.2003,0.4446,0.0,0.0,45,2,5,0.0064,0.1661,0.3076,0.0636,0.0115,True,1.0,0.0,25.0,2.0,0.0,1.0,7.0,0.92,0.5449,"LINESTRING (-116.200025 43.612606, -116.200063 43.612625, -116.200527 43.61286, -116.200673 43.612933)"
2249,7805467434,7805467440,0,nan,footway,145.5,43.6122,-116.1993,0.7754,0.5556,5.3982,11,2,6,0.0618,0.104,0.3136,0.1352,0.006,True,1.0,0.0,25.0,2.0,0.0,1.0,17.0,0.92,0.8346,"LINESTRING (-116.198541 43.611858, -116.1987 43.611937, -116.199042 43.612112, -116.199168 43.612176, -116.199253 43.61222, -116.199413 43.612299, -116.199602 43.612394, -116.199714 43.612452, -116.199786 43.612486, -116.199886 43.612536, -116.199984 43.612586, -116.200025 43.612606)"
2250,7805467440,7805467455,0,nan,footway,41.4,43.6117,-116.1987,1.0828,1.0,4.8323,0,0,6,0.0574,0.1334,0.3081,0.0971,0.0168,True,1.0,0.0,25.0,2.0,0.0,1.0,11.0,0.92,0.8131,"LINESTRING (-116.198829 43.61155, -116.198584 43.611805, -116.198541 43.611858)"
2251,7805467445,7973599220,0,nan,footway,25.9,43.6108,-116.1995,0.7951,0.0,0.0,7,0,5,0.0421,0.206,0.283,0.0242,0.0098,True,1.0,0.0,25.0,2.0,0.0,1.0,9.0,0.92,0.6436,"LINESTRING (-116.199591 43.610754, -116.199549 43.610759, -116.199465 43.610838, -116.199412 43.610917, -116.199415 43.610932)"
2252,7805467457,7970681570,0,nan,footway,74.4,43.6112,-116.1991,0.2107,0.2,3.7006,5,0,6,0.0446,0.1289,0.325,0.0306,0.0284,True,1.0,0.0,25.0,2.0,0.0,1.0,10.0,0.92,0.5863,"LINESTRING (-116.199402 43.610948, -116.199394 43.610958, -116.199342 43.611017, -116.199164 43.611201, -116.198899 43.611478, -116.198878 43.611499)"
2253,7805467459,7805467463,0,nan,footway,93.8,43.6128,-116.2001,1.0462,0.8333,11.7272,47,3,5,0.0299,0.2734,0.2667,0.1044,0.0039,True,1.0,0.0,25.0,2.0,0.0,1.0,13.0,0.92,0.813,"LINESTRING (-116.199585 43.612593, -116.199636 43.612613, -116.200189 43.612888, -116.200404 43.613015, -116.200534 43.613081)"
2254,7805467463,7805467471,0,nan,footway,43.4,43.6128,-116.1994,0.0663,1.0,5.2088,10,0,4,0.0089,0.4375,0.2145,0.0843,0.0068,True,1.0,0.0,25.0,2.0,0.0,1.0,12.0,0.92,0.1485,"LINESTRING (-116.199285 43.612916, -116.199302 43.612901, -116.199328 43.612871, -116.199357 43.612829, -116.199455 43.612733, -116.19956 43.612623, -116.199585 43.612593)"
2255,7805467471,7805467489,0,nan,footway,33.3,43.613,-116.1992,0.0238,0.5,4.9384,15,1,5,,,,,,False,1.0,0.0,25.0,2.0,0.0,1.0,8.0,0.92,0.4191,"LINESTRING (-116.199044 43.613159, -116.199071 43.613132, -116.199254 43.612944, -116.199285 43.612916)"
2256,7805467478,7805467482,0,nan,footway,41.4,43.6136,-116.2001,0.241,1.0,10.3073,57,6,4,0.0055,0.3508,0.1214,0.0805,0.0042,True,1.0,0.0,25.0,2.0,0.0,1.0,9.0,0.92,0.4475,"LINESTRING (-116.200249 43.613406, -116.200209 43.613428, -116.199948 43.613705)"
2257,7805467478,7805467488,0,nan,footway,85.4,43.6135,-116.1995,0.2015,1.0,9.042,64,3,5,0.1326,0.211,0.146,0.1926,0.0044,True,1.0,0.0,25.0,2.0,0.0,1.0,15.0,0.92,0.383,"LINESTRING (-116.199077 43.613265, -116.199168 43.61331, -116.199599 43.61353, -116.199814 43.613639, -116.199948 43.613705)"
2258,7805467482,7805467484,0,nan,footway,41.6,43.6133,-116.2004,1.381,1.0,13.6054,33,5,4,0.0239,0.3977,0.1307,0.0123,0.001,True,1.0,0.0,25.0,2.0,0.0,1.0,8.0,0.92,0.9338,"LINESTRING (-116.200576 43.613117, -116.200361 43.613319, -116.200278 43.61339, -116.200249 43.613406)"
2259,7808754433,7808754436,0,nan,footway,40.6,43.614,-116.1996,1.1974,1.0,11.7657,57,4,4,0.0548,0.1838,0.1292,0.2314,0.0115,True,1.0,0.0,25.0,2.0,0.0,1.0,11.0,0.92,0.7839,"LINESTRING (-116.199511 43.614172, -116.199516 43.614145, -116.19978 43.613865)"
2260,7808754433,7808754450,0,nan,footway,66.4,43.6137,-116.1994,1.5094,1.0,9.9651,73,4,5,0.0534,0.2126,0.162,0.126,0.0164,True,1.0,0.0,25.0,2.0,0.0,1.0,14.0,0.92,0.9257,"LINESTRING (-116.199104 43.613524, -116.199356 43.613645, -116.19978 43.613865)"
2261,7808754436,7808754439,0,nan,footway,42.1,43.6143,-116.1994,0.4328,1.0,14.2316,51,6,4,0.2318,0.3247,0.0954,0.1061,0.0118,True,1.0,0.0,25.0,2.0,0.0,1.0,8.0,0.92,0.5612,"LINESTRING (-116.199226 43.614483, -116.199248 43.614474, -116.199428 43.614289, -116.199503 43.614208, -116.199511 43.614172)"
2262,7808754443,7808754451,0,nan,footway,35.8,43.6141,-116.1984,0.0096,1.0,6.8642,25,2,5,0.0128,0.295,0.2667,0.1812,0.0015,True,1.0,0.0,25.0,2.0,0.0,1.0,10.0,0.92,0.3048,"LINESTRING (-116.198617 43.614173, -116.198251 43.613991)"
2263,7808754443,7808754449,0,nan,footway,42.3,43.6138,-116.1984,0.1562,1.0,6.6974,24,1,6,,,,,,False,1.0,0.0,25.0,2.0,0.0,1.0,9.0,0.92,0.3564,"LINESTRING (-116.198546 43.613676, -116.198506 43.613718, -116.198342 43.61389, -116.198251 43.613991)"
2264,7808754445,7808754450,0,nan,footway,27.4,43.6135,-116.199,1.0947,1.0,6.3638,28,0,5,0.1166,0.3156,0.1154,0.1178,0.003,True,1.0,0.0,25.0,2.0,0.0,1.0,9.0,0.92,0.5525,"LINESTRING (-116.199104 43.613524, -116.198821 43.613387)"
2265,7808754445,7808754449,0,nan,footway,39.0,43.6135,-116.1987,0.8968,1.0,6.3638,29,0,5,0.1166,0.3156,0.1154,0.1178,0.003,True,1.0,0.0,25.0,2.0,0.0,1.0,11.0,0.92,0.473,"LINESTRING (-116.198546 43.613676, -116.198564 43.613657, -116.198821 43.613387)"
2266,7808754451,7808754452,0,nan,footway,51.0,43.6143,-116.1989,0.1123,1.0,0.0,45,4,5,0.0042,0.3659,0.2252,0.1963,0.0016,True,1.0,0.0,25.0,2.0,0.0,1.0,11.0,0.92,0.163,"LINESTRING (-116.199136 43.614436, -116.198992 43.614361, -116.198644 43.614187, -116.198617 43.614173)"
2267,7808754458,8987040006,0,nan,footway,32.9,43.6185,-116.1974,0.0078,1.0,9.9329,2,0,5,,,,,,False,1.0,0.0,25.0,2.0,0.0,1.0,11.0,0.92,0.3296,"LINESTRING (-116.197298 43.618653, -116.197325 43.618628, -116.197488 43.618453, -116.197535 43.618412)"
2268,7808754463,7808754464,0,nan,footway,35.7,43.6189,-116.1971,0.0052,0.0,0.0,4,0,6,,,,,,False,1.0,0.0,25.0,2.0,0.0,1.0,8.0,0.92,0.4219,"LINESTRING (-116.19695 43.619018, -116.197201 43.618753)"
2269,7808754464,7808754472,0,nan,footway,91.7,43.6193,-116.1974,0.0031,0.0,0.0,9,0,6,,,,,,False,1.0,0.0,25.0,2.0,0.0,1.0,13.0,0.92,0.3724,"LINESTRING (-116.197886 43.619489, -116.19773 43.61941, -116.197575 43.61933, -116.197171 43.619127, -116.19695 43.619018)"
2270,7808754472,7808754483,0,nan,footway,39.5,43.6193,-116.198,0.0024,0.6667,9.9329,2,0,6,,,,,,False,1.0,0.0,25.0,2.0,0.0,1.0,10.0,0.92,0.4897,"LINESTRING (-116.198166 43.619197, -116.197886 43.619489)"
2271,7808792686,7808792689,0,nan,path,53.9,43.6191,-116.1976,0.0,1.0,9.9329,0,0,6,,,,,,False,1.0,0.0,25.0,2.0,0.0,1.0,8.0,0.92,0.4569,"LINESTRING (-116.197301 43.618948, -116.197851 43.619225)"
2272,7808792694,7808792707,0,nan,footway,40.2,43.6193,-116.1966,0.0801,1.0,5.1595,8,0,3,,,,,,False,1.0,0.0,25.0,2.0,0.0,1.0,8.0,0.92,0.1139,"LINESTRING (-116.196483 43.619459, -116.196501 43.61944, -116.196589 43.61935, -116.196769 43.619163)"
2273,7808792694,7808792697,0,nan,footway,94.5,43.6194,-116.1973,0.0186,1.0,6.224,14,1,6,,,,,,False,1.0,0.0,25.0,2.0,0.0,1.0,14.0,0.92,0.3319,"LINESTRING (-116.197734 43.619647, -116.197468 43.619513, -116.197032 43.619292, -116.196769 43.619163)"
2274,7808792697,7808792701,0,nan,footway,41.1,43.6198,-116.1976,0.022,1.0,6.4592,10,1,6,,,,,,False,1.0,0.0,25.0,2.0,0.0,1.0,8.0,0.92,0.3584,"LINESTRING (-116.197441 43.61995, -116.197459 43.61993, -116.197687 43.619694, -116.197734 43.619647)"
2275,7808792701,7808792702,0,nan,footway,40.9,43.6201,-116.1973,0.0185,1.0,0.0,9,0,6,,,,,,False,1.0,0.0,25.0,2.0,0.0,1.0,8.0,0.92,0.0514,"LINESTRING (-116.197169 43.620261, -116.197425 43.619968, -116.197441 43.61995)"
2276,7808792704,7808792707,0,nan,footway,42.3,43.6196,-116.1963,0.1546,1.0,5.6991,12,0,3,,,,,,False,1.0,0.0,25.0,2.0,0.0,1.0,7.0,0.92,0.1259,"LINESTRING (-116.196483 43.619459, -116.196463 43.619482, -116.196194 43.619777)"
2277,7808792704,7811718222,0,nan,footway,92.7,43.62,-116.1967,0.0765,1.0,6.6639,17,0,3,,,,,,False,1.0,0.0,25.0,2.0,0.0,1.0,13.0,0.92,0.0868,"LINESTRING (-116.197144 43.620249, -116.196661 43.620004, -116.196194 43.619777)"
2278,7808792718,7808792737,0,nan,footway,94.8,43.62,-116.1984,0.0248,0.8333,7.3155,12,1,6,,,,,,False,1.0,0.0,25.0,2.0,0.0,1.0,17.0,0.92,0.4137,"LINESTRING (-116.197946 43.619752, -116.198711 43.620141, -116.19891 43.620242)"
2279,7808792718,7808792723,0,nan,footway,40.9,43.6204,-116.1988,0.0066,1.0,7.3155,9,1,6,,,,,,False,1.0,0.0,25.0,2.0,0.0,1.0,10.0,0.92,0.3705,"LINESTRING (-116.198618 43.620543, -116.198634 43.620526, -116.198744 43.620415, -116.198789 43.620364, -116.19891 43.620242)"
2280,7808792723,7808792726,0,nan,footway,41.3,43.6207,-116.1985,0.3062,1.0,0.0,5,1,6,,,,,,False,1.0,0.0,25.0,2.0,0.0,1.0,11.0,0.92,0.3008,"LINESTRING (-116.198326 43.620848, -116.19848 43.620688, -116.198556 43.620606, -116.198599 43.620564, -116.198618 43.620543)"
2281,7808792726,7808792729,0,nan,footway,94.6,43.6206,-116.1978,0.0648,1.0,5.0431,14,3,6,,,,,,False,1.0,0.0,25.0,2.0,0.0,1.0,15.0,0.92,0.4326,"LINESTRING (-116.197362 43.620362, -116.19769 43.620526, -116.198117 43.620744, -116.198326 43.620848)"
2282,7808792729,7808792732,0,nan,footway,29.3,43.6203,-116.1975,0.0358,1.0,5.0431,12,2,6,,,,,,False,1.0,0.0,25.0,2.0,0.0,1.0,7.0,0.92,0.3893,"LINESTRING (-116.197574 43.620147, -116.197554 43.620168, -116.197362 43.620362)"
2283,7808792735,7808792737,0,nan,footway,41.4,43.6199,-116.1978,0.0658,0.0,0.0,8,1,6,,,,,,False,1.0,0.0,25.0,2.0,0.0,1.0,9.0,0.92,0.5057,"LINESTRING (-116.197946 43.619752, -116.197883 43.619818, -116.197672 43.620039, -116.197655 43.620059)"
2284,7811718190,7811718198,0,nan,footway,43.2,43.62,-116.1963,0.1991,1.0,5.0542,16,0,3,,,,,,False,1.0,0.0,25.0,2.0,0.0,1.0,6.0,0.92,0.1138,"LINESTRING (-116.196482 43.620114, -116.196455 43.6201, -116.19625 43.619996, -116.196237 43.620006, -116.196213 43.62001, -116.196057 43.619934, -116.196038 43.619925)"
2285,7811718190,7811718219,0,nan,footway,40.4,43.6201,-116.1959,0.2551,1.0,5.2354,8,0,3,,,,,,False,1.0,0.0,25.0,2.0,0.0,1.0,10.0,0.92,0.1834,"LINESTRING (-116.195752 43.620223, -116.195765 43.620209, -116.196038 43.619925)"
2286,7811718191,8223343228,0,nan,footway,79.1,43.6196,-116.1954,0.2203,1.0,5.2785,11,0,2,,,,,,False,1.0,0.0,25.0,2.0,0.0,1.0,11.0,0.92,0.0971,"LINESTRING (-116.195825 43.619818, -116.195018 43.619412)"
2287,7811718191,12753799651,0,nan,footway,93.9,43.6198,-116.1952,0.1634,0.8333,5.2785,4,0,3,,,,,,False,1.0,0.0,25.0,2.0,0.0,1.0,13.0,0.92,0.2442,"LINESTRING (-116.195456 43.620189, -116.195425 43.620172, -116.195022 43.619451, -116.195018 43.619412)"
2288,7811718198,7811718202,0,nan,footway,53.8,43.6203,-116.1967,0.0056,1.0,6.1832,17,0,3,,,,,,False,1.0,0.0,25.0,2.0,0.0,1.0,8.0,0.92,0.0523,"LINESTRING (-116.196999 43.62041, -116.196815 43.620318, -116.196578 43.620179, -116.196579 43.620164, -116.19652 43.620134, -116.196482 43.620114)"
2289,7811718202,7811718206,0,nan,footway,40.5,43.6206,-116.1969,0.0036,1.0,6.383,14,0,3,,,,,,False,1.0,0.0,25.0,2.0,0.0,1.0,8.0,0.92,0.0672,"LINESTRING (-116.196711 43.620708, -116.196722 43.620696, -116.196917 43.620495, -116.196999 43.62041)"
2290,7811718206,7811718208,0,nan,footway,41.8,43.6209,-116.1966,0.0177,1.0,7.1051,7,0,3,,,,,,False,1.0,0.0,25.0,2.0,0.0,1.0,5.0,0.92,0.1267,"LINESTRING (-116.196415 43.621017, -116.196668 43.620754, -116.196689 43.620732, -116.196711 43.620708)"
2291,7811718208,7811718212,0,nan,footway,100.1,43.6208,-116.1959,0.2133,1.0,6.2444,11,0,2,,,,,,False,1.0,0.0,25.0,2.0,0.0,1.0,10.0,0.92,0.1095,"LINESTRING (-116.195559 43.620409, -116.195649 43.620565, -116.195711 43.62067, -116.195958 43.620785, -116.196415 43.621017)"
2292,7811718212,7811718219,0,nan,footway,26.2,43.6203,-116.1957,0.6371,1.0,5.6477,8,0,3,,,,,,False,1.0,0.0,25.0,2.0,0.0,1.0,5.0,0.92,0.3391,"LINESTRING (-116.195752 43.620223, -116.195729 43.620247, -116.195675 43.620301, -116.195615 43.620352, -116.195586 43.620381, -116.195574 43.620406, -116.195559 43.620409)"
2293,7811718230,7811718234,0,nan,footway,41.4,43.6212,-116.198,0.3017,0.3333,5.6345,7,4,6,,,,,,False,1.0,0.0,25.0,2.0,0.0,1.0,9.0,0.92,0.8296,"LINESTRING (-116.197892 43.621309, -116.19791 43.621296, -116.198109 43.621089, -116.198186 43.621004)"
2294,7811718240,7811718244,0,nan,footway,41.6,43.621,-116.1968,0.0385,1.0,6.7917,6,0,3,,,,,,False,1.0,0.0,25.0,2.0,0.0,1.0,4.0,0.92,0.14,"LINESTRING (-116.196928 43.620818, -116.196905 43.620842, -116.196808 43.620944, -116.196629 43.621124)"
2295,7811718240,13800696318,0,nan,footway,75.1,43.6213,-116.197,0.0452,1.0,6.4856,10,3,3,,,,,,False,1.0,0.0,25.0,2.0,0.0,1.0,7.0,0.92,0.3096,"LINESTRING (-116.197392 43.621513, -116.197058 43.621344, -116.196629 43.621124)"
2296,7811718244,7811718246,0,nan,footway,40.3,43.6207,-116.1971,0.0134,1.0,8.7361,8,1,3,,,,,,False,1.0,0.0,25.0,2.0,0.0,1.0,7.0,0.92,0.2374,"LINESTRING (-116.197202 43.620515, -116.197006 43.620736, -116.196938 43.620807, -116.196928 43.620818)"
2297,7811718246,7811724190,0,nan,footway,73.4,43.6207,-116.1976,0.0189,0.8,9.2979,9,2,6,,,,,,False,1.0,0.0,25.0,2.0,0.0,1.0,10.0,0.92,0.5225,"LINESTRING (-116.197954 43.620888, -116.197919 43.620871, -116.197202 43.620515)"
2298,7811718257,7811718262,0,nan,footway,41.0,43.621,-116.1999,0.0159,1.0,0.0,7,0,8,,,,,,False,1.0,0.0,25.0,2.0,0.0,1.0,7.0,0.92,0.1725,"LINESTRING (-116.199797 43.621142, -116.199814 43.621125, -116.200087 43.62084)"
2299,7811718257,7811724192,0,nan,footway,86.7,43.6206,-116.1996,0.0178,1.0,5.8629,11,0,8,,,,,,False,1.0,0.0,25.0,2.0,0.0,1.0,15.0,0.92,0.347,"LINESTRING (-116.199206 43.620391, -116.199463 43.620521, -116.199998 43.620794, -116.200087 43.62084)"
2300,7811718262,7811718263,0,nan,footway,39.7,43.6213,-116.1997,0.059,1.0,5.058,2,0,8,,,,,,False,1.0,0.0,25.0,2.0,0.0,1.0,7.0,0.92,0.4473,"LINESTRING (-116.199537 43.621446, -116.199778 43.62116, -116.199797 43.621142)"
2301,7811718263,7811718271,0,nan,footway,89.7,43.6212,-116.1991,0.0747,1.0,6.114,9,1,7,,,,,,False,1.0,0.0,25.0,2.0,0.0,1.0,13.0,0.92,0.4339,"LINESTRING (-116.198612 43.620997, -116.198645 43.621015, -116.198672 43.621023, -116.198728 43.621047, -116.198926 43.621153, -116.199172 43.62128, -116.199309 43.621348, -116.199537 43.621446)"
2302,7811718272,8223170585,0,nan,footway,95.3,43.622,-116.1983,0.1737,1.0,9.6397,17,13,3,,,,,,False,1.0,0.0,25.0,2.0,0.0,1.0,15.0,0.92,0.5453,"LINESTRING (-116.19877 43.622214, -116.1978 43.621722)"
2303,7811718272,8223285132,0,nan,footway,83.2,43.6214,-116.1981,0.2273,1.0,11.4214,19,11,6,,,,,,False,1.0,0.0,25.0,2.0,0.0,1.0,13.0,0.92,0.7122,"LINESTRING (-116.198394 43.62111, -116.198101 43.621413, -116.1978 43.621722)"
2304,7811718273,7811718277,0,nan,footway,27.2,43.6209,-116.1986,0.1892,1.0,6.5263,5,1,6,,,,,,False,1.0,0.0,25.0,2.0,0.0,1.0,9.0,0.92,0.4671,"LINESTRING (-116.198737 43.620758, -116.19861 43.620891, -116.198541 43.620958)"
2305,7820916356,8158878568,0,nan,footway,68.6,43.6171,-116.2188,0.0431,0.0,0.0,16,0,1,,,,,,False,1.0,0.0,25.0,2.0,0.0,1.0,3.0,0.92,0.0846,"LINESTRING (-116.218391 43.617167, -116.218457 43.617161, -116.218574 43.617145, -116.218721 43.617114, -116.218848 43.617073, -116.219124 43.616977, -116.21918 43.616949)"
2306,7901430826,7901430828,0,nan,footway,79.0,43.6138,-116.2129,0.0265,1.0,10.2929,5,2,1,,,,,,False,1.0,0.0,25.0,2.0,0.0,1.0,4.0,0.92,0.2394,"LINESTRING (-116.213079 43.613424, -116.212759 43.614019, -116.212743 43.61409)"
2307,7967900338,13449576521,0,South Longmont Avenue,residential,66.9,43.6007,-116.1922,0.0,1.0,9.7638,0,0,4,0.0248,0.4227,0.1394,0.1258,0.0031,True,0.0,2.0,25.0,2.0,0.179,0.5,1.0,0.881,0.3488,"LINESTRING (-116.192225 43.600993, -116.192225 43.600788, -116.192226 43.600391)"
2308,7967900354,7967900356,0,nan,footway,106.7,43.6023,-116.1883,0.8191,1.0,5.4786,18,0,0,0.0,0.1436,0.2202,0.0732,0.0039,True,1.0,0.0,25.0,2.0,0.0,1.0,5.0,0.92,0.1952,"LINESTRING (-116.188367 43.601776, -116.188355 43.601895, -116.188229 43.60273)"
2309,7967900356,7967900362,0,nan,footway,60.9,43.6015,-116.1884,0.9949,0.5,6.0899,7,0,0,0.0,0.2156,0.2207,0.033,0.0011,True,1.0,0.0,25.0,2.0,0.0,1.0,0.0,0.92,0.4974,"LINESTRING (-116.188425 43.60123, -116.188413 43.601332, -116.188367 43.601776)"
2310,7967900356,7967900361,0,nan,path,72.2,43.6015,-116.1884,0.8711,0.6,6.0899,8,0,0,0.0,0.4545,0.0,0.0008,0.0016,True,1.0,0.0,25.0,2.0,0.0,1.0,0.0,0.92,0.4082,"LINESTRING (-116.188357 43.601187, -116.188346 43.601201, -116.188336 43.6013, -116.188386 43.601305, -116.188331 43.601774, -116.188367 43.601776)"
2311,7967900368,7967905692,0,nan,path,44.3,43.6049,-116.1939,0.1883,0.0,0.0,0,0,1,0.0012,0.1543,0.0,0.0652,0.0064,True,1.0,0.0,25.0,2.0,0.0,1.0,1.0,0.92,0.3402,"LINESTRING (-116.193615 43.604886, -116.194151 43.604978)"
2312,7967900381,7973734006,0,nan,footway,116.6,43.6063,-116.1942,0.2468,0.0,0.0,3,1,3,0.0104,0.2774,0.2368,0.0066,0.0038,True,1.0,0.0,25.0,2.0,0.0,1.0,6.0,0.92,0.4735,"LINESTRING (-116.19481 43.606538, -116.194748 43.606526, -116.194606 43.606454, -116.194276 43.606286, -116.193951 43.60612, -116.19381 43.60605, -116.193754 43.606019, -116.193699 43.605975, -116.193655 43.605921)"
2313,7967900381,7967905692,0,nan,footway,115.7,43.6054,-116.1936,0.6444,0.0,0.0,2,1,1,0.111,0.4861,0.0455,0.0002,0.0118,True,1.0,0.0,25.0,2.0,0.0,1.0,8.0,0.92,0.5423,"LINESTRING (-116.193615 43.604886, -116.193603 43.605759, -116.193618 43.605843, -116.193655 43.605921)"
2314,7967905686,8670125514,0,nan,path,57.4,43.6061,-116.1929,0.1171,0.5,21.4007,1,0,1,0.113,0.1283,0.1787,0.0813,0.023,True,1.0,0.0,25.0,2.0,0.0,1.0,9.0,0.92,0.4266,"LINESTRING (-116.192593 43.605971, -116.192851 43.606118, -116.192978 43.606101, -116.193039 43.606047, -116.193063 43.60604, -116.193137 43.606064, -116.193186 43.606077)"
2315,7967905690,7967905691,0,nan,footway,214.2,43.6038,-116.1937,0.4871,0.25,6.9735,1,0,3,0.057,0.1078,0.1304,0.1205,0.0014,True,1.0,0.0,25.0,2.0,0.0,1.0,4.0,0.92,0.6507,"LINESTRING (-116.193618 43.604792, -116.193621 43.60466, -116.19369 43.603497, -116.193648 43.60337, -116.193646 43.603296, -116.193659 43.602992, -116.193683 43.602922, -116.193687 43.602873)"
2316,7967924088,8645970005,0,nan,footway,59.4,43.6013,-116.1934,0.6545,1.0,5.936,14,9,4,0.0339,0.182,0.254,0.1006,0.0104,True,1.0,0.0,25.0,2.0,0.0,1.0,7.0,0.92,0.7046,"LINESTRING (-116.19338 43.601614, -116.193391 43.601126, -116.193397 43.60108)"
2317,7967924089,11011529971,0,nan,footway,63.5,43.6006,-116.1934,0.1386,1.0,5.6028,18,12,4,0.1507,0.1401,0.2079,0.099,0.01,True,1.0,0.0,25.0,2.0,0.0,1.0,9.0,0.92,0.5201,"LINESTRING (-116.193388 43.600279, -116.193386 43.60085)"
2318,7967924095,8645970005,0,nan,footway,39.0,43.6018,-116.1934,0.4192,0.3333,4.9731,5,5,3,0.0243,0.0739,0.2077,0.0559,0.004,True,1.0,0.0,25.0,2.0,0.0,1.0,2.0,0.92,0.7516,"LINESTRING (-116.19338 43.601614, -116.193373 43.601915, -116.193338 43.601958)"
2319,7967924106,7967924111,0,nan,footway,83.5,43.6053,-116.1932,0.3909,1.0,5.4033,14,8,1,,,,,,False,1.0,0.0,25.0,2.0,0.0,1.0,8.0,0.92,0.4183,"LINESTRING (-116.193101 43.605615, -116.193151 43.605572, -116.193165 43.605535, -116.193182 43.605324, -116.193211 43.604913, -116.193202 43.60488)"
2320,7967924116,7967924117,0,nan,footway,38.6,43.6047,-116.1933,0.2806,0.3333,5.8853,7,5,2,0.0906,0.1202,0.2542,0.0605,0.0125,True,1.0,0.0,25.0,2.0,0.0,1.0,2.0,0.92,0.6391,"LINESTRING (-116.193263 43.604492, -116.193267 43.604615, -116.193251 43.604745, -116.193228 43.604793, -116.193215 43.604834)"
2321,7967924117,7967924118,0,nan,footway,177.3,43.6037,-116.1933,0.3688,0.0,0.0,1,1,3,0.1048,0.1721,0.0779,0.0183,0.002,True,1.0,0.0,25.0,2.0,0.0,1.0,3.0,0.92,0.5698,"LINESTRING (-116.193293 43.602898, -116.193286 43.603097, -116.193285 43.603142, -116.193265 43.604359, -116.193265 43.604405, -116.193263 43.604492)"
2322,7967924118,8037906751,0,nan,footway,87.0,43.6025,-116.1933,0.3936,0.0,0.0,1,0,2,0.048,0.0958,0.2726,0.0414,0.0032,True,1.0,0.0,25.0,2.0,0.0,1.0,4.0,0.92,0.4248,"LINESTRING (-116.19334 43.602123, -116.193358 43.602164, -116.193352 43.6022, -116.193313 43.60227, -116.193308 43.602293, -116.193292 43.602607, -116.193292 43.60276, -116.193293 43.602898)"
2323,7967924123,7967924138,0,nan,path,97.3,43.6015,-116.1918,0.0,0.8333,23.0,9,1,3,0.0945,0.1944,0.2172,0.2984,0.0065,True,1.0,0.0,25.0,2.0,0.0,1.0,1.0,0.92,0.374,"LINESTRING (-116.192253 43.601308, -116.192167 43.601362, -116.192099 43.601361, -116.192045 43.601349, -116.191985 43.601331, -116.191923 43.601335, -116.191865 43.601361, -116.1918 43.601439, -116.191796 43.601464, -116.191812 43.601526, -116.191824 43.601564, -116.19182 43.601649, -116.191837 43.601686, -116.191839 43.601769, -116.191822 43.601808, -116.191748 43.601887)"
2324,7967924138,13449576521,0,South Longmont Avenue,residential,35.9,43.6012,-116.1922,0.0,1.0,8.7995,3,0,4,0.0867,0.2106,0.1628,0.2442,0.0065,True,0.0,2.0,25.0,2.0,0.179,0.5,1.0,0.881,0.2416,"LINESTRING (-116.192225 43.600993, -116.192224 43.601284, -116.192253 43.601308)"
2325,7967942245,7967942250,0,nan,footway,69.7,43.6027,-116.1994,0.0,1.0,8.3272,3,2,0,,,,,,False,1.0,0.0,25.0,2.0,0.0,1.0,0.0,0.92,0.1843,"LINESTRING (-116.198986 43.602759, -116.199355 43.602756, -116.199358 43.602397)"
2326,7967942247,7967942250,0,nan,footway,44.5,43.603,-116.199,0.0,1.0,9.2832,7,2,0,,,,,,False,1.0,0.0,25.0,2.0,0.0,1.0,0.0,0.92,0.1458,"LINESTRING (-116.198986 43.602759, -116.198984 43.603159)"
2327,7967942249,7967942250,0,nan,footway,86.9,43.6025,-116.1988,0.0,1.0,11.195,3,2,0,,,,,,False,1.0,0.0,25.0,2.0,0.0,1.0,3.0,0.92,0.2124,"LINESTRING (-116.198986 43.602759, -116.198984 43.602513, -116.198244 43.602519)"
2328,7967942266,12200682057,0,nan,footway,110.7,43.6067,-116.2093,0.0507,1.0,10.4565,2,0,4,,,,,,False,1.0,0.0,25.0,2.0,0.0,1.0,5.0,0.92,0.298,"LINESTRING (-116.208675 43.606629, -116.208686 43.606672, -116.209441 43.606653, -116.209525 43.606653, -116.209625 43.606663, -116.209713 43.60669, -116.20978 43.60672, -116.209937 43.606809)"
2329,7967942273,12200682039,0,nan,footway,36.2,43.6064,-116.2088,0.0,1.0,10.4565,0,0,4,,,,,,False,1.0,0.0,25.0,2.0,0.0,1.0,2.0,0.92,0.3554,"LINESTRING (-116.208908 43.606303, -116.208873 43.606346, -116.208805 43.606414, -116.208745 43.606485, -116.20874 43.606494, -116.2087 43.606579, -116.208695 43.606587)"
2330,7967956970,8014905965,0,nan,footway,58.6,43.6026,-116.1878,0.0904,1.0,5.173,40,0,0,0.0216,0.1519,0.2774,0.067,0.0017,True,1.0,0.0,25.0,2.0,0.0,1.0,6.0,0.92,0.0,"LINESTRING (-116.187523 43.602496, -116.187583 43.602524, -116.188078 43.602753, -116.188141 43.602773)"
2331,7967956970,7967956971,0,nan,footway,26.1,43.6029,-116.1881,0.7402,0.5,7.9241,29,0,0,0.125,0.0379,0.1816,0.1594,0.0077,True,1.0,0.0,25.0,2.0,0.0,1.0,5.0,0.92,0.3295,"LINESTRING (-116.188112 43.603006, -116.18812 43.602994, -116.18813 43.602884, -116.188139 43.60279, -116.188141 43.602773)"
2332,7970681515,7970681519,0,nan,footway,42.5,43.6122,-116.1982,0.9936,0.3333,16.599,2,0,7,0.0248,0.3324,0.2374,0.0543,0.0077,True,1.0,0.0,25.0,2.0,0.0,1.0,10.0,0.92,1.0,"LINESTRING (-116.198095 43.61231, -116.198108 43.612296, -116.198326 43.612066, -116.198399 43.611999)"
2333,7970681519,7970681521,0,nan,footway,38.8,43.6125,-116.198,1.1132,1.0,16.599,8,2,7,,,,,,False,1.0,0.0,25.0,2.0,0.0,1.0,8.0,0.92,1.0,"LINESTRING (-116.197822 43.612598, -116.19801 43.612395, -116.198075 43.612335, -116.198095 43.61231)"
2334,7970681522,7970681525,0,nan,footway,93.0,43.6129,-116.1983,0.4168,1.0,16.599,22,2,6,0.0635,0.1156,0.1942,0.25,0.0142,True,1.0,0.0,25.0,2.0,0.0,1.0,17.0,0.92,0.6099,"LINESTRING (-116.198762 43.613107, -116.198336 43.612898, -116.197838 43.612647, -116.197819 43.612628)"
2335,7970681528,7970681529,0,nan,footway,42.3,43.6126,-116.1992,0.7156,0.3333,16.599,4,0,5,0.0166,0.3764,0.2812,0.1047,0.0044,True,1.0,0.0,25.0,2.0,0.0,1.0,12.0,0.92,0.8377,"LINESTRING (-116.199358 43.612488, -116.199073 43.612787, -116.199059 43.612801)"
2336,7970681528,7970681539,0,nan,footway,40.2,43.6129,-116.1989,0.1212,1.0,16.599,12,2,5,,,,,,False,1.0,0.0,25.0,2.0,0.0,1.0,9.0,0.92,0.4816,"LINESTRING (-116.198772 43.613097, -116.199036 43.612824, -116.199059 43.612801)"
2337,7970681543,7973599309,0,nan,footway,107.3,43.6106,-116.1986,0.7149,0.8333,27.5665,8,2,6,0.0881,0.2066,0.0454,0.2854,0.0082,True,1.0,0.0,25.0,2.0,0.0,1.0,7.0,0.92,0.8974,"LINESTRING (-116.198069 43.61031, -116.198974 43.610735, -116.199158 43.610819, -116.199186 43.610836)"
2338,7970681544,7970681547,0,nan,footway,79.4,43.6112,-116.1989,0.5843,0.0,0.0,1,0,6,0.02,0.1465,0.2512,0.1086,0.0301,True,1.0,0.0,25.0,2.0,0.0,1.0,10.0,0.92,0.7121,"LINESTRING (-116.198611 43.611443, -116.198893 43.611154, -116.199086 43.610948, -116.199178 43.61086)"
2339,7970681555,7970681567,0,nan,footway,40.1,43.6099,-116.1972,0.5485,0.3333,27.5665,6,2,6,0.0608,0.3012,0.169,0.065,0.017,True,1.0,0.0,25.0,2.0,0.0,1.0,6.0,0.92,1.0,"LINESTRING (-116.197449 43.610019, -116.19706 43.609836, -116.197029 43.609825)"
2340,7970681555,7973584473,0,nan,footway,43.4,43.61,-116.1969,0.119,0.3333,14.0469,3,1,6,0.0111,0.2362,0.2462,0.0372,0.014,True,1.0,0.0,25.0,2.0,0.0,1.0,6.0,0.92,0.759,"LINESTRING (-116.196732 43.610151, -116.196974 43.60988, -116.197029 43.609825)"
2341,7970681559,7973615144,0,nan,footway,89.4,43.6106,-116.1968,0.0,0.6,27.5665,3,2,7,,,,,,False,1.0,0.0,25.0,2.0,0.0,1.0,4.0,0.92,0.8052,"LINESTRING (-116.19716 43.610352, -116.197088 43.610436, -116.197018 43.610407, -116.196841 43.610606, -116.196811 43.610609, -116.196606 43.610514, -116.196468 43.61045, -116.19651 43.6104, -116.196536 43.610372)"
2342,7970681559,7973584473,0,nan,footway,29.2,43.6103,-116.1966,0.0,1.0,14.0469,3,2,7,,,,,,False,1.0,0.0,25.0,2.0,0.0,1.0,5.0,0.92,0.6071,"LINESTRING (-116.196732 43.610151, -116.196559 43.610346, -116.196536 43.610372)"
2343,7970681567,7973599309,0,nan,footway,59.5,43.6102,-116.1978,0.6779,1.0,27.5665,4,1,6,0.0622,0.1755,0.0362,0.3406,0.0136,True,1.0,0.0,25.0,2.0,0.0,1.0,5.0,0.92,0.8104,"LINESTRING (-116.198069 43.61031, -116.197449 43.610019)"
2344,7970681567,7973615144,0,nan,footway,43.7,43.6102,-116.1973,0.0462,1.0,27.5665,3,1,6,,,,,,False,1.0,0.0,25.0,2.0,0.0,1.0,4.0,0.92,0.5798,"LINESTRING (-116.19716 43.610352, -116.197283 43.610208, -116.197449 43.610019)"
2345,7970681582,7970681583,0,nan,footway,26.8,43.6124,-116.1977,0.6047,0.0,0.0,8,2,7,0.0264,0.221,0.2702,0.0286,0.0113,True,1.0,0.0,25.0,2.0,0.0,1.0,8.0,0.92,0.8283,"LINESTRING (-116.197603 43.612491, -116.197753 43.612335, -116.197796 43.612295)"
2346,7970681582,13312051940,0,nan,footway,52.5,43.6121,-116.198,0.5081,1.0,5.2587,4,0,7,0.11,0.0958,0.2855,0.1532,0.0053,True,1.0,0.0,25.0,2.0,0.0,1.0,11.0,0.92,0.5367,"LINESTRING (-116.198171 43.611908, -116.198163 43.611917, -116.197817 43.612275, -116.197796 43.612295)"
2347,7970686894,7970686899,0,nan,footway,59.3,43.6111,-116.1953,0.0188,0.75,6.8577,17,1,7,0.0608,0.2088,0.2532,0.07,0.0052,True,1.0,0.0,25.0,2.0,0.0,1.0,6.0,0.92,0.463,"LINESTRING (-116.195443 43.610834, -116.195384 43.610926, -116.195384 43.610949, -116.195364 43.610995, -116.19515 43.611288, -116.195132 43.611314)"
2348,7970686899,13312051940,0,Boise City Canal Multiuse Pathway,path,285.8,43.6112,-116.1967,0.0209,0.6875,5.0622,40,2,7,0.117,0.0986,0.2676,0.1966,0.0046,True,1.0,0.0,25.0,2.0,0.0,1.0,21.0,0.92,0.4586,"LINESTRING (-116.198171 43.611908, -116.198143 43.611894, -116.197724 43.611676, -116.197313 43.611482, -116.196951 43.611298, -116.196572 43.61106, -116.195933 43.610614, -116.195844 43.610587, -116.195772 43.610587, -116.195715 43.610598, -116.195643 43.610652, -116.195505 43.610832, -116.195443 43.610834)"
2349,7970686901,8323909285,0,nan,footway,54.2,43.6116,-116.1958,0.0204,1.0,7.6708,31,1,7,0.0652,0.2558,0.2664,0.0278,0.0146,True,1.0,0.0,25.0,2.0,0.0,1.0,8.0,0.92,0.3518,"LINESTRING (-116.196063 43.611739, -116.195745 43.611578, -116.195546 43.611479, -116.19551 43.611462)"
2350,7970686903,7978329628,0,nan,footway,52.2,43.6122,-116.1969,0.0173,1.0,6.4983,9,1,8,0.0061,0.524,0.0099,0.0259,0.0043,True,1.0,0.0,25.0,2.0,0.0,1.0,7.0,0.92,0.4703,"LINESTRING (-116.196637 43.612029, -116.197083 43.612254, -116.197167 43.612298)"
2351,7973584466,12753799693,0,nan,footway,39.4,43.6099,-116.1967,0.0843,0.3333,14.0469,5,2,6,,,,,,False,1.0,0.0,25.0,2.0,0.0,1.0,6.0,0.92,0.7763,"LINESTRING (-116.196603 43.610056, -116.196681 43.609964, -116.196816 43.609811, -116.196864 43.609755)"
2352,7973584466,7973599210,0,nan,footway,105.9,43.6095,-116.1963,1.0343,0.0,0.0,8,2,6,0.0274,0.2535,0.1216,0.1114,0.0132,True,1.0,0.0,25.0,2.0,0.0,1.0,11.0,0.92,0.9426,"LINESTRING (-116.195794 43.609267, -116.195798 43.609264, -116.195813 43.609249, -116.195999 43.609336, -116.196015 43.609364, -116.196195 43.609446, -116.196229 43.609443, -116.196381 43.609513, -116.196657 43.609644, -116.196861 43.609742, -116.196864 43.609755)"
2353,7973599186,7973599210,0,nan,footway,26.1,43.6094,-116.1957,0.3818,0.0,0.0,2,0,7,,,,,,False,1.0,0.0,25.0,2.0,0.0,1.0,9.0,0.92,0.6579,"LINESTRING (-116.195794 43.609267, -116.195738 43.609329, -116.195633 43.609447, -116.195617 43.609464)"
2354,7973599187,12753799693,0,nan,footway,109.9,43.6098,-116.1961,0.0,1.0,14.0469,5,2,6,,,,,,False,1.0,0.0,25.0,2.0,0.0,1.0,11.0,0.92,0.5254,"LINESTRING (-116.196603 43.610056, -116.196402 43.609949, -116.19632 43.609958, -116.196213 43.60984, -116.196104 43.609779, -116.195921 43.609719, -116.195775 43.609696, -116.195779 43.609644, -116.195636 43.609612, -116.195527 43.609562)"
2355,7973599191,7973599201,0,nan,footway,41.4,43.6093,-116.1954,0.2685,0.3333,12.9736,2,0,7,,,,,,False,1.0,0.0,25.0,2.0,0.0,1.0,8.0,0.92,0.7815,"LINESTRING (-116.195566 43.609164, -116.195512 43.609225, -116.195492 43.609248, -116.195469 43.609275, -116.195402 43.609345, -116.195385 43.609363, -116.195364 43.609386, -116.195353 43.609404, -116.195369 43.609412, -116.195377 43.609431, -116.195335 43.609474)"
2356,7973599191,12753799675,0,nan,footway,155.9,43.6091,-116.1945,0.1201,1.0,15.4127,23,5,5,,,,,,False,1.0,0.0,25.0,2.0,0.0,1.0,10.0,0.92,0.5322,"LINESTRING (-116.194216 43.608511, -116.194182 43.608613, -116.194215 43.608873, -116.194314 43.608916, -116.194357 43.609003, -116.194444 43.609058, -116.194583 43.609123, -116.194725 43.60917, -116.195194 43.609378, -116.195221 43.60942, -116.195335 43.609474)"
2357,7973599202,12753799675,0,nan,footway,127.8,43.6088,-116.1949,0.7722,0.125,18.4616,18,4,5,0.1152,0.4441,0.0369,0.074,0.0162,True,1.0,0.0,25.0,2.0,0.0,1.0,8.0,0.92,1.0,"LINESTRING (-116.194216 43.608511, -116.194592 43.60869, -116.195547 43.609136)"
2358,7973599202,7973615151,0,nan,footway,27.8,43.609,-116.1956,0.7942,0.5,16.2198,6,1,6,0.0296,0.1533,0.2878,0.0816,0.0088,True,1.0,0.0,25.0,2.0,0.0,1.0,8.0,0.92,0.9426,"LINESTRING (-116.195715 43.608919, -116.195702 43.608958, -116.19564 43.609032, -116.195579 43.609105, -116.195547 43.609136)"
2359,7973599205,11552071750,0,nan,footway,44.0,43.6085,-116.1936,0.8372,1.0,18.4616,8,1,4,0.0535,0.143,0.2734,0.0674,0.0064,True,1.0,0.0,25.0,2.0,0.0,1.0,6.0,0.92,0.6845,"LINESTRING (-116.193552 43.608663, -116.193571 43.608404, -116.193571 43.608339, -116.193655 43.608303)"
2360,7973599205,12753799675,0,nan,footway,51.8,43.6084,-116.1939,1.1977,1.0,18.4616,8,2,4,0.073,0.1708,0.281,0.0722,0.009,True,1.0,0.0,25.0,2.0,0.0,1.0,6.0,0.92,0.8844,"LINESTRING (-116.194216 43.608511, -116.193791 43.608309, -116.193655 43.608303)"
2361,7973599205,7973657820,0,nan,footway,123.1,43.6089,-116.1936,0.8706,0.8571,18.4616,16,4,5,0.0792,0.15,0.2022,0.1354,0.0181,True,1.0,0.0,25.0,2.0,0.0,1.0,16.0,0.92,0.8869,"LINESTRING (-116.193533 43.609389, -116.193537 43.609349, -116.19353 43.609329, -116.193537 43.609213, -116.193617 43.60914, -116.193627 43.6089, -116.193655 43.608303)"
2362,7973599212,7973599229,0,South 4th Street,unclassified,43.3,43.6112,-116.2008,0.2894,1.0,15.0139,27,0,4,0.0093,0.1508,0.1616,0.1988,0.0075,True,0.0,2.0,25.0,2.0,0.179,0.5,7.0,0.881,0.2693,"LINESTRING (-116.200918 43.611006, -116.200612 43.611326)"
2363,7973599214,7973599230,0,nan,footway,40.3,43.6111,-116.2006,0.7737,1.0,7.0865,29,0,6,0.0457,0.0684,0.2201,0.2383,0.0041,True,1.0,0.0,25.0,2.0,0.0,1.0,7.0,0.92,0.488,"LINESTRING (-116.200738 43.610917, -116.200452 43.611214)"
2364,7973599214,7973599314,0,nan,footway,38.4,43.6111,-116.2003,0.8467,1.0,6.5038,24,0,5,0.0283,0.2027,0.1931,0.1247,0.0039,True,1.0,0.0,25.0,2.0,0.0,1.0,6.0,0.92,0.4682,"LINESTRING (-116.200063 43.611024, -116.200102 43.611046, -116.200195 43.611063, -116.2003 43.611125, -116.200452 43.611214)"
2365,7973599220,7973599314,0,nan,footway,49.3,43.6109,-116.1998,0.4181,1.0,5.3386,13,0,5,0.0634,0.3922,0.1188,0.0945,0.0024,True,1.0,0.0,25.0,2.0,0.0,1.0,10.0,0.92,0.3241,"LINESTRING (-116.200063 43.611024, -116.199888 43.610927, -116.199592 43.610775, -116.199591 43.610754)"
2366,7973599222,7973599313,0,nan,footway,27.5,43.6106,-116.1998,0.2425,0.0,0.0,11,0,5,0.0342,0.1616,0.3211,0.0742,0.0095,True,1.0,0.0,25.0,2.0,0.0,1.0,12.0,0.92,0.3997,"LINESTRING (-116.199655 43.61069, -116.199718 43.610627, -116.199851 43.610488)"
2367,7973599230,7973599315,0,nan,footway,38.6,43.6108,-116.2005,0.6519,1.0,6.6888,18,0,5,,,,,,False,1.0,0.0,25.0,2.0,0.0,1.0,8.0,0.92,0.4141,"LINESTRING (-116.200339 43.610726, -116.200738 43.610917)"
2368,7973599232,7973599246,0,nan,footway,35.3,43.6105,-116.1995,1.5835,1.0,0.0,10,2,5,0.0208,0.1045,0.5002,0.1048,0.04,True,1.0,0.0,25.0,2.0,0.0,1.0,10.0,0.92,0.7623,"LINESTRING (-116.199641 43.610375, -116.199398 43.610639)"
2369,7973599236,7973599241,0,nan,footway,97.6,43.6104,-116.1989,0.3727,1.0,0.0,13,3,6,0.0094,0.0788,0.3295,0.1205,0.0097,True,1.0,0.0,25.0,2.0,0.0,1.0,11.0,0.92,0.3686,"LINESTRING (-116.198394 43.610181, -116.19839 43.610206, -116.19873 43.610367, -116.199006 43.610496, -116.199293 43.610629, -116.199378 43.61067)"
2370,7973599241,7973599243,0,nan,footway,40.6,43.61,-116.1985,0.9389,1.0,0.0,5,1,5,,,,,,False,1.0,0.0,25.0,2.0,0.0,1.0,5.0,0.92,0.4943,"LINESTRING (-116.198686 43.609889, -116.198644 43.609902, -116.198394 43.610181)"
2371,7973599243,7973599246,0,nan,footway,94.0,43.6101,-116.1992,0.3042,1.0,0.0,15,2,4,,,,,,False,1.0,0.0,25.0,2.0,0.0,1.0,10.0,0.92,0.184,"LINESTRING (-116.199641 43.610375, -116.198686 43.609889)"
2372,7973599255,11783921684,0,nan,footway,81.4,43.6093,-116.1989,1.031,0.6,9.1987,6,1,4,0.0204,0.1501,0.3287,0.054,0.017,True,1.0,0.0,25.0,2.0,0.0,1.0,4.0,0.92,0.8407,"LINESTRING (-116.19862 43.609644, -116.198731 43.60953, -116.199006 43.609241, -116.199196 43.609042)"
2373,7973599255,7973599266,0,nan,footway,110.6,43.6088,-116.1986,0.9821,0.2857,9.1987,15,1,3,0.0111,0.2183,0.2845,0.0236,0.0133,True,1.0,0.0,25.0,2.0,0.0,1.0,5.0,0.92,0.8131,"LINESTRING (-116.19805 43.608504, -116.198075 43.60852, -116.198106 43.608537, -116.19816 43.60856, -116.198233 43.608576, -116.198309 43.608593, -116.198628 43.608756, -116.198721 43.608802, -116.19879 43.608837, -116.198851 43.608867, -116.199196 43.609042)"
2374,7973599266,7973599273,0,nan,footway,105.0,43.6082,-116.1975,1.5509,0.0,0.0,6,1,4,0.0092,0.314,0.2172,0.001,0.0052,True,1.0,0.0,25.0,2.0,0.0,1.0,5.0,0.92,0.9959,"LINESTRING (-116.197013 43.607932, -116.197464 43.608159, -116.197609 43.608234, -116.197691 43.608281, -116.197848 43.608377, -116.197987 43.608465, -116.198033 43.608493, -116.19805 43.608504)"
2375,7973599276,7973599280,0,nan,footway,39.2,43.6082,-116.1968,0.3899,0.0,0.0,1,0,5,0.0327,0.3784,0.05,0.0101,0.0173,True,1.0,0.0,25.0,2.0,0.0,1.0,6.0,0.92,0.583,"LINESTRING (-116.196621 43.608342, -116.196655 43.608306, -116.196823 43.608133, -116.19687 43.608084, -116.196899 43.608053)"
2376,7973599280,7973599284,0,nan,footway,37.3,43.6085,-116.1965,0.3581,0.0,0.0,1,0,5,0.0017,0.2866,0.3732,0.064,0.0012,True,1.0,0.0,25.0,2.0,0.0,1.0,6.0,0.92,0.5707,"LINESTRING (-116.196355 43.608617, -116.196384 43.608588, -116.19657 43.608395, -116.1966 43.608364, -116.196621 43.608342)"
2377,7973599284,7973599287,0,nan,footway,39.9,43.6088,-116.1962,0.4713,0.0,0.0,3,1,6,,,,,,False,1.0,0.0,25.0,2.0,0.0,1.0,9.0,0.92,0.7207,"LINESTRING (-116.196074 43.608912, -116.196113 43.608871, -116.196325 43.608648, -116.196355 43.608617)"
2378,7973599288,7973599293,0,nan,footway,102.3,43.6093,-116.1965,0.5927,0.1667,9.1987,11,1,7,0.0082,0.2427,0.193,0.0217,0.0168,True,1.0,0.0,25.0,2.0,0.0,1.0,9.0,0.92,0.9334,"LINESTRING (-116.197037 43.609505, -116.197009 43.609492, -116.196897 43.60948, -116.196838 43.609451, -116.195956 43.609036)"
2379,7973599293,7973599302,0,nan,footway,119.0,43.6098,-116.1976,0.6899,0.4286,9.1987,12,2,6,0.0146,0.4686,0.0407,0.0049,0.0027,True,1.0,0.0,25.0,2.0,0.0,1.0,9.0,0.92,0.8861,"LINESTRING (-116.198195 43.610087, -116.197999 43.609999, -116.197985 43.609965, -116.197969 43.609929, -116.197954 43.609897, -116.197944 43.609884, -116.197768 43.609887, -116.197604 43.60981, -116.197456 43.609742, -116.197283 43.609641, -116.197054 43.609512, -116.197037 43.609505)"
2380,7973599302,11783921684,0,nan,footway,60.0,43.6099,-116.1984,0.8127,0.75,9.1987,10,1,6,,,,,,False,1.0,0.0,25.0,2.0,0.0,1.0,5.0,0.92,0.7813,"LINESTRING (-116.19862 43.609644, -116.19857 43.609696, -116.198302 43.609976, -116.198195 43.610087)"
2381,7973599302,7973599309,0,nan,footway,32.0,43.6102,-116.1981,0.8724,0.5,27.5665,5,1,6,0.0016,0.199,0.2284,0.0718,0.0094,True,1.0,0.0,25.0,2.0,0.0,1.0,3.0,0.92,1.0,"LINESTRING (-116.198069 43.61031, -116.19809 43.610287, -116.198032 43.610258, -116.198043 43.610246, -116.1981 43.610186, -116.198172 43.61011, -116.198195 43.610087)"
2382,7973599312,7973599315,0,nan,footway,35.0,43.6106,-116.2002,0.8558,1.0,5.8934,20,0,5,,,,,,False,1.0,0.0,25.0,2.0,0.0,1.0,9.0,0.92,0.4751,"LINESTRING (-116.200339 43.610726, -116.200314 43.610714, -116.199978 43.61055)"
2383,7973615151,7973615178,0,nan,footway,87.2,43.6087,-116.1953,0.5693,0.6,16.2198,6,1,6,0.0112,0.3194,0.171,0.0501,0.002,True,1.0,0.0,25.0,2.0,0.0,1.0,8.0,0.92,0.8222,"LINESTRING (-116.194803 43.608497, -116.195209 43.608686, -116.195715 43.608919)"
2384,7973615155,7973615180,0,nan,footway,60.2,43.6087,-116.1959,0.8247,1.0,16.2198,6,1,6,,,,,,False,1.0,0.0,25.0,2.0,0.0,1.0,10.0,0.92,0.7909,"LINESTRING (-116.195726 43.608908, -116.195791 43.60884, -116.196124 43.6085, -116.196157 43.608466)"
2385,7973615157,7973615165,0,nan,footway,77.9,43.6081,-116.1966,0.8196,1.0,10.628,3,1,5,0.1697,0.1121,0.3868,0.0174,0.0083,True,1.0,0.0,25.0,2.0,0.0,1.0,7.0,0.92,0.7338,"LINESTRING (-116.196825 43.607837, -116.196721 43.607945, -116.19661 43.608066, -116.196588 43.608094, -116.196396 43.608295, -116.196349 43.608345, -116.196323 43.608372, -116.196281 43.608416)"
2386,7973615165,7973615170,0,nan,footway,96.9,43.6076,-116.1964,1.1787,1.0,10.628,2,1,3,0.0259,0.003,0.0058,0.4073,0.0048,True,1.0,0.0,25.0,2.0,0.0,1.0,4.0,0.92,0.7875,"LINESTRING (-116.195866 43.607362, -116.19589 43.607342, -116.19628 43.607535, -116.196402 43.607597, -116.196766 43.607784, -116.196817 43.607812, -116.196825 43.607837)"
2387,7973615170,7973615176,0,nan,footway,87.5,43.6077,-116.1956,0.7687,1.0,10.628,4,2,3,0.0501,0.1078,0.1958,0.0112,0.0077,True,1.0,0.0,25.0,2.0,0.0,1.0,2.0,0.92,0.6511,"LINESTRING (-116.195248 43.60801, -116.195273 43.607986, -116.195303 43.607954, -116.195404 43.607846, -116.195672 43.607566, -116.195866 43.607362)"
2388,7973615170,7973668122,0,nan,footway,85.1,43.6071,-116.1954,1.3299,0.2,10.628,6,3,3,0.0226,0.1026,0.14,0.1432,0.0113,True,1.0,0.0,25.0,2.0,0.0,1.0,3.0,0.92,1.0,"LINESTRING (-116.195003 43.606921, -116.195048 43.606942, -116.195071 43.606957, -116.195379 43.607114, -116.195724 43.607287, -116.195759 43.607302, -116.195807 43.607328, -116.195844 43.607347, -116.195866 43.607362)"
2389,7973615176,7973615178,0,nan,footway,65.5,43.6083,-116.195,1.0309,0.5,10.9616,13,5,4,0.0786,0.4338,0.017,0.0598,0.0121,True,1.0,0.0,25.0,2.0,0.0,1.0,2.0,0.92,1.0,"LINESTRING (-116.194803 43.608497, -116.194803 43.60847, -116.195207 43.608049, -116.195248 43.60801)"
2390,7973615178,7973668095,0,nan,footway,69.6,43.6083,-116.1944,0.869,0.25,10.9616,15,5,4,0.0325,0.119,0.2045,0.1543,0.0098,True,1.0,0.0,25.0,2.0,0.0,1.0,6.0,0.92,1.0,"LINESTRING (-116.194078 43.608157, -116.194389 43.608302, -116.194633 43.608417, -116.194658 43.608431, -116.194715 43.608457, -116.194767 43.608481, -116.194803 43.608497)"
2391,7973657824,7973657831,0,nan,footway,78.8,43.61,-116.1935,0.3162,0.0,0.0,25,8,6,0.1614,0.1086,0.2787,0.1088,0.0229,True,1.0,0.0,25.0,2.0,0.0,1.0,13.0,0.92,0.7489,"LINESTRING (-116.193457 43.610319, -116.193469 43.610284, -116.193474 43.610261, -116.193484 43.610201, -116.193499 43.610036, -116.193506 43.609858, -116.193512 43.609676, -116.193515 43.609612)"
2392,7973657831,7973657834,0,nan,footway,28.9,43.6104,-116.1934,0.5436,0.0,0.0,18,7,6,0.1782,0.0192,0.2158,0.1018,0.0242,True,1.0,0.0,25.0,2.0,0.0,1.0,4.0,0.92,0.8423,"LINESTRING (-116.193342 43.610564, -116.19338 43.610508, -116.193447 43.610349, -116.193457 43.610319)"
2393,7973657834,7973734075,0,nan,footway,30.0,43.6107,-116.1933,0.4323,0.0,0.0,13,4,6,0.051,0.1114,0.1694,0.0866,0.0214,True,1.0,0.0,25.0,2.0,0.0,1.0,9.0,0.92,0.7516,"LINESTRING (-116.193179 43.610807, -116.19321 43.610761, -116.193311 43.610611, -116.193342 43.610564)"
2394,7973657846,7973734076,0,nan,footway,28.8,43.611,-116.1936,0.2765,1.0,3.222,24,2,6,0.0028,0.4131,0.137,0.0164,0.0018,True,1.0,0.0,25.0,2.0,0.0,1.0,4.0,0.92,0.3995,"LINESTRING (-116.193374 43.61102, -116.193394 43.611021, -116.193685 43.611043, -116.193729 43.611049)"
2395,7973657852,7973657853,0,nan,footway,45.2,43.6111,-116.195,0.0223,1.0,4.2796,6,1,7,0.1758,0.1558,0.2102,0.1721,0.0042,True,1.0,0.0,25.0,2.0,0.0,1.0,6.0,0.92,0.4072,"LINESTRING (-116.195178 43.610891, -116.194912 43.61125)"
2396,7973657859,7973657875,0,nan,footway,74.6,43.6106,-116.1949,0.0,1.0,7.5638,5,2,7,,,,,,False,1.0,0.0,25.0,2.0,0.0,1.0,3.0,0.92,0.5194,"LINESTRING (-116.194509 43.6104, -116.194555 43.610424, -116.194832 43.610554, -116.195214 43.610735, -116.195288 43.610762)"
2397,7973657872,12753799662,0,nan,footway,64.9,43.6099,-116.1947,0.0,1.0,7.5638,8,5,8,,,,,,False,1.0,0.0,25.0,2.0,0.0,1.0,3.0,0.92,0.6456,"LINESTRING (-116.194523 43.61014, -116.194552 43.610108, -116.194609 43.610044, -116.194779 43.609854, -116.195007 43.609958, -116.195044 43.609917)"
2398,7973657875,12753799662,0,nan,footway,37.5,43.6103,-116.1944,0.0,1.0,7.5638,14,6,7,,,,,,False,1.0,0.0,25.0,2.0,0.0,1.0,2.0,0.92,0.5791,"LINESTRING (-116.194523 43.61014, -116.194392 43.610285, -116.194382 43.610338, -116.194474 43.610382, -116.194509 43.6104)"
2399,7973668105,7973668110,0,nan,footway,67.2,43.6076,-116.1936,1.4537,0.0,0.0,28,3,3,0.012,0.1094,0.3496,0.0494,0.0142,True,1.0,0.0,25.0,2.0,0.0,1.0,9.0,0.92,0.9063,"LINESTRING (-116.193658 43.607307, -116.193657 43.607343, -116.193654 43.607395, -116.193638 43.607634, -116.193618 43.607911)"
2400,7973668110,7973668129,0,nan,footway,120.0,43.6068,-116.1937,1.3329,0.7143,7.3546,30,3,3,0.0096,0.148,0.3832,0.0034,0.0061,True,1.0,0.0,25.0,2.0,0.0,1.0,5.0,0.92,0.8438,"LINESTRING (-116.193626 43.606228, -116.193632 43.606339, -116.193643 43.60654, -116.193653 43.606723, -116.193663 43.606934, -116.193666 43.60717, -116.193659 43.607263, -116.193658 43.607307)"
2401,7973668122,7973668129,0,nan,footway,135.0,43.6066,-116.1943,1.47,0.125,7.3546,5,1,3,0.007,0.0809,0.2498,0.0576,0.0142,True,1.0,0.0,25.0,2.0,0.0,1.0,6.0,0.92,1.0,"LINESTRING (-116.193626 43.606228, -116.193765 43.606294, -116.19406 43.606444, -116.194303 43.606568, -116.194646 43.606742, -116.194964 43.606904, -116.195003 43.606921)"
2402,7973733998,13033269458,0,South Broadway Avenue,secondary,28.4,43.6082,-116.1934,0.5067,0.0,0.0,5,3,3,0.001,0.0629,0.3462,0.0282,0.0195,True,0.0,4.0,35.0,4.0,1.0,0.5,8.0,0.55,0.6478,"LINESTRING (-116.193375 43.608368, -116.193382 43.608113)"
2403,7973734025,13877593897,0,nan,footway,58.9,43.6064,-116.1956,0.0,0.0,0.0,0,0,2,,,,,,False,1.0,0.0,25.0,2.0,0.0,1.0,1.0,0.92,0.32,"LINESTRING (-116.195869 43.606558, -116.195776 43.606514, -116.195335 43.606286, -116.195268 43.606257)"
2404,7973734025,7973734074,0,nan,footway,57.0,43.6064,-116.195,0.0791,0.0,0.0,0,0,3,0.052,0.1546,0.3253,0.0323,0.0046,True,1.0,0.0,25.0,2.0,0.0,1.0,2.0,0.92,0.4041,"LINESTRING (-116.194961 43.606617, -116.194948 43.60659, -116.194987 43.606532, -116.195001 43.606495, -116.195008 43.606447, -116.195006 43.606411, -116.195 43.606368, -116.194999 43.606338, -116.195008 43.606318, -116.195031 43.6063, -116.195062 43.606289, -116.195106 43.606284, -116.195182 43.606276, -116.195268 43.606257)"
2405,7973734046,7973734050,0,nan,footway,65.0,43.6083,-116.1983,0.0264,0.25,5.1538,7,1,2,0.1294,0.4049,0.082,0.0106,0.002,True,1.0,0.0,25.0,2.0,0.0,1.0,4.0,0.92,0.3947,"LINESTRING (-116.198642 43.608499, -116.198576 43.608465, -116.198365 43.608358, -116.198054 43.608203, -116.197979 43.608165)"
2406,7973734046,7973734058,0,nan,footway,218.5,43.6076,-116.1969,0.0524,0.0,0.0,8,3,3,0.0162,0.3183,0.2196,0.004,0.0065,True,1.0,0.0,25.0,2.0,0.0,1.0,9.0,0.92,0.4422,"LINESTRING (-116.195757 43.607037, -116.196074 43.607199, -116.19646 43.607394, -116.197021 43.60768, -116.197493 43.607919, -116.197907 43.608128, -116.197979 43.608165)"
2407,7973734050,7973734056,0,nan,footway,185.0,43.609,-116.1996,0.0727,0.6364,4.8554,19,1,2,0.0909,0.1512,0.2474,0.1342,0.0275,True,1.0,0.0,25.0,2.0,0.0,1.0,8.0,0.92,0.2168,"LINESTRING (-116.200522 43.609454, -116.200183 43.609279, -116.19976 43.60907, -116.199528 43.60895, -116.199119 43.608741, -116.198883 43.608621, -116.198701 43.608529, -116.198642 43.608499)"
2408,7973734056,7973734057,0,nan,footway,25.5,43.6094,-116.2006,1.5595,0.0,0.0,9,0,2,0.0968,0.1216,0.2749,0.0826,0.0174,True,1.0,0.0,25.0,2.0,0.0,1.0,4.0,0.92,0.7663,"LINESTRING (-116.200703 43.609266, -116.200522 43.609454)"
2409,7973734058,13877593897,0,nan,footway,57.1,43.6068,-116.1958,0.007,0.0,0.0,0,0,3,,,,,,False,1.0,0.0,25.0,2.0,0.0,1.0,1.0,0.92,0.376,"LINESTRING (-116.195869 43.606558, -116.195818 43.606628, -116.195788 43.606664, -116.195783 43.606682, -116.195836 43.606842, -116.195834 43.60689, -116.195824 43.606956, -116.195757 43.607037)"
2410,7973734058,7973734074,0,nan,footway,79.8,43.6068,-116.1954,0.2381,0.0,0.0,0,0,3,0.0005,0.3121,0.2002,0.007,0.0044,True,1.0,0.0,25.0,2.0,0.0,1.0,3.0,0.92,0.4661,"LINESTRING (-116.194961 43.606617, -116.194972 43.606639, -116.195451 43.606882, -116.195757 43.607037)"
2411,7973734068,13877628109,0,nan,footway,64.6,43.6059,-116.1956,0.0,0.5,2.3174,0,0,2,,,,,,False,1.0,0.0,25.0,2.0,0.0,1.0,0.0,0.92,0.2824,"LINESTRING (-116.195939 43.605885, -116.195905 43.605882, -116.19588 43.605879, -116.195855 43.605876, -116.195833 43.605868, -116.195806 43.605859, -116.195786 43.605854, -116.195748 43.605853, -116.195714 43.605855, -116.195675 43.605863, -116.195603 43.605888, -116.195375 43.606, -116.195358 43.606009, -116.195351 43.606019, -116.195338 43.606067, -116.195326 43.606117)"
2412,7974145846,7974145852,0,South Broadway Avenue,secondary,31.4,43.61,-116.1933,0.2283,0.5,3.7769,16,6,6,0.0015,0.0173,0.2065,0.1174,0.0076,True,0.0,4.0,35.0,4.0,1.0,0.5,7.0,0.55,0.7083,"LINESTRING (-116.1933 43.609835, -116.193301 43.610015, -116.193354 43.610111)"
2413,7974918110,7974918158,0,nan,footway,62.7,43.6099,-116.1932,0.2695,0.5,3.7769,9,1,6,0.3153,0.2943,0.0514,0.073,0.0162,True,1.0,0.0,25.0,2.0,0.0,1.0,9.0,0.92,0.5784,"LINESTRING (-116.193222 43.610198, -116.193225 43.610157, -116.19323 43.610014, -116.193236 43.609728, -116.193225 43.609676, -116.193225 43.609635)"
2414,7974918122,7974918157,0,nan,footway,40.6,43.6108,-116.1928,0.2161,0.6667,4.6545,6,1,5,0.0156,0.1788,0.2525,0.0624,0.0122,True,1.0,0.0,25.0,2.0,0.0,1.0,11.0,0.92,0.4925,"LINESTRING (-116.192986 43.610632, -116.192916 43.610697, -116.192871 43.610733, -116.192784 43.610795, -116.192635 43.610894)"
2415,7974918147,7974918155,0,nan,footway,108.1,43.6104,-116.1903,0.8238,0.0,0.0,2,1,2,0.0743,0.2306,0.266,0.0138,0.0132,True,1.0,0.0,25.0,2.0,0.0,1.0,4.0,0.92,0.6655,"LINESTRING (-116.189726 43.61009, -116.189882 43.610165, -116.190188 43.610313, -116.190343 43.610389, -116.190465 43.610443, -116.190588 43.610495, -116.190743 43.610547, -116.190866 43.610601)"
2416,7974918154,8235235478,0,nan,footway,189.9,43.6091,-116.1876,0.6226,1.0,4.0694,19,1,0,0.0327,0.3546,0.0087,0.0486,0.0067,True,1.0,0.0,25.0,2.0,0.0,1.0,8.0,0.92,0.1906,"LINESTRING (-116.186602 43.608652, -116.186828 43.60875, -116.187545 43.609058, -116.188064 43.609295, -116.188607 43.609552)"
2417,7974918154,7974918155,0,nan,footway,108.2,43.6098,-116.1892,0.3138,0.8571,5.1716,0,0,1,0.0424,0.2211,0.081,0.0956,0.0076,True,1.0,0.0,25.0,2.0,0.0,1.0,2.0,0.92,0.2998,"LINESTRING (-116.189726 43.61009, -116.189646 43.610052, -116.18935 43.60991, -116.18907 43.609772, -116.188632 43.609564, -116.188607 43.609552)"
2418,7974918157,7974918158,0,nan,footway,52.5,43.6104,-116.1931,0.2828,0.3333,3.7769,14,2,5,0.0086,0.2422,0.2819,0.029,0.0025,True,1.0,0.0,25.0,2.0,0.0,1.0,6.0,0.92,0.6157,"LINESTRING (-116.193222 43.610198, -116.193212 43.610231, -116.193186 43.61033, -116.193137 43.610436, -116.193072 43.610531, -116.193003 43.610617, -116.192986 43.610632)"
2419,7974918163,7974918180,0,nan,footway,109.7,43.6083,-116.1859,0.5933,1.0,6.0838,1,0,0,,,,,,False,1.0,0.0,25.0,2.0,0.0,1.0,7.0,0.92,0.2746,"LINESTRING (-116.186449 43.608585, -116.186296 43.608521, -116.185697 43.608264, -116.185277 43.608081)"
2420,7974918180,7974923059,0,nan,footway,160.9,43.608,-116.1869,0.0914,1.0,4.6836,1,0,0,,,,,,False,1.0,0.0,25.0,2.0,0.0,1.0,7.0,0.92,0.0558,"LINESTRING (-116.187447 43.607332, -116.187428 43.607356, -116.187329 43.607472, -116.187305 43.607502, -116.187285 43.607526, -116.187109 43.607756, -116.186905 43.608014, -116.186738 43.608211, -116.186637 43.608338, -116.186481 43.608534, -116.186449 43.608585)"
2421,7974923003,7974923073,0,nan,footway,35.2,43.6057,-116.1862,0.0,1.0,0.0,1,0,0,,,,,,False,1.0,0.0,25.0,2.0,0.0,1.0,5.0,0.92,0.0,"LINESTRING (-116.186041 43.605873, -116.186077 43.605826, -116.186169 43.605719, -116.186257 43.60561, -116.186258 43.6056)"
2422,7974923023,7974923033,0,nan,footway,99.6,43.6061,-116.1861,0.0,1.0,6.3396,2,0,0,,,,,,False,1.0,0.0,25.0,2.0,0.0,1.0,7.0,0.92,0.0186,"LINESTRING (-116.185755 43.606429, -116.18577 43.606425, -116.185782 43.606418, -116.185843 43.606344, -116.185936 43.606226, -116.186136 43.605981, -116.18624 43.605854, -116.186332 43.605739, -116.186371 43.605692, -116.186385 43.605676, -116.186402 43.605671)"
2423,7974923023,7974923066,0,nan,footway,66.7,43.6058,-116.1868,0.0,1.0,5.6903,2,0,0,,,,,,False,1.0,0.0,25.0,2.0,0.0,1.0,5.0,0.92,0.0088,"LINESTRING (-116.187099 43.605992, -116.187064 43.605976, -116.186752 43.605828, -116.186469 43.605697, -116.186417 43.605674, -116.186402 43.605671)"
2424,7974923045,8323711807,0,nan,footway,91.0,43.6063,-116.1877,0.0221,1.0,0.0,0,0,0,,,,,,False,1.0,0.0,25.0,2.0,0.0,1.0,3.0,0.92,0.0,"LINESTRING (-116.187187 43.606032, -116.18736 43.60611, -116.187587 43.606217, -116.187878 43.606353, -116.188118 43.606467, -116.188128 43.606481)"
2425,7974923049,7974923054,0,nan,footway,38.4,43.6069,-116.1878,0.0865,1.0,6.0142,0,0,0,,,,,,False,1.0,0.0,25.0,2.0,0.0,1.0,4.0,0.92,0.1247,"LINESTRING (-116.187683 43.607037, -116.18771 43.606999, -116.187793 43.606904, -116.187898 43.606778, -116.187912 43.606756, -116.187923 43.606739)"
2426,7974923054,7974923059,0,nan,footway,37.9,43.6072,-116.1876,0.0378,1.0,5.0125,0,0,0,,,,,,False,1.0,0.0,25.0,2.0,0.0,1.0,4.0,0.92,0.0895,"LINESTRING (-116.187447 43.607332, -116.187461 43.607314, -116.187514 43.607246, -116.187632 43.607097, -116.18766 43.60707, -116.187683 43.607037)"
2427,7974923067,7974923071,0,nan,footway,32.7,43.6063,-116.1857,0.0194,1.0,6.5019,2,0,0,,,,,,False,1.0,0.0,25.0,2.0,0.0,1.0,6.0,0.92,0.0284,"LINESTRING (-116.185799 43.606173, -116.185728 43.606263, -116.185716 43.606276, -116.185704 43.60628, -116.185693 43.606281, -116.185679 43.606278, -116.185505 43.606203)"
2428,7974923067,7974923069,0,nan,footway,31.2,43.6061,-116.1853,0.0706,0.5,0.0,1,0,0,,,,,,False,1.0,0.0,25.0,2.0,0.0,1.0,5.0,0.92,0.0289,"LINESTRING (-116.185174 43.606057, -116.185245 43.606088, -116.185465 43.606185, -116.185505 43.606203)"
2429,7974923070,7974923074,0,nan,footway,77.6,43.6053,-116.1857,0.0,1.0,6.9,0,0,0,,,,,,False,1.0,0.0,25.0,2.0,0.0,1.0,6.0,0.92,0.1035,"LINESTRING (-116.186086 43.605514, -116.185953 43.60545, -116.185789 43.605376, -116.185673 43.60532, -116.185501 43.605238, -116.185354 43.605167, -116.185279 43.605133)"
2430,7974923071,7974923072,0,nan,footway,27.2,43.6061,-116.1859,0.0,1.0,6.9321,2,0,0,,,,,,False,1.0,0.0,25.0,2.0,0.0,1.0,6.0,0.92,0.0267,"LINESTRING (-116.185972 43.605963, -116.185933 43.60601, -116.185821 43.606145, -116.185799 43.606173)"
2431,7978329598,7978329607,0,nan,footway,40.2,43.6134,-116.1985,0.2511,0.3333,5.2907,21,1,6,,,,,,False,1.0,0.0,25.0,2.0,0.0,1.0,10.0,0.92,0.5992,"LINESTRING (-116.198326 43.613562, -116.198336 43.613552, -116.19845 43.613436, -116.19863 43.613276)"
2432,7978329598,7978329620,0,nan,footway,96.3,43.613,-116.1981,0.2872,0.8333,7.6487,23,2,6,,,,,,False,1.0,0.0,25.0,2.0,0.0,1.0,14.0,0.92,0.5364,"LINESTRING (-116.19765 43.61278, -116.198332 43.613127, -116.19863 43.613276)"
2433,7978329606,7978329607,0,nan,footway,32.9,43.6137,-116.1982,0.0223,1.0,5.2907,27,0,6,,,,,,False,1.0,0.0,25.0,2.0,0.0,1.0,9.0,0.92,0.1736,"LINESTRING (-116.198326 43.613562, -116.198197 43.613696, -116.198094 43.613805)"
2434,7978329609,7978329675,0,nan,footway,38.9,43.6138,-116.1978,0.0072,0.3333,0.0,14,0,6,,,,,,False,1.0,0.0,25.0,2.0,0.0,1.0,9.0,0.92,0.2365,"LINESTRING (-116.197633 43.613675, -116.19775 43.613734, -116.198026 43.613877)"
2435,7978329613,7978329675,0,nan,footway,55.8,43.6135,-116.1973,0.073,1.0,5.0977,16,0,6,,,,,,False,1.0,0.0,25.0,2.0,0.0,1.0,11.0,0.92,0.2251,"LINESTRING (-116.197633 43.613675, -116.197065 43.613387)"
2436,7978329613,7978329617,0,nan,footway,43.0,43.6132,-116.1972,0.9244,1.0,4.166,12,0,6,,,,,,False,1.0,0.0,25.0,2.0,0.0,1.0,8.0,0.92,0.5585,"LINESTRING (-116.197371 43.61307, -116.197172 43.613277, -116.197065 43.613387)"
2437,7978329617,7978329620,0,nan,footway,39.3,43.6129,-116.1975,1.1002,1.0,5.8667,12,1,7,,,,,,False,1.0,0.0,25.0,2.0,0.0,1.0,6.0,0.92,0.8115,"LINESTRING (-116.19765 43.61278, -116.197429 43.613009, -116.197371 43.61307)"
2438,7978329632,7978329642,0,nan,footway,93.7,43.6124,-116.197,0.1849,0.0,0.0,11,1,7,0.0191,0.2376,0.2496,0.021,0.0048,True,1.0,0.0,25.0,2.0,0.0,1.0,11.0,0.92,0.5852,"LINESTRING (-116.197437 43.612672, -116.197319 43.612608, -116.196743 43.612317, -116.196487 43.612185)"
2439,7978329632,7978329636,0,nan,footway,82.0,43.6125,-116.1962,0.0633,0.0,0.0,12,1,8,,,,,,False,1.0,0.0,25.0,2.0,0.0,1.0,10.0,0.92,0.5854,"LINESTRING (-116.195904 43.61279, -116.196306 43.612374, -116.196487 43.612185)"
2440,7978329636,7978329640,0,nan,footway,93.8,43.613,-116.1964,0.176,0.0,0.0,13,1,7,,,,,,False,1.0,0.0,25.0,2.0,0.0,1.0,10.0,0.92,0.5709,"LINESTRING (-116.196858 43.613274, -116.196068 43.612872, -116.195904 43.61279)"
2441,7978329639,11332619049,0,nan,footway,36.7,43.6133,-116.1965,0.3191,0.0,0.0,8,0,6,0.0106,0.5463,0.1372,0.0845,0.0147,True,1.0,0.0,25.0,2.0,0.0,1.0,6.0,0.92,0.5031,"LINESTRING (-116.196344 43.613221, -116.196718 43.61341)"
2442,7978329640,7978329642,0,nan,footway,81.6,43.613,-116.1971,0.2862,0.0,0.0,19,1,7,,,,,,False,1.0,0.0,25.0,2.0,0.0,1.0,11.0,0.92,0.5888,"LINESTRING (-116.197437 43.612672, -116.197126 43.612998, -116.196858 43.613274)"
2443,7978329648,7978329651,0,nan,footway,41.7,43.6149,-116.2005,1.9745,0.6667,7.3502,55,12,6,,,,,,False,1.0,0.0,25.0,2.0,0.0,1.0,7.0,0.92,1.0,"LINESTRING (-116.200384 43.615063, -116.200653 43.61478, -116.200679 43.614755)"
2444,7978329648,7978329678,0,nan,footway,39.7,43.6146,-116.2008,1.5218,1.0,10.3283,60,16,5,,,,,,False,1.0,0.0,25.0,2.0,0.0,1.0,7.0,0.92,1.0,"LINESTRING (-116.200962 43.614462, -116.200689 43.614745, -116.200679 43.614755)"
2445,7978329654,7978329679,0,nan,footway,82.9,43.6148,-116.1999,1.3566,1.0,11.9356,92,21,5,0.0241,0.0499,0.2081,0.2756,0.0124,True,1.0,0.0,25.0,2.0,0.0,1.0,15.0,0.92,1.0,"LINESTRING (-116.200275 43.615009, -116.200154 43.614949, -116.199696 43.614719, -116.199428 43.614584)"
2446,7978329655,7978329659,0,nan,footway,38.7,43.6144,-116.1996,0.9107,1.0,16.6975,48,7,4,0.0068,0.0409,0.1599,0.3253,0.018,True,1.0,0.0,25.0,2.0,0.0,1.0,8.0,0.92,0.787,"LINESTRING (-116.199713 43.614273, -116.199691 43.614296, -116.199438 43.614559)"
2447,7978329659,7978329660,0,nan,footway,40.6,43.6141,-116.1999,1.4577,1.0,4.6202,57,8,5,0.002,0.3806,0.0466,0.141,0.0044,True,1.0,0.0,25.0,2.0,0.0,1.0,10.0,0.92,0.9385,"LINESTRING (-116.2 43.613974, -116.199728 43.614258, -116.199713 43.614273)"
2448,7978329676,7978329677,0,nan,footway,26.6,43.6142,-116.2004,1.4355,1.0,3.7331,71,17,5,,,,,,False,1.0,0.0,25.0,2.0,0.0,1.0,7.0,0.92,0.998,"LINESTRING (-116.200496 43.614227, -116.200225 43.61409)"
2449,7978329677,7978329678,0,nan,footway,45.8,43.6143,-116.2007,0.9822,1.0,10.3283,73,21,4,,,,,,False,1.0,0.0,25.0,2.0,0.0,1.0,10.0,0.92,0.8871,"LINESTRING (-116.200962 43.614462, -116.200534 43.614246, -116.200496 43.614227)"
2450,7982341053,8323909285,0,nan,footway,34.6,43.6118,-116.1962,0.0055,1.0,7.6708,24,0,8,0.0012,0.3385,0.174,0.0401,0.0034,True,1.0,0.0,25.0,2.0,0.0,1.0,4.0,0.92,0.3151,"LINESTRING (-116.196063 43.611739, -116.196415 43.611917)"
2451,7982341062,8223343252,0,nan,footway,41.3,43.6128,-116.1956,0.0942,0.3333,9.4512,17,1,9,0.0173,0.5778,0.1624,0.0298,0.0107,True,1.0,0.0,25.0,2.0,0.0,1.0,7.0,0.92,0.7651,"LINESTRING (-116.195759 43.61294, -116.1957 43.612918, -116.195643 43.612873, -116.195607 43.612844, -116.195544 43.612811, -116.195581 43.612776, -116.195593 43.612764, -116.195639 43.612716, -116.19568 43.612676)"
2452,7982341062,7982341083,0,nan,footway,41.0,43.6125,-116.1958,0.0273,1.0,9.4512,2,0,8,,,,,,False,1.0,0.0,25.0,2.0,0.0,1.0,7.0,0.92,0.4921,"LINESTRING (-116.195972 43.612374, -116.195853 43.612498, -116.19568 43.612676)"
2453,7982341062,7982341084,0,nan,footway,38.1,43.6126,-116.1955,0.0271,1.0,9.4512,13,0,8,,,,,,False,1.0,0.0,25.0,2.0,0.0,1.0,7.0,0.92,0.3839,"LINESTRING (-116.195292 43.612478, -116.195617 43.612645, -116.19568 43.612676)"
2454,7982341066,7982341084,0,nan,footway,47.4,43.6124,-116.1951,0.013,1.0,6.4827,11,0,8,,,,,,False,1.0,0.0,25.0,2.0,0.0,1.0,11.0,0.92,0.3541,"LINESTRING (-116.195292 43.612478, -116.194966 43.612311, -116.194811 43.612234)"
2455,7982341068,7982341072,0,nan,footway,41.4,43.612,-116.1949,0.1169,1.0,3.6931,37,1,7,,,,,,False,1.0,0.0,25.0,2.0,0.0,1.0,10.0,0.92,0.3129,"LINESTRING (-116.195019 43.611885, -116.194992 43.611911, -116.194882 43.612026, -116.194723 43.61219)"
2456,7982341072,7982341077,0,nan,footway,40.7,43.6117,-116.1952,0.0639,1.0,5.778,25,1,7,0.0322,0.2689,0.2285,0.0532,0.0125,True,1.0,0.0,25.0,2.0,0.0,1.0,9.0,0.92,0.3575,"LINESTRING (-116.195306 43.611585, -116.195154 43.611744, -116.195027 43.611877, -116.195019 43.611885)"
2457,7982341077,7982341080,0,nan,footway,94.5,43.6118,-116.1958,0.0258,1.0,6.428,36,2,7,0.0196,0.2504,0.1949,0.0934,0.0072,True,1.0,0.0,25.0,2.0,0.0,1.0,12.0,0.92,0.3868,"LINESTRING (-116.196266 43.612074, -116.195938 43.611907, -116.195522 43.611695, -116.195306 43.611585)"
2458,7982341080,7982341083,0,nan,footway,41.0,43.6122,-116.1961,0.0336,1.0,7.753,8,1,8,,,,,,False,1.0,0.0,25.0,2.0,0.0,1.0,6.0,0.92,0.5003,"LINESTRING (-116.195972 43.612374, -116.195981 43.612365, -116.19625 43.612087, -116.196266 43.612074)"
2459,7982386090,7982386092,0,nan,footway,42.0,43.6119,-116.1946,0.0657,1.0,7.5777,60,1,7,0.0112,0.1936,0.1402,0.0816,0.0108,True,1.0,0.0,25.0,2.0,0.0,1.0,12.0,0.92,0.323,"LINESTRING (-116.194499 43.612081, -116.1947 43.611871, -116.194795 43.611771)"
2460,7982386090,7982386106,0,nan,footway,40.2,43.6116,-116.1949,0.2503,0.3333,7.5777,20,1,7,0.093,0.31,0.1542,0.0696,0.0147,True,1.0,0.0,25.0,2.0,0.0,1.0,8.0,0.92,0.6879,"LINESTRING (-116.19508 43.611474, -116.195071 43.611485, -116.194878 43.611684, -116.194795 43.611771)"
2461,7982386092,7982386111,0,nan,footway,45.9,43.612,-116.1943,0.0323,1.0,7.1897,154,0,6,0.013,0.2397,0.1038,0.125,0.0067,True,1.0,0.0,25.0,2.0,0.0,1.0,12.0,0.92,0.085,"LINESTRING (-116.194034 43.611842, -116.194408 43.612033, -116.194499 43.612081)"
2462,7982386095,7982386110,0,nan,footway,30.7,43.6117,-116.1937,0.1101,0.5,9.6147,131,0,6,0.0232,0.3065,0.1418,0.0092,0.0128,True,1.0,0.0,25.0,2.0,0.0,1.0,5.0,0.92,0.3174,"LINESTRING (-116.193861 43.611753, -116.193548 43.611595)"
2463,7990452646,7990452647,1,nan,footway,119.7,43.6053,-116.186,0.0,1.0,6.9,0,0,0,,,,,,False,1.0,0.0,25.0,2.0,0.0,1.0,5.0,0.92,0.1035,"LINESTRING (-116.18534 43.605029, -116.18541 43.605062, -116.186124 43.605399, -116.186179 43.605425, -116.186231 43.605437, -116.186256 43.60543, -116.186357 43.605321, -116.186477 43.605186)"
2464,7990452647,9529570111,0,nan,footway,32.5,43.6049,-116.1852,0.0,1.0,7.3134,0,0,0,,,,,,False,1.0,0.0,25.0,2.0,0.0,1.0,3.0,0.92,0.1088,"LINESTRING (-116.185002 43.604869, -116.18534 43.605029)"
2465,7990452666,7990452683,0,nan,footway,33.6,43.6037,-116.1858,0.0162,1.0,5.0322,0,0,0,0.0225,0.2956,0.0899,0.0665,0.0031,True,1.0,0.0,25.0,2.0,0.0,1.0,3.0,0.92,0.0815,"LINESTRING (-116.185974 43.603747, -116.185809 43.60367, -116.185665 43.603602, -116.185616 43.603607)"
2466,7990452672,7990452684,0,nan,footway,31.9,43.6042,-116.1868,0.0089,1.0,4.846,0,0,0,,,,,,False,1.0,0.0,25.0,2.0,0.0,1.0,3.0,0.92,0.0753,"LINESTRING (-116.186678 43.604077, -116.18696 43.604209, -116.186975 43.604225, -116.186983 43.604248)"
2467,7990452672,7990452681,0,nan,footway,55.9,43.6045,-116.1868,0.003,1.0,4.2035,0,0,0,,,,,,False,1.0,0.0,25.0,2.0,0.0,1.0,3.0,0.92,0.0608,"LINESTRING (-116.186663 43.604685, -116.186682 43.604667, -116.186755 43.604551, -116.186771 43.604524, -116.18681 43.60448, -116.186869 43.604414, -116.186894 43.604399, -116.186938 43.604363, -116.186982 43.604285, -116.186983 43.604248)"
2468,7990452683,7990452684,0,nan,footway,67.4,43.6039,-116.1863,0.0,1.0,0.0,0,0,0,,,,,,False,1.0,0.0,25.0,2.0,0.0,1.0,6.0,0.92,0.0,"LINESTRING (-116.186678 43.604077, -116.186654 43.604065, -116.185974 43.603747)"
2469,7996093614,7996330008,0,nan,footway,29.3,43.6125,-116.1909,1.0423,1.0,8.8603,148,0,5,0.0155,0.1042,0.2268,0.1365,0.0146,True,1.0,0.0,25.0,2.0,0.0,1.0,4.0,0.92,0.4478,"LINESTRING (-116.190774 43.612471, -116.190921 43.612545, -116.191027 43.612598, -116.191078 43.612616)"
2470,7996093630,7996330023,0,nan,footway,26.6,43.6138,-116.1909,0.6117,0.0,0.0,1,0,5,0.0576,0.0458,0.4061,0.0384,0.013,True,1.0,0.0,25.0,2.0,0.0,1.0,2.0,0.92,0.6695,"LINESTRING (-116.190803 43.613889, -116.190825 43.613872, -116.19085 43.613851, -116.190892 43.613816, -116.190917 43.613799, -116.190956 43.613776, -116.191002 43.613749, -116.191046 43.613728)"
2471,7996093640,8235235598,0,nan,footway,49.6,43.612,-116.1933,0.2432,1.0,15.3558,210,1,7,0.0278,0.3346,0.0798,0.0806,0.0092,True,1.0,0.0,25.0,2.0,0.0,1.0,8.0,0.92,0.3728,"LINESTRING (-116.193087 43.612133, -116.193117 43.612119, -116.19344 43.611771)"
2472,7996328981,8235235534,0,nan,footway,41.4,43.6125,-116.1904,0.2752,1.0,11.3622,150,0,3,0.1729,0.0822,0.1296,0.1943,0.0404,True,1.0,0.0,25.0,2.0,0.0,1.0,5.0,0.92,0.0651,"LINESTRING (-116.190234 43.612423, -116.190651 43.612641)"
2473,7996328982,11783921588,0,nan,footway,214.8,43.6132,-116.1918,0.155,0.0,0.0,281,3,5,0.0865,0.0673,0.1731,0.2014,0.0221,True,1.0,0.0,25.0,2.0,0.0,1.0,12.0,0.92,0.3468,"LINESTRING (-116.192874 43.613772, -116.192508 43.613586, -116.190966 43.612805, -116.190896 43.612778, -116.19077 43.612732, -116.190664 43.612694)"
2474,7996328982,7996329997,0,nan,footway,98.6,43.6131,-116.1906,0.4182,0.8333,9.0451,22,0,4,0.1982,0.0953,0.082,0.2991,0.0297,True,1.0,0.0,25.0,2.0,0.0,1.0,6.0,0.92,0.3389,"LINESTRING (-116.190224 43.613462, -116.190272 43.613437, -116.190332 43.613396, -116.190391 43.613356, -116.19043 43.613324, -116.190486 43.613276, -116.190542 43.613221, -116.190576 43.613184, -116.190602 43.613144, -116.190611 43.613119, -116.190609 43.613077, -116.190576 43.61302, -116.190583 43.612931, -116.1906 43.612839, -116.190628 43.612756, -116.190664 43.612694)"
2475,7996329998,7996330005,0,nan,footway,94.7,43.6135,-116.1896,0.0285,0.5,6.128,0,0,4,0.0128,0.1365,0.2692,0.0424,0.0064,True,1.0,0.0,25.0,2.0,0.0,1.0,5.0,0.92,0.4802,"LINESTRING (-116.189009 43.613563, -116.189213 43.613528, -116.189394 43.613503, -116.189448 43.613528, -116.189691 43.613504, -116.189854 43.613496, -116.190052 43.61349, -116.190162 43.61348)"
2476,7996330006,8235236549,0,nan,footway,27.5,43.6134,-116.189,0.171,0.5,5.2933,0,0,2,0.0012,0.3227,0.12,0.0504,0.0057,True,1.0,0.0,25.0,2.0,0.0,1.0,3.0,0.92,0.4162,"LINESTRING (-116.188867 43.613379, -116.188953 43.613378, -116.188964 43.613563)"
2477,7996330007,8235235569,0,nan,footway,110.1,43.6136,-116.1882,0.0093,1.0,4.4233,0,0,0,0.06,0.1729,0.2194,0.0268,0.003,True,1.0,0.0,25.0,2.0,0.0,1.0,3.0,0.92,0.0676,"LINESTRING (-116.187504 43.613579, -116.188822 43.613566, -116.188872 43.613566)"
2478,7996330008,8223337180,0,nan,footway,42.4,43.6123,-116.1909,0.5879,1.0,8.705,152,0,5,0.157,0.0451,0.0896,0.3536,0.0214,True,1.0,0.0,25.0,2.0,0.0,1.0,6.0,0.92,0.2671,"LINESTRING (-116.191087 43.612166, -116.190951 43.612274, -116.190774 43.612471)"
2479,7996330009,8235235561,0,nan,footway,89.5,43.6122,-116.1903,0.2884,1.0,8.705,155,0,4,0.075,0.1952,0.1107,0.1852,0.0193,True,1.0,0.0,25.0,2.0,0.0,1.0,11.0,0.92,0.0957,"LINESTRING (-116.189836 43.611994, -116.190552 43.612354, -116.190593 43.612416, -116.190709 43.61248)"
2480,7996357598,7996357662,0,nan,footway,145.8,43.6157,-116.1927,0.2394,0.0,0.0,44,0,4,0.1877,0.1488,0.2976,0.024,0.0161,True,1.0,0.0,25.0,2.0,0.0,1.0,12.0,0.92,0.2525,"LINESTRING (-116.193042 43.616248, -116.193037 43.616207, -116.193012 43.616173, -116.192905 43.616105, -116.192622 43.615606, -116.192191 43.615107)"
2481,7996357620,7996357627,0,nan,footway,102.6,43.6166,-116.1923,0.3283,0.3333,5.4637,3,0,4,,,,,,False,1.0,0.0,25.0,2.0,0.0,1.0,11.0,0.92,0.544,"LINESTRING (-116.192941 43.616547, -116.192744 43.616537, -116.192687 43.61655, -116.192249 43.616628, -116.192097 43.616662, -116.191865 43.616724, -116.191807 43.616747, -116.191719 43.61677)"
2482,7996357627,7996357628,0,nan,footway,32.9,43.6166,-116.1931,0.7577,0.0,0.0,4,0,5,0.0527,0.1115,0.3405,0.0411,0.0252,True,1.0,0.0,25.0,2.0,0.0,1.0,11.0,0.92,0.6621,"LINESTRING (-116.193263 43.616731, -116.192941 43.616547)"
2483,7996357628,7996357629,0,nan,footway,119.2,43.6172,-116.1935,0.0618,0.0,0.0,1,0,4,0.0923,0.1222,0.325,0.0438,0.0087,True,1.0,0.0,25.0,2.0,0.0,1.0,16.0,0.92,0.4019,"LINESTRING (-116.193812 43.617726, -116.193779 43.617666, -116.193307 43.616811, -116.193263 43.616731)"
2484,7996357640,8223343259,0,nan,footway,42.9,43.6162,-116.194,0.0947,1.0,5.6496,6,0,4,0.0138,0.1651,0.531,0.0659,0.0228,True,1.0,0.0,25.0,2.0,0.0,1.0,7.0,0.92,0.1985,"LINESTRING (-116.194191 43.616024, -116.194098 43.616121, -116.194024 43.61622, -116.19394 43.61627, -116.193896 43.616282, -116.193841 43.616296)"
2485,7996357644,8223343241,0,nan,footway,50.1,43.616,-116.1931,0.2154,1.0,5.7253,9,0,4,0.0538,0.0981,0.3986,0.0264,0.0092,True,1.0,0.0,25.0,2.0,0.0,1.0,8.0,0.92,0.2217,"LINESTRING (-116.193017 43.615788, -116.193088 43.615918, -116.193099 43.615961, -116.193188 43.616102, -116.193297 43.616182)"
2486,7996357644,7996357672,0,nan,footway,33.5,43.6163,-116.1935,0.7779,0.0,0.0,7,0,4,0.0234,0.0822,0.3949,0.02,0.0232,True,1.0,0.0,25.0,2.0,0.0,1.0,10.0,0.92,0.5837,"LINESTRING (-116.193644 43.616345, -116.193616 43.616342, -116.193297 43.616182)"
2487,8014905965,8014905968,0,nan,footway,63.4,43.6023,-116.1872,0.2251,1.0,6.7478,44,0,0,0.0188,0.3,0.0485,0.0626,0.0036,True,1.0,0.0,25.0,2.0,0.0,1.0,6.0,0.92,0.0,"LINESTRING (-116.18687 43.602183, -116.186889 43.602206, -116.187243 43.60237, -116.187478 43.602475, -116.187523 43.602496)"
2488,8014905968,11639982689,0,nan,footway,86.1,43.6019,-116.1871,0.0373,1.0,6.7478,46,0,0,0.0334,0.268,0.1175,0.0543,0.0055,True,1.0,0.0,25.0,2.0,0.0,1.0,11.0,0.92,0.0,"LINESTRING (-116.187426 43.601527, -116.187347 43.601619, -116.187191 43.601791, -116.187 43.602007, -116.186905 43.602112, -116.186866 43.602158, -116.18687 43.602183)"
2489,8014905984,8015011988,0,nan,footway,64.0,43.6026,-116.1865,0.2803,0.25,0.0,16,2,0,0.0554,0.0456,0.2327,0.0205,0.0156,True,1.0,0.0,25.0,2.0,0.0,1.0,4.0,0.92,0.2028,"LINESTRING (-116.186274 43.602835, -116.18631 43.602792, -116.186688 43.602368, -116.186713 43.602359)"
2490,8015011988,8015012010,0,nan,footway,84.4,43.6032,-116.186,0.0746,1.0,4.6072,0,0,0,0.0558,0.3046,0.0887,0.04,0.0046,True,1.0,0.0,25.0,2.0,0.0,1.0,4.0,0.92,0.0966,"LINESTRING (-116.185757 43.603486, -116.185748 43.603475, -116.185757 43.603457, -116.185999 43.603164, -116.186212 43.602899, -116.186239 43.602878, -116.186274 43.602835)"
2491,8015012005,8015012009,0,nan,footway,39.7,43.604,-116.1869,0.019,1.0,4.905,0,0,0,,,,,,False,1.0,0.0,25.0,2.0,0.0,1.0,4.0,0.92,0.0803,"LINESTRING (-116.186694 43.603934, -116.186799 43.603984, -116.186947 43.604056, -116.187115 43.604119)"
2492,8015012008,8015012009,0,nan,footway,59.7,43.6038,-116.1864,0.0,1.0,5.5551,0,0,0,,,,,,False,1.0,0.0,25.0,2.0,0.0,1.0,6.0,0.92,0.0839,"LINESTRING (-116.186694 43.603934, -116.186634 43.603905, -116.186538 43.603868, -116.186466 43.603833, -116.186218 43.603709, -116.186119 43.603657, -116.186078 43.603636)"
2493,8015012008,8015012010,0,nan,footway,31.4,43.6036,-116.1859,0.0599,1.0,5.2768,0,0,0,,,,,,False,1.0,0.0,25.0,2.0,0.0,1.0,3.0,0.92,0.1027,"LINESTRING (-116.185757 43.603486, -116.185768 43.603499, -116.185919 43.603582, -116.185943 43.603589, -116.185979 43.603592, -116.185999 43.603596, -116.186078 43.603636)"
2494,8015012020,11049572075,0,nan,footway,178.5,43.6033,-116.1857,0.0332,0.0,0.0,1,0,0,0.153,0.2785,0.0318,0.0378,0.0054,True,1.0,0.0,25.0,2.0,0.0,1.0,7.0,0.92,0.1778,"LINESTRING (-116.186273 43.60261, -116.186182 43.602712, -116.185474 43.603513, -116.185425 43.603531, -116.185197 43.603784, -116.185101 43.603892, -116.185056 43.603945)"
2495,8015012029,8015012036,0,nan,footway,60.6,43.6014,-116.1873,0.1511,0.0,0.0,35,0,0,0.0279,0.2636,0.1693,0.0476,0.0032,True,1.0,0.0,25.0,2.0,0.0,1.0,6.0,0.92,0.0208,"LINESTRING (-116.187129 43.601646, -116.187177 43.601593, -116.187354 43.601397, -116.187538 43.601188)"
2496,8015012030,11547270519,0,nan,footway,55.7,43.6019,-116.1869,0.0913,0.0,0.0,42,0,0,,,,,,False,1.0,0.0,25.0,2.0,0.0,1.0,9.0,0.92,0.0,"LINESTRING (-116.187082 43.601692, -116.187078 43.601708, -116.186715 43.602116)"
2497,8015012032,10039443544,0,South Walnut Street,tertiary,62.1,43.6019,-116.187,0.0582,0.75,6.7478,44,0,0,0.0233,0.2026,0.126,0.0593,0.019,True,0.0,3.0,30.0,2.0,0.321,0.5,10.0,0.773,0.0,"LINESTRING (-116.187187 43.601674, -116.187154 43.601713, -116.18703 43.601853, -116.186772 43.602145)"
2498,8037910820,8037910821,0,nan,footway,112.9,43.6009,-116.1923,0.0,0.2857,7.6866,12,5,4,0.0412,0.2367,0.2218,0.2588,0.0012,True,1.0,0.0,25.0,2.0,0.0,1.0,2.0,0.92,0.642,"LINESTRING (-116.192388 43.601394, -116.192358 43.601371, -116.192335 43.601332, -116.192324 43.601294, -116.192324 43.600792, -116.192325 43.600391)"
2499,8037910821,8037910822,0,nan,footway,86.6,43.6017,-116.1928,0.0,0.0,0.0,17,8,3,0.0026,0.1486,0.5354,0.1115,0.019,True,1.0,0.0,25.0,2.0,0.0,1.0,4.0,0.92,0.4918,"LINESTRING (-116.193133 43.601955, -116.192677 43.601611, -116.192456 43.601446, -116.192388 43.601394)"
2500,8158866403,8158878456,0,nan,footway,37.6,43.616,-116.2159,1.0513,1.0,7.4918,8,0,1,0.0258,0.2292,0.2313,0.0998,0.0082,True,1.0,0.0,25.0,2.0,0.0,1.0,11.0,0.92,0.4198,"LINESTRING (-116.216125 43.615898, -116.216086 43.615912, -116.215738 43.616032, -116.215707 43.616047)"
2501,8158866409,8158878458,0,nan,footway,47.3,43.616,-116.2167,0.0046,0.0,0.0,5,0,1,,,,,,False,1.0,0.0,25.0,2.0,0.0,1.0,12.0,0.92,0.1428,"LINESTRING (-116.216776 43.616151, -116.216762 43.616129, -116.216615 43.615906, -116.216532 43.615779, -116.21652 43.615769)"
2502,8158866416,8158878458,0,nan,footway,49.9,43.6164,-116.2169,0.0,0.0,0.0,2,0,0,,,,,,False,1.0,0.0,25.0,2.0,0.0,1.0,8.0,0.92,0.1364,"LINESTRING (-116.216776 43.616151, -116.216842 43.616254, -116.216968 43.616444, -116.217026 43.616532, -116.217035 43.616559)"
2503,8158866416,8158878435,0,nan,path,73.5,43.6167,-116.2166,0.1701,0.0,0.0,7,0,0,,,,,,False,1.0,0.0,25.0,2.0,0.0,1.0,10.0,0.92,0.1338,"LINESTRING (-116.216213 43.616845, -116.216727 43.616665, -116.217035 43.616559)"
2504,8158878423,8158878431,0,nan,footway,54.0,43.6169,-116.2166,0.2389,0.0,0.0,5,0,0,0.0381,0.3003,0.1841,0.0485,0.025,True,1.0,0.0,25.0,2.0,0.0,1.0,7.0,0.92,0.1809,"LINESTRING (-116.21625 43.6169, -116.216299 43.616902, -116.216428 43.616895, -116.216553 43.616894, -116.216665 43.616896, -116.216799 43.616911, -116.216841 43.616914, -116.216871 43.616908, -116.216913 43.616894)"
2505,8158878423,8158878459,0,nan,footway,26.6,43.6168,-116.217,0.0,0.0,0.0,3,0,0,,,,,,False,1.0,0.0,25.0,2.0,0.0,1.0,4.0,0.92,0.1162,"LINESTRING (-116.217024 43.616672, -116.217012 43.616706, -116.21697 43.616816, -116.216956 43.616853, -116.216941 43.616873, -116.216913 43.616894)"
2506,8158878435,8158878440,0,nan,footway,47.5,43.6167,-116.2161,0.2951,0.6667,7.4918,6,0,0,0.057,0.1504,0.318,0.069,0.0092,True,1.0,0.0,25.0,2.0,0.0,1.0,7.0,0.92,0.1984,"LINESTRING (-116.21596 43.616459, -116.21598 43.616491, -116.216063 43.616616, -116.216193 43.616814, -116.216213 43.616845)"
2507,8158878440,8158878443,0,nan,footway,47.4,43.6163,-116.2158,0.5488,1.0,7.4918,8,0,1,0.0092,0.1795,0.3271,0.0266,0.0094,True,1.0,0.0,25.0,2.0,0.0,1.0,12.0,0.92,0.2239,"LINESTRING (-116.215703 43.616076, -116.215774 43.61618, -116.215888 43.616352, -116.215929 43.616411, -116.21596 43.616459)"
2508,8158878460,8158878569,0,nan,footway,177.1,43.6154,-116.2177,0.0244,0.7,6.7055,5,0,0,,,,,,False,1.0,0.0,25.0,2.0,0.0,1.0,15.0,0.92,0.0826,"LINESTRING (-116.218649 43.615013, -116.218463 43.615078, -116.21821 43.615166, -116.217972 43.615249, -116.217718 43.61534, -116.217467 43.615426, -116.2172 43.615519, -116.216935 43.615613, -116.216728 43.615683, -116.216692 43.615699, -116.216681 43.615715)"
2509,8158878478,8158878568,0,nan,footway,107.0,43.6171,-116.2177,0.0122,0.0,0.0,4,0,0,,,,,,False,1.0,0.0,25.0,2.0,0.0,1.0,6.0,0.92,0.1053,"LINESTRING (-116.218391 43.617167, -116.218292 43.617176, -116.218134 43.617175, -116.217947 43.617166, -116.217767 43.617139, -116.217647 43.617112, -116.217526 43.617082, -116.217379 43.61704, -116.217219 43.616994, -116.21718 43.616983, -116.217151 43.616969, -116.217126 43.616946)"
2510,8158878478,8158878567,0,nan,footway,53.6,43.6167,-116.2172,0.0,0.0,0.0,5,1,0,,,,,,False,1.0,0.0,25.0,2.0,0.0,1.0,7.0,0.92,0.1892,"LINESTRING (-116.217151 43.616478, -116.217171 43.616518, -116.217182 43.616551, -116.217188 43.616589, -116.21719 43.61665, -116.217183 43.616687, -116.21715 43.616769, -116.217109 43.616878, -116.217108 43.616904, -116.217112 43.616923, -116.217126 43.616946)"
2511,8158878526,8158878531,0,nan,footway,53.6,43.616,-116.2193,0.0034,0.0,0.0,2,0,0,,,,,,False,1.0,0.0,25.0,2.0,0.0,1.0,6.0,0.92,0.1377,"LINESTRING (-116.219465 43.616212, -116.219436 43.616169, -116.219431 43.616142, -116.219383 43.616068, -116.219286 43.615902, -116.219224 43.615793, -116.219213 43.615767)"
2512,8158878526,8158878570,0,nan,footway,78.3,43.6154,-116.2191,0.0,0.4,6.7055,2,1,0,0.0385,0.1493,0.3447,0.0359,0.0018,True,1.0,0.0,25.0,2.0,0.0,1.0,8.0,0.92,0.3214,"LINESTRING (-116.219 43.615081, -116.219018 43.615133, -116.219051 43.615272, -116.219082 43.615371, -116.219108 43.615444, -116.219126 43.615522, -116.219163 43.615633, -116.219172 43.61567, -116.219213 43.615767)"
2513,8158878533,8158878571,0,nan,footway,58.8,43.6152,-116.2192,0.0,0.0,0.0,2,1,0,0.1071,0.289,0.1886,0.0302,0.0021,True,1.0,0.0,25.0,2.0,0.0,1.0,8.0,0.92,0.2378,"LINESTRING (-116.219332 43.615449, -116.219304 43.615395, -116.219279 43.615339, -116.219263 43.615295, -116.21924 43.615201, -116.21922 43.615116, -116.219202 43.615065, -116.219174 43.614987, -116.219154 43.614937)"
2514,8158878548,8158878562,0,nan,footway,29.6,43.6147,-116.2191,0.0176,0.0,0.0,4,1,0,0.0667,0.3046,0.211,0.0145,0.019,True,1.0,0.0,25.0,2.0,0.0,1.0,6.0,0.92,0.2088,"LINESTRING (-116.219123 43.614863, -116.219102 43.614816, -116.219074 43.614759, -116.219033 43.61469, -116.21899 43.614616)"
2515,8158878550,8158878557,0,nan,footway,76.8,43.6159,-116.2196,0.0073,0.0,0.0,2,0,0,0.0154,0.0992,0.3836,0.025,0.0095,True,1.0,0.0,25.0,2.0,0.0,1.0,6.0,0.92,0.1393,"LINESTRING (-116.219839 43.616247, -116.219817 43.616194, -116.219725 43.616055, -116.219625 43.615902, -116.21955 43.615788, -116.219499 43.615711, -116.219478 43.615671, -116.219443 43.61562)"
2516,8159289019,8159289071,0,nan,footway,40.7,43.6164,-116.2113,0.8943,1.0,10.188,16,4,4,,,,,,False,1.0,0.0,25.0,2.0,0.0,1.0,6.0,0.92,0.7381,"LINESTRING (-116.211179 43.616534, -116.211354 43.616361, -116.211496 43.61625)"
2517,8159289023,8159289048,0,nan,footway,29.2,43.6168,-116.2109,1.4795,1.0,8.0919,1,1,5,,,,,,False,1.0,0.0,25.0,2.0,0.0,1.0,7.0,0.92,1.0,"LINESTRING (-116.211031 43.616687, -116.211021 43.616697, -116.210829 43.616905)"
2518,8159289024,8159289029,0,nan,footway,99.7,43.6167,-116.2103,0.7686,1.0,8.0919,15,3,5,0.0019,0.0548,0.4646,0.098,0.0184,True,1.0,0.0,25.0,2.0,0.0,1.0,12.0,0.92,0.6921,"LINESTRING (-116.209803 43.616395, -116.209887 43.61644, -116.210334 43.616667, -116.210745 43.616873, -116.21082 43.616908)"
2519,8159289029,8159289063,0,nan,footway,37.2,43.6163,-116.2099,0.0236,1.0,8.0919,14,1,5,,,,,,False,1.0,0.0,25.0,2.0,0.0,1.0,7.0,0.92,0.3048,"LINESTRING (-116.210091 43.616209, -116.210044 43.616184, -116.209987 43.61619, -116.209949 43.616212, -116.209846 43.616323, -116.209801 43.616376, -116.209803 43.616395)"
2520,8159289048,8159289063,0,nan,footway,93.3,43.6164,-116.2106,0.0356,1.0,8.0919,21,4,5,,,,,,False,1.0,0.0,25.0,2.0,0.0,1.0,10.0,0.92,0.4166,"LINESTRING (-116.210091 43.616209, -116.210137 43.616234, -116.210251 43.616293, -116.210263 43.616313, -116.210278 43.616327, -116.210332 43.616357, -116.210429 43.616406, -116.210458 43.616417, -116.210491 43.616424, -116.210509 43.616424, -116.210558 43.616449, -116.210631 43.616485, -116.210738 43.616541, -116.210903 43.616622, -116.211031 43.616687)"
2521,8159289051,8159289055,0,nan,footway,92.3,43.616,-116.211,0.7156,1.0,10.188,32,4,3,,,,,,False,1.0,0.0,25.0,2.0,0.0,1.0,12.0,0.92,0.5686,"LINESTRING (-116.210542 43.615729, -116.210882 43.615902, -116.211321 43.616125, -116.211482 43.616205)"
2522,8159289055,8159289059,0,nan,footway,35.4,43.6159,-116.2104,0.0137,1.0,10.188,22,3,4,,,,,,False,1.0,0.0,25.0,2.0,0.0,1.0,7.0,0.92,0.3409,"LINESTRING (-116.210286 43.615986, -116.210372 43.615892, -116.210434 43.615849, -116.210477 43.615806, -116.210542 43.615729)"
2523,8159289064,8159289071,0,nan,footway,94.1,43.6163,-116.2107,0.0273,1.0,10.188,20,4,5,,,,,,False,1.0,0.0,25.0,2.0,0.0,1.0,10.0,0.92,0.4384,"LINESTRING (-116.211179 43.616534, -116.21111 43.616498, -116.211031 43.616459, -116.210808 43.616336, -116.210585 43.616228, -116.210347 43.616112, -116.210271 43.616072, -116.210224 43.616046)"
2524,8159289076,8159289081,0,nan,footway,100.2,43.6161,-116.2092,0.9504,1.0,6.6381,30,10,5,0.0068,0.003,0.2314,0.4386,0.0013,True,1.0,0.0,25.0,2.0,0.0,1.0,16.0,0.92,0.8463,"LINESTRING (-116.208736 43.615859, -116.208775 43.615878, -116.209372 43.61618, -116.209553 43.616271, -116.209638 43.616314, -116.209728 43.61636, -116.209758 43.616374)"
2525,8159289082,8159290638,0,nan,footway,57.5,43.6156,-116.2089,1.1291,1.0,6.6381,14,4,5,0.1102,0.0486,0.1484,0.3802,0.0059,True,1.0,0.0,25.0,2.0,0.0,1.0,9.0,0.92,0.8516,"LINESTRING (-116.209146 43.615416, -116.209074 43.615481, -116.208832 43.615737, -116.208729 43.615835)"
2526,8159289089,8159289099,0,nan,footway,94.5,43.6154,-116.2099,1.1509,0.5,0.0,47,3,4,,,,,,False,1.0,0.0,25.0,2.0,0.0,1.0,13.0,0.92,0.6426,"LINESTRING (-116.21037 43.615644, -116.21021 43.615563, -116.210042 43.615472, -116.209897 43.615383, -116.209762 43.615297, -116.209632 43.615205, -116.209551 43.615141, -116.209494 43.615097, -116.20948 43.615096)"
2527,8159289109,8159290625,1,nan,footway,76.8,43.6156,-116.2097,0.0466,1.0,6.6381,16,0,4,,,,,,False,1.0,0.0,25.0,2.0,0.0,1.0,10.0,0.92,0.132,"LINESTRING (-116.209378 43.61537, -116.209389 43.615395, -116.209405 43.615439, -116.20944 43.61546, -116.209537 43.615504, -116.209555 43.615517, -116.209582 43.615532, -116.209617 43.615542, -116.209644 43.615544, -116.20968 43.615547, -116.209806 43.615611, -116.209957 43.615685, -116.209984 43.615718, -116.21001 43.615721, -116.210041 43.615715, -116.210048 43.615727, -116.210103 43.615756)"
2528,8159290634,8159290638,0,nan,footway,95.4,43.6157,-116.2096,0.1897,1.0,6.6381,20,2,4,0.1577,0.0198,0.1633,0.3862,0.0032,True,1.0,0.0,25.0,2.0,0.0,1.0,11.0,0.92,0.3337,"LINESTRING (-116.209146 43.615416, -116.209302 43.61549, -116.209395 43.61554, -116.20995 43.615819, -116.21012 43.615904)"
2529,8165882567,8165882570,0,nan,footway,46.5,43.6183,-116.2187,0.1373,1.0,4.2231,17,1,3,,,,,,False,1.0,0.0,25.0,2.0,0.0,1.0,2.0,0.92,0.1717,"LINESTRING (-116.21846 43.618395, -116.218473 43.618393, -116.21868 43.618321, -116.218918 43.618235, -116.21898 43.618215)"
2530,8165882567,8165904425,0,nan,footway,64.0,43.6181,-116.2193,0.5096,0.0,0.0,4,1,1,,,,,,False,1.0,0.0,25.0,2.0,0.0,1.0,2.0,0.92,0.4539,"LINESTRING (-116.219725 43.618054, -116.219671 43.618054, -116.219577 43.618057, -116.21946 43.618074, -116.219257 43.618111, -116.219155 43.61814, -116.219141 43.61815, -116.219128 43.618168, -116.219073 43.618185, -116.21898 43.618215)"
2531,8223170543,8223170818,0,nan,footway,40.2,43.6267,-116.2088,0.0385,1.0,5.6191,2,0,4,,,,,,False,1.0,0.0,25.0,2.0,0.0,1.0,8.0,0.92,0.2356,"LINESTRING (-116.20901 43.626712, -116.20851 43.626713)"
2532,8223170543,8223171082,0,nan,footway,82.4,43.6271,-116.2085,0.0202,1.0,6.3741,2,0,2,,,,,,False,1.0,0.0,25.0,2.0,0.0,1.0,16.0,0.92,0.1334,"LINESTRING (-116.208508 43.627454, -116.20851 43.626713)"
2533,8223170543,8223170841,0,nan,footway,27.3,43.6267,-116.2083,0.4794,1.0,6.3822,2,0,3,,,,,,False,1.0,0.0,25.0,2.0,0.0,1.0,7.0,0.92,0.3658,"LINESTRING (-116.20817 43.626713, -116.208228 43.626713, -116.20826 43.626713, -116.208376 43.626713, -116.208487 43.626713, -116.20851 43.626713)"
2534,8223170555,8223171236,0,West Alturas Street,residential,27.4,43.6293,-116.2083,0.093,0.5,4.6654,1,0,2,,,,,,False,0.0,2.0,25.0,2.0,0.179,0.5,8.0,0.881,0.3261,"LINESTRING (-116.208164 43.629277, -116.208253 43.629277, -116.208371 43.629279, -116.208504 43.629279)"
2535,8223170556,8223171237,0,West Sherman Street,residential,27.3,43.6284,-116.2083,0.0965,1.0,5.1587,0,0,2,,,,,,False,0.0,2.0,25.0,2.0,0.179,0.5,8.0,0.881,0.2214,"LINESTRING (-116.208166 43.6284, -116.208253 43.628401, -116.208369 43.628401, -116.208506 43.628401)"
2536,8223170558,8223285165,0,nan,footway,47.9,43.6264,-116.2082,0.1486,1.0,6.5086,13,2,5,,,,,,False,1.0,0.0,25.0,2.0,0.0,1.0,11.0,0.92,0.3976,"LINESTRING (-116.20817 43.626147, -116.208168 43.626578)"
2537,8223170569,8223170571,0,nan,footway,40.1,43.6259,-116.2074,0.057,1.0,6.7678,13,2,6,,,,,,False,1.0,0.0,25.0,2.0,0.0,1.0,10.0,0.92,0.4187,"LINESTRING (-116.207305 43.626076, -116.207591 43.62578)"
2538,8223170569,8223284823,0,nan,footway,94.3,43.6255,-116.2071,0.0327,1.0,6.198,22,2,6,,,,,,False,1.0,0.0,25.0,2.0,0.0,1.0,19.0,0.92,0.3663,"LINESTRING (-116.206636 43.62529, -116.207591 43.62578)"
2539,8223170571,8223170582,0,nan,footway,42.1,43.6262,-116.2072,0.0,1.0,4.7116,15,2,6,,,,,,False,1.0,0.0,25.0,2.0,0.0,1.0,14.0,0.92,0.3548,"LINESTRING (-116.207007 43.626387, -116.207305 43.626076)"
2540,8223170573,8223285148,0,nan,footway,42.1,43.6263,-116.2074,0.0027,1.0,5.3882,12,2,3,,,,,,False,1.0,0.0,25.0,2.0,0.0,1.0,14.0,0.92,0.2225,"LINESTRING (-116.207524 43.626186, -116.207226 43.626498)"
2541,8223170582,8223284822,0,nan,footway,94.1,43.6261,-116.2065,0.1762,1.0,4.432,11,2,4,,,,,,False,1.0,0.0,25.0,2.0,0.0,1.0,21.0,0.92,0.332,"LINESTRING (-116.206048 43.625902, -116.207007 43.626387)"
2542,8223170582,12753799590,0,nan,footway,26.1,43.6265,-116.2069,0.0053,1.0,5.3873,5,2,4,,,,,,False,1.0,0.0,25.0,2.0,0.0,1.0,10.0,0.92,0.331,"LINESTRING (-116.206767 43.626497, -116.206811 43.62652, -116.206863 43.626488, -116.20691 43.626459, -116.206977 43.626418, -116.207007 43.626387)"
2543,8223170584,8223285125,0,nan,footway,42.1,43.6222,-116.1991,0.1533,0.6667,5.4635,1,0,5,,,,,,False,1.0,0.0,25.0,2.0,0.0,1.0,8.0,0.92,0.4686,"LINESTRING (-116.199271 43.622006, -116.198971 43.622315)"
2544,8223170584,8223342712,0,nan,footway,96.6,43.6226,-116.1995,0.1851,1.0,7.461,3,0,6,,,,,,False,1.0,0.0,25.0,2.0,0.0,1.0,15.0,0.92,0.4048,"LINESTRING (-116.199953 43.622813, -116.198971 43.622315)"
2545,8223170585,8223284841,0,nan,footway,82.9,43.6219,-116.1991,0.1985,1.0,9.6397,2,0,5,,,,,,False,1.0,0.0,25.0,2.0,0.0,1.0,12.0,0.92,0.4011,"LINESTRING (-116.199364 43.621604, -116.199071 43.621905, -116.19877 43.622214)"
2546,8223170586,8223342681,0,nan,footway,89.4,43.6227,-116.1994,0.0835,1.0,6.1654,3,0,4,,,,,,False,1.0,0.0,25.0,2.0,0.0,1.0,15.0,0.92,0.2413,"LINESTRING (-116.199805 43.62297, -116.198896 43.622508)"
2547,8223170586,8223171363,0,nan,footway,43.9,43.6227,-116.1988,0.1415,1.0,6.0511,0,0,3,,,,,,False,1.0,0.0,25.0,2.0,0.0,1.0,10.0,0.92,0.3064,"LINESTRING (-116.198846 43.622892, -116.198848 43.622558, -116.198896 43.622508)"
2548,8223170589,8223170611,0,nan,footway,74.9,43.6221,-116.1981,0.0569,1.0,5.3025,14,12,2,,,,,,False,1.0,0.0,25.0,2.0,0.0,1.0,13.0,0.92,0.3935,"LINESTRING (-116.198472 43.622298, -116.197709 43.621912)"
2549,8223170589,8223170610,0,nan,footway,51.2,43.6221,-116.1977,0.0338,1.0,5.3025,12,12,2,,,,,,False,1.0,0.0,25.0,2.0,0.0,1.0,7.0,0.92,0.3946,"LINESTRING (-116.197687 43.622368, -116.197688 43.621937, -116.197709 43.621912)"
2550,8223170607,8223342993,0,nan,footway,76.0,43.6235,-116.1977,0.1482,1.0,4.9125,5,0,2,,,,,,False,1.0,0.0,25.0,2.0,0.0,1.0,13.0,0.92,0.1114,"LINESTRING (-116.197679 43.623146, -116.197692 43.62383)"
2551,8223170609,8223171357,0,nan,footway,52.5,43.6228,-116.1977,0.027,1.0,5.4354,13,10,2,,,,,,False,1.0,0.0,25.0,2.0,0.0,1.0,8.0,0.92,0.3644,"LINESTRING (-116.197699 43.622992, -116.197678 43.622951, -116.197687 43.622523)"
2552,8223170682,8223170782,0,nan,footway,69.6,43.6263,-116.2057,0.7111,0.25,5.8885,2,0,4,,,,,,False,1.0,0.0,25.0,2.0,0.0,1.0,10.0,0.92,0.7474,"LINESTRING (-116.205696 43.626572, -116.205697 43.625947)"
2553,8223170682,8223170741,0,nan,footway,70.4,43.6258,-116.2053,0.0608,0.25,10.2251,3,0,4,,,,,,False,1.0,0.0,25.0,2.0,0.0,1.0,10.0,0.92,0.5249,"LINESTRING (-116.20499 43.625574, -116.205025 43.625593, -116.205697 43.625947)"
2554,8223170702,8223170703,0,nan,path,48.4,43.6252,-116.2038,0.0,0.6667,10.2251,2,0,3,,,,,,False,1.0,0.0,25.0,2.0,0.0,1.0,3.0,0.92,0.3319,"LINESTRING (-116.203835 43.625448, -116.203842 43.625013)"
2555,8223170702,8223264808,0,nan,footway,28.3,43.6249,-116.2037,0.0565,0.0,0.0,1,0,2,,,,,,False,1.0,0.0,25.0,2.0,0.0,1.0,5.0,0.92,0.2934,"LINESTRING (-116.203539 43.624924, -116.203636 43.624908, -116.203842 43.625013)"
2556,8223170702,8223170739,0,nan,footway,66.4,43.6252,-116.2042,0.3783,0.5,10.2251,0,0,4,,,,,,False,1.0,0.0,25.0,2.0,0.0,1.0,8.0,0.92,0.6643,"LINESTRING (-116.204502 43.625297, -116.20445 43.625268, -116.204412 43.625304, -116.203842 43.625013)"
2557,8223170732,8223171561,0,nan,footway,31.7,43.6295,-116.2035,0.7648,1.0,5.1941,18,8,2,,,,,,False,1.0,0.0,25.0,2.0,0.0,1.0,5.0,0.92,0.5972,"LINESTRING (-116.203464 43.629351, -116.203464 43.629636)"
2558,8223170741,8223284860,0,nan,footway,45.3,43.6254,-116.2048,0.7936,1.0,10.2251,2,0,4,,,,,,False,1.0,0.0,25.0,2.0,0.0,1.0,5.0,0.92,0.5855,"LINESTRING (-116.204552 43.625325, -116.20496 43.625533, -116.20499 43.625574)"
2559,8223170744,12753799590,0,nan,footway,79.3,43.6263,-116.2064,0.0649,1.0,6.0106,8,1,4,,,,,,False,1.0,0.0,25.0,2.0,0.0,1.0,19.0,0.92,0.2762,"LINESTRING (-116.206767 43.626497, -116.205966 43.626081)"
2560,8223170744,8223170785,0,nan,footway,54.7,43.6263,-116.206,0.2461,1.0,5.019,5,1,4,,,,,,False,1.0,0.0,25.0,2.0,0.0,1.0,11.0,0.92,0.3593,"LINESTRING (-116.205965 43.626573, -116.205966 43.626081)"
2561,8223170762,8223170763,0,nan,footway,61.8,43.6266,-116.1915,0.0183,1.0,3.8716,0,0,0,,,,,,False,1.0,0.0,25.0,2.0,0.0,1.0,2.0,0.92,0.0598,"LINESTRING (-116.191851 43.626564, -116.191786 43.626564, -116.191759 43.626581, -116.191092 43.626585)"
2562,8223170763,8225216611,0,nan,footway,167.8,43.6266,-116.1929,0.0324,1.0,3.8665,0,0,0,,,,,,False,1.0,0.0,25.0,2.0,0.0,1.0,6.0,0.92,0.0652,"LINESTRING (-116.193936 43.626565, -116.191851 43.626564)"
2563,8223170764,8223343072,0,North 5th Street,residential,82.5,43.6262,-116.194,0.0178,1.0,4.6344,0,0,0,,,,,,False,0.0,2.0,25.0,2.0,0.179,0.5,8.0,0.881,0.0749,"LINESTRING (-116.194034 43.625823, -116.194033 43.625831, -116.194033 43.626565)"
2564,8223170765,8223342955,0,nan,footway,37.1,43.6266,-116.1944,0.0495,1.0,4.471,0,0,0,,,,,,False,1.0,0.0,25.0,2.0,0.0,1.0,7.0,0.92,0.0842,"LINESTRING (-116.19415 43.626565, -116.194611 43.626565)"
2565,8223170765,8225216576,0,nan,footway,39.7,43.6266,-116.1949,0.0117,1.0,5.385,0,0,0,,,,,,False,1.0,0.0,25.0,2.0,0.0,1.0,7.0,0.92,0.0857,"LINESTRING (-116.195105 43.626566, -116.194611 43.626565)"
2566,8223170766,8223343075,0,North 6th Street,residential,82.6,43.6262,-116.1952,0.0292,1.0,6.2939,0,0,0,,,,,,False,0.0,2.0,25.0,2.0,0.179,0.5,8.0,0.881,0.1064,"LINESTRING (-116.195197 43.625823, -116.195199 43.626554, -116.1952 43.626566)"
2567,8223170767,8223171331,0,nan,footway,37.4,43.6266,-116.1956,0.0204,1.0,4.776,0,0,0,,,,,,False,1.0,0.0,25.0,2.0,0.0,1.0,7.0,0.92,0.0785,"LINESTRING (-116.195318 43.626566, -116.19577 43.626566, -116.195784 43.626566)"
2568,8223170767,8223328298,0,nan,footway,38.7,43.6266,-116.196,0.0208,1.0,4.1151,0,0,0,,,,,,False,1.0,0.0,25.0,2.0,0.0,1.0,7.0,0.92,0.0659,"LINESTRING (-116.196265 43.626566, -116.195823 43.626566, -116.195784 43.626566)"
2569,8223170768,8223343079,0,North 7th Street,residential,82.7,43.6262,-116.1964,0.0199,1.0,5.0405,1,0,0,,,,,,False,0.0,2.0,25.0,2.0,0.179,0.5,8.0,0.881,0.0343,"LINESTRING (-116.196364 43.625823, -116.196364 43.625835, -116.196364 43.626567)"
2570,8223170769,8223342420,0,nan,footway,38.9,43.6266,-116.1967,0.0579,1.0,3.3708,1,0,0,,,,,,False,1.0,0.0,25.0,2.0,0.0,1.0,6.0,0.92,0.0152,"LINESTRING (-116.196486 43.626567, -116.196969 43.626567)"
2571,8223170769,8223343180,0,nan,footway,39.1,43.6266,-116.1972,0.0127,1.0,3.4104,4,0,0,,,,,,False,1.0,0.0,25.0,2.0,0.0,1.0,7.0,0.92,0.0,"LINESTRING (-116.197455 43.626567, -116.196969 43.626567)"
2572,8223170771,8223170772,0,nan,footway,37.0,43.6266,-116.1979,0.0831,1.0,2.5596,4,0,0,,,,,,False,1.0,0.0,25.0,2.0,0.0,1.0,7.0,0.92,0.0,"LINESTRING (-116.198126 43.626568, -116.197666 43.626567)"
2573,8223170771,8223343083,0,nan,footway,82.8,43.6262,-116.1977,0.0233,1.0,3.938,4,0,0,,,,,,False,1.0,0.0,25.0,2.0,0.0,1.0,12.0,0.92,0.0,"LINESTRING (-116.197673 43.625823, -116.197666 43.626567)"
2574,8223170772,8223285408,0,nan,footway,39.8,43.6266,-116.1984,0.0816,1.0,4.8839,3,0,0,,,,,,False,1.0,0.0,25.0,2.0,0.0,1.0,7.0,0.92,0.007,"LINESTRING (-116.19862 43.626568, -116.198126 43.626568)"
2575,8223170776,8223285540,0,nan,footway,38.5,43.6266,-116.2014,0.0706,1.0,4.3305,0,0,2,,,,,,False,1.0,0.0,25.0,2.0,0.0,1.0,7.0,0.92,0.1962,"LINESTRING (-116.201173 43.62657, -116.201651 43.62657)"
2576,8223170776,8223285500,0,nan,footway,38.5,43.6266,-116.2019,0.0713,1.0,2.8372,0,0,4,,,,,,False,1.0,0.0,25.0,2.0,0.0,1.0,7.0,0.92,0.2684,"LINESTRING (-116.202129 43.62657, -116.201651 43.62657)"
2577,8223170778,8223285473,0,nan,footway,38.7,43.6266,-116.2026,0.0117,1.0,4.4751,0,0,4,,,,,,False,1.0,0.0,25.0,2.0,0.0,1.0,7.0,0.92,0.2824,"LINESTRING (-116.20234 43.62657, -116.202821 43.626571)"
2578,8223170778,8223171409,0,nan,footway,38.2,43.6266,-116.2031,0.3224,1.0,4.9096,0,0,4,,,,,,False,1.0,0.0,25.0,2.0,0.0,1.0,7.0,0.92,0.4116,"LINESTRING (-116.203296 43.626571, -116.202821 43.626571)"
2579,8223170780,8223170781,0,nan,footway,79.9,43.6266,-116.2039,0.0945,0.8,10.2251,0,0,4,,,,,,False,1.0,0.0,25.0,2.0,0.0,1.0,8.0,0.92,0.4555,"LINESTRING (-116.204438 43.626572, -116.203445 43.626571)"
2580,8223170780,8223264808,0,nan,footway,185.9,43.6257,-116.2035,0.1109,0.5455,6.8674,3,0,4,,,,,,False,1.0,0.0,25.0,2.0,0.0,1.0,10.0,0.92,0.4105,"LINESTRING (-116.203539 43.624924, -116.203505 43.62493, -116.20347 43.624995, -116.203464 43.625021, -116.203445 43.626571)"
2581,8223170782,8223284953,0,nan,footway,94.2,43.6266,-116.2051,0.2315,0.8333,6.9383,2,0,4,,,,,,False,1.0,0.0,25.0,2.0,0.0,1.0,9.0,0.92,0.3845,"LINESTRING (-116.204526 43.626572, -116.205696 43.626572)"
2582,8223170785,12753799586,0,nan,footway,62.5,43.6266,-116.2064,0.0949,1.0,4.9894,6,1,4,,,,,,False,1.0,0.0,25.0,2.0,0.0,1.0,14.0,0.92,0.2891,"LINESTRING (-116.206739 43.626569, -116.206716 43.626576, -116.205965 43.626573)"
2583,8223170787,8223171039,0,nan,footway,82.3,43.6271,-116.2133,0.0153,1.0,5.2736,2,0,3,,,,,,False,1.0,0.0,25.0,2.0,0.0,1.0,6.0,0.92,0.1677,"LINESTRING (-116.213253 43.627456, -116.213254 43.626716)"
2584,8223170787,8223170824,0,nan,footway,43.4,43.6267,-116.213,0.0477,1.0,3.8932,0,0,2,,,,,,False,1.0,0.0,25.0,2.0,0.0,1.0,8.0,0.92,0.1782,"LINESTRING (-116.212714 43.626715, -116.213254 43.626716)"
2585,8223170788,8225216613,0,nan,footway,206.0,43.6267,-116.1927,0.0189,1.0,4.4189,0,0,0,,,,,,False,1.0,0.0,25.0,2.0,0.0,1.0,6.0,0.92,0.0712,"LINESTRING (-116.193936 43.626705, -116.191377 43.626703)"
2586,8223170789,8223342934,0,North 5th Street,residential,83.0,43.6271,-116.194,0.0317,1.0,5.3637,0,0,0,,,,,,False,0.0,2.0,25.0,2.0,0.179,0.5,7.0,0.881,0.0931,"LINESTRING (-116.194033 43.627451, -116.194033 43.627434, -116.194033 43.626705)"
2587,8223170790,8225216574,0,nan,footway,39.8,43.6267,-116.1949,0.024,1.0,5.7126,0,0,0,,,,,,False,1.0,0.0,25.0,2.0,0.0,1.0,7.0,0.92,0.0957,"LINESTRING (-116.195104 43.626705, -116.19461 43.626705)"
2588,8223170790,8223342953,0,nan,footway,37.1,43.6267,-116.1944,0.0318,1.0,4.9838,0,0,0,,,,,,False,1.0,0.0,25.0,2.0,0.0,1.0,7.0,0.92,0.0867,"LINESTRING (-116.194149 43.626705, -116.19461 43.626705)"
2589,8223170791,8223342936,0,North 6th Street,residential,81.9,43.6271,-116.1952,0.0355,1.0,4.9077,0,0,0,,,,,,False,0.0,2.0,25.0,2.0,0.179,0.5,8.0,0.881,0.0868,"LINESTRING (-116.195203 43.627442, -116.1952 43.626718, -116.1952 43.626705)"
2590,8223170792,8223328296,0,nan,footway,38.7,43.6267,-116.196,0.0114,1.0,5.7468,0,0,0,,,,,,False,1.0,0.0,25.0,2.0,0.0,1.0,7.0,0.92,0.0913,"LINESTRING (-116.196264 43.626706, -116.19582 43.626706, -116.195783 43.626706)"
2591,8223170792,8223171329,0,nan,footway,37.4,43.6267,-116.1956,0.0569,1.0,7.0354,0,0,0,,,,,,False,1.0,0.0,25.0,2.0,0.0,1.0,7.0,0.92,0.1274,"LINESTRING (-116.195318 43.626706, -116.195769 43.626706, -116.195783 43.626706)"
2592,8223170793,8223342940,0,North 7th Street,residential,82.0,43.6271,-116.1964,0.038,1.0,4.6883,0,0,0,,,,,,False,0.0,2.0,25.0,2.0,0.179,0.5,8.0,0.881,0.0838,"LINESTRING (-116.196365 43.627443, -116.196364 43.627436, -116.196364 43.626706)"
2593,8223170794,8223343178,0,nan,footway,40.1,43.6267,-116.1972,0.0082,1.0,3.4084,4,0,0,,,,,,False,1.0,0.0,25.0,2.0,0.0,1.0,7.0,0.92,0.0,"LINESTRING (-116.197468 43.626707, -116.196969 43.626706)"
2594,8223170794,8223342418,0,nan,footway,38.9,43.6267,-116.1967,0.0225,1.0,2.9468,1,0,0,,,,,,False,1.0,0.0,25.0,2.0,0.0,1.0,6.0,0.92,0.0,"LINESTRING (-116.196486 43.626706, -116.196969 43.626706)"
2595,8223170796,8223170797,0,nan,footway,37.1,43.6267,-116.1979,0.0247,1.0,3.7896,4,0,0,,,,,,False,1.0,0.0,25.0,2.0,0.0,1.0,7.0,0.92,0.0,"LINESTRING (-116.198126 43.626707, -116.197665 43.626707)"
2596,8223170796,8223342944,0,nan,footway,82.1,43.6271,-116.1977,0.006,1.0,3.7896,5,0,0,,,,,,False,1.0,0.0,25.0,2.0,0.0,1.0,12.0,0.92,0.0,"LINESTRING (-116.197658 43.627445, -116.197665 43.626707)"
2597,8223170797,8223285406,0,nan,footway,39.7,43.6267,-116.1984,0.0259,1.0,3.9049,3,0,0,,,,,,False,1.0,0.0,25.0,2.0,0.0,1.0,7.0,0.92,0.0,"LINESTRING (-116.198619 43.626707, -116.198126 43.626707)"
2598,8223170798,8223342947,0,North 9th Street,residential,82.1,43.6271,-116.1987,0.0252,0.8,4.7222,0,0,0,,,,,,False,0.0,2.0,25.0,2.0,0.179,0.5,7.0,0.881,0.1449,"LINESTRING (-116.198733 43.627446, -116.198737 43.626708)"
2599,8223170800,8223285572,0,nan,footway,38.2,43.6267,-116.2007,0.0097,1.0,5.4245,1,0,2,,,,,,False,1.0,0.0,25.0,2.0,0.0,1.0,6.0,0.92,0.1433,"LINESTRING (-116.200953 43.626709, -116.200478 43.626708)"
2600,8223170800,8223342660,0,nan,footway,39.3,43.6267,-116.2002,0.0278,1.0,5.0065,0,0,2,,,,,,False,1.0,0.0,25.0,2.0,0.0,1.0,6.0,0.92,0.192,"LINESTRING (-116.19999 43.626708, -116.200478 43.626708)"
2601,8223170802,8223285507,0,nan,footway,38.3,43.6267,-116.2019,0.0298,1.0,4.1234,1,0,4,,,,,,False,1.0,0.0,25.0,2.0,0.0,1.0,7.0,0.92,0.2338,"LINESTRING (-116.202128 43.626709, -116.201652 43.626709)"
2602,8223170802,8223285538,0,nan,footway,38.6,43.6267,-116.2014,0.0251,1.0,2.8208,1,0,2,,,,,,False,1.0,0.0,25.0,2.0,0.0,1.0,7.0,0.92,0.0948,"LINESTRING (-116.201172 43.626709, -116.201652 43.626709)"
2603,8223170804,8223171407,0,nan,footway,38.2,43.6267,-116.2031,0.1099,1.0,5.1289,0,0,4,,,,,,False,1.0,0.0,25.0,2.0,0.0,1.0,7.0,0.92,0.3326,"LINESTRING (-116.203295 43.62671, -116.202821 43.62671)"
2604,8223170804,8223285471,0,nan,footway,38.8,43.6267,-116.2026,0.008,1.0,4.5769,0,0,4,,,,,,False,1.0,0.0,25.0,2.0,0.0,1.0,7.0,0.92,0.2829,"LINESTRING (-116.202339 43.62671, -116.202821 43.62671)"
2605,8223170806,8223171056,0,nan,footway,82.5,43.6271,-116.2035,0.0634,1.0,4.4601,0,0,4,,,,,,False,1.0,0.0,25.0,2.0,0.0,1.0,8.0,0.92,0.3023,"LINESTRING (-116.203465 43.627452, -116.203465 43.62671)"
2606,8223170806,8223170807,0,nan,footway,42.6,43.6267,-116.2037,0.2167,1.0,5.7894,0,0,4,,,,,,False,1.0,0.0,25.0,2.0,0.0,1.0,6.0,0.92,0.3849,"LINESTRING (-116.203995 43.626711, -116.203465 43.62671)"
2607,8223170807,8223284952,0,nan,footway,39.7,43.6267,-116.2042,0.0349,1.0,6.2591,0,0,4,,,,,,False,1.0,0.0,25.0,2.0,0.0,1.0,4.0,0.92,0.3211,"LINESTRING (-116.204488 43.626711, -116.203995 43.626711)"
2608,8223170809,8223170810,0,nan,footway,41.4,43.6267,-116.2054,0.2225,1.0,5.8885,2,0,4,,,,,,False,1.0,0.0,25.0,2.0,0.0,1.0,6.0,0.92,0.3116,"LINESTRING (-116.205695 43.626712, -116.205181 43.626711)"
2609,8223170809,8223284954,0,nan,footway,39.6,43.6267,-116.2049,0.0791,1.0,6.8642,0,0,4,,,,,,False,1.0,0.0,25.0,2.0,0.0,1.0,4.0,0.92,0.3467,"LINESTRING (-116.204689 43.626711, -116.205181 43.626711)"
2610,8223170810,8223171064,0,nan,footway,82.5,43.6271,-116.2057,0.0656,1.0,4.7405,2,0,4,,,,,,False,1.0,0.0,25.0,2.0,0.0,1.0,9.0,0.92,0.2313,"LINESTRING (-116.205694 43.627453, -116.205695 43.626712)"
2611,8223170812,8223171068,0,nan,footway,82.5,43.6271,-116.206,0.3079,1.0,6.7933,6,1,4,,,,,,False,1.0,0.0,25.0,2.0,0.0,1.0,12.0,0.92,0.3997,"LINESTRING (-116.205962 43.627453, -116.205964 43.626712)"
2612,8223170812,8223170813,0,nan,footway,38.6,43.6267,-116.2062,0.3059,1.0,5.7117,6,1,4,,,,,,False,1.0,0.0,25.0,2.0,0.0,1.0,9.0,0.92,0.3833,"LINESTRING (-116.206443 43.626712, -116.205964 43.626712)"
2613,8223170813,8223171262,0,nan,footway,41.0,43.6267,-116.2067,0.0181,1.0,0.0,6,1,4,,,,,,False,1.0,0.0,25.0,2.0,0.0,1.0,10.0,0.92,0.0712,"LINESTRING (-116.206953 43.626712, -116.206443 43.626712)"
2614,8223170815,8223170841,0,nan,footway,42.3,43.6267,-116.2079,0.0656,1.0,5.8229,2,0,2,,,,,,False,1.0,0.0,25.0,2.0,0.0,1.0,8.0,0.92,0.1429,"LINESTRING (-116.20817 43.626713, -116.207645 43.626713)"
2615,8223170815,8223171200,0,nan,footway,39.7,43.6267,-116.2074,0.0774,1.0,6.4663,2,0,3,,,,,,False,1.0,0.0,25.0,2.0,0.0,1.0,9.0,0.92,0.2102,"LINESTRING (-116.207151 43.626712, -116.207645 43.626713)"
2616,8223170818,8223171011,0,nan,footway,40.1,43.6267,-116.2093,0.0246,1.0,0.0,2,0,4,,,,,,False,1.0,0.0,25.0,2.0,0.0,1.0,3.0,0.92,0.0318,"LINESTRING (-116.209508 43.626714, -116.20901 43.626712)"
2617,8223170820,8223171184,0,nan,footway,43.6,43.6267,-116.2105,0.0875,1.0,5.2707,0,0,2,,,,,,False,1.0,0.0,25.0,2.0,0.0,1.0,5.0,0.92,0.2198,"LINESTRING (-116.210734 43.626714, -116.210192 43.626714)"
2618,8223170820,8223170994,0,nan,footway,39.5,43.6267,-116.2099,0.0718,1.0,5.9807,0,0,4,,,,,,False,1.0,0.0,25.0,2.0,0.0,1.0,2.0,0.92,0.3314,"LINESTRING (-116.209702 43.626714, -116.210192 43.626714)"
2619,8223170821,8223171094,0,North 18th Street,residential,82.4,43.6271,-116.2108,0.0374,0.8,4.8234,0,0,2,,,,,,False,0.0,2.0,20.0,2.0,0.143,0.5,8.0,0.943,0.2579,"LINESTRING (-116.210848 43.627455, -116.210849 43.626714)"
2620,8223170822,8223171146,0,nan,footway,43.0,43.6267,-116.2118,0.0952,1.0,4.2084,0,0,2,,,,,,False,1.0,0.0,25.0,2.0,0.0,1.0,6.0,0.92,0.2033,"LINESTRING (-116.212057 43.626715, -116.211523 43.626715)"
2621,8223170822,8223171151,0,nan,footway,42.0,43.6267,-116.2113,0.0075,1.0,5.2279,0,0,2,,,,,,False,1.0,0.0,25.0,2.0,0.0,1.0,5.0,0.92,0.1879,"LINESTRING (-116.211001 43.626714, -116.211523 43.626715)"
2622,8223170823,8223171098,0,North 19th Street,residential,82.4,43.6271,-116.2121,0.0369,1.0,5.0791,0,0,2,,,,,,False,0.0,2.0,20.0,2.0,0.143,0.5,9.0,0.943,0.1968,"LINESTRING (-116.212113 43.627456, -116.212115 43.626715)"
2623,8223170824,8223171101,0,nan,footway,38.9,43.6267,-116.2125,0.0145,1.0,2.1548,0,0,2,,,,,,False,1.0,0.0,25.0,2.0,0.0,1.0,6.0,0.92,0.1192,"LINESTRING (-116.21223 43.626715, -116.212714 43.626715)"
2624,8223170841,8223171076,0,nan,footway,82.4,43.6271,-116.2082,0.0368,1.0,5.2745,2,0,2,,,,,,False,1.0,0.0,25.0,2.0,0.0,1.0,12.0,0.92,0.1229,"LINESTRING (-116.208168 43.627454, -116.20817 43.626713)"
2625,8223170994,8223171090,0,nan,footway,82.4,43.6271,-116.2097,0.0525,1.0,5.5891,0,0,4,,,,,,False,1.0,0.0,25.0,2.0,0.0,1.0,8.0,0.92,0.3178,"LINESTRING (-116.2097 43.627455, -116.209702 43.626714)"
2626,8223171011,8223171086,0,nan,footway,82.4,43.6271,-116.2095,0.0238,1.0,5.8415,0,0,4,,,,,,False,1.0,0.0,25.0,2.0,0.0,1.0,5.0,0.92,0.3105,"LINESTRING (-116.209506 43.627455, -116.209508 43.626714)"
2627,8223171027,8223342922,0,nan,footway,82.3,43.628,-116.2133,0.012,0.6,4.6785,2,0,3,,,,,,False,1.0,0.0,25.0,2.0,0.0,1.0,5.0,0.92,0.2868,"LINESTRING (-116.213251 43.628337, -116.213253 43.627597)"
2628,8223171027,8223171099,0,nan,footway,43.4,43.6276,-116.213,0.0,1.0,4.5569,2,0,3,,,,,,False,1.0,0.0,25.0,2.0,0.0,1.0,4.0,0.92,0.1491,"LINESTRING (-116.212713 43.627596, -116.213253 43.627597)"
2629,8223171039,8223171100,0,nan,footway,43.4,43.6275,-116.213,0.0,1.0,5.2996,2,0,3,,,,,,False,1.0,0.0,25.0,2.0,0.0,1.0,4.0,0.92,0.1622,"LINESTRING (-116.212713 43.627456, -116.213253 43.627456)"
2630,8223171040,8223342700,0,nan,footway,62.7,43.6275,-116.1994,0.0127,1.0,0.0,1,0,0,,,,,,False,1.0,0.0,25.0,2.0,0.0,1.0,7.0,0.92,0.0,"LINESTRING (-116.199783 43.627451, -116.199371 43.627451, -116.199334 43.627443, -116.19929 43.627443, -116.199253 43.627455, -116.199223 43.627477, -116.199212 43.627509, -116.199218 43.627533, -116.199236 43.627561, -116.199283 43.627586, -116.199303 43.627588)"
2631,8223171040,8223342698,0,nan,footway,38.7,43.6276,-116.1995,0.0109,1.0,0.0,1,0,0,,,,,,False,1.0,0.0,25.0,2.0,0.0,1.0,5.0,0.92,0.0,"LINESTRING (-116.199782 43.627582, -116.19937 43.627581, -116.199326 43.62759, -116.199303 43.627588)"
2632,8223171043,8223342657,0,nan,footway,39.3,43.6276,-116.2002,0.0266,1.0,5.4126,0,0,0,,,,,,False,1.0,0.0,25.0,2.0,0.0,1.0,7.0,0.92,0.0919,"LINESTRING (-116.199987 43.627582, -116.200475 43.627583)"
2633,8223171043,8223285569,0,nan,footway,38.1,43.6276,-116.2007,0.0116,1.0,6.3483,0,0,2,,,,,,False,1.0,0.0,25.0,2.0,0.0,1.0,7.0,0.92,0.2068,"LINESTRING (-116.200948 43.627583, -116.200475 43.627583)"
2634,8223171044,8223285571,0,nan,footway,38.1,43.6275,-116.2007,0.0199,1.0,3.5217,1,0,2,,,,,,False,1.0,0.0,25.0,2.0,0.0,1.0,7.0,0.92,0.1104,"LINESTRING (-116.200949 43.627451, -116.200475 43.627451)"
2635,8223171044,8223342659,0,nan,footway,39.3,43.6275,-116.2002,0.0728,1.0,5.1604,0,0,1,,,,,,False,1.0,0.0,25.0,2.0,0.0,1.0,7.0,0.92,0.1589,"LINESTRING (-116.199987 43.627451, -116.200475 43.627451)"
2636,8223171047,8223285535,0,nan,footway,39.8,43.6276,-116.2014,0.0236,1.0,6.2683,1,0,4,,,,,,False,1.0,0.0,25.0,2.0,0.0,1.0,7.0,0.92,0.2681,"LINESTRING (-116.201168 43.627583, -116.201662 43.627584)"
2637,8223171047,8223285504,0,nan,footway,37.1,43.6276,-116.2019,0.0328,1.0,4.8813,1,0,4,,,,,,False,1.0,0.0,25.0,2.0,0.0,1.0,7.0,0.92,0.2495,"LINESTRING (-116.202124 43.627584, -116.201662 43.627584)"
2638,8223171048,8223285506,0,nan,footway,37.1,43.6275,-116.2019,0.0886,1.0,5.6342,1,0,4,,,,,,False,1.0,0.0,25.0,2.0,0.0,1.0,7.0,0.92,0.2839,"LINESTRING (-116.202124 43.627452, -116.201663 43.627451)"
2639,8223171048,8223285537,0,nan,footway,39.8,43.6275,-116.2014,0.0537,1.0,5.1385,1,0,4,,,,,,False,1.0,0.0,25.0,2.0,0.0,1.0,7.0,0.92,0.2621,"LINESTRING (-116.201168 43.627451, -116.201663 43.627451)"
2640,8223171051,8223285468,0,nan,footway,38.7,43.6276,-116.2026,0.0075,1.0,5.2927,0,0,4,,,,,,False,1.0,0.0,25.0,2.0,0.0,1.0,7.0,0.92,0.2954,"LINESTRING (-116.202335 43.627585, -116.202816 43.627585)"
2641,8223171051,8223171404,0,nan,footway,38.6,43.6276,-116.2031,0.0951,1.0,4.4301,0,0,4,,,,,,False,1.0,0.0,25.0,2.0,0.0,1.0,7.0,0.92,0.3141,"LINESTRING (-116.203295 43.627586, -116.202816 43.627585)"
2642,8223171052,8223171406,0,nan,footway,38.5,43.6275,-116.2031,0.0239,1.0,2.886,0,0,4,,,,,,False,1.0,0.0,25.0,2.0,0.0,1.0,7.0,0.92,0.2512,"LINESTRING (-116.203295 43.627452, -116.202816 43.627452)"
2643,8223171052,8223285470,0,nan,footway,38.7,43.6275,-116.2026,0.0107,1.0,0.0,0,0,4,,,,,,False,1.0,0.0,25.0,2.0,0.0,1.0,7.0,0.92,0.1036,"LINESTRING (-116.202335 43.627452, -116.202816 43.627452)"
2644,8223171055,8223171057,0,nan,footway,42.5,43.6276,-116.2037,0.0071,1.0,4.5346,0,0,4,,,,,,False,1.0,0.0,25.0,2.0,0.0,1.0,7.0,0.92,0.2818,"LINESTRING (-116.203993 43.627586, -116.203465 43.627586)"
2645,8223171055,8223342891,0,nan,footway,82.5,43.628,-116.2035,0.073,1.0,4.8359,1,0,4,,,,,,False,1.0,0.0,25.0,2.0,0.0,1.0,8.0,0.92,0.2644,"LINESTRING (-116.203464 43.628328, -116.203465 43.627586)"
2646,8223171056,8223171058,0,nan,footway,42.6,43.6275,-116.2037,0.0033,1.0,3.6773,0,0,4,,,,,,False,1.0,0.0,25.0,2.0,0.0,1.0,7.0,0.92,0.2626,"LINESTRING (-116.203994 43.627452, -116.203465 43.627452)"
2647,8223171057,8223285106,0,nan,footway,39.8,43.6276,-116.2042,0.0286,1.0,4.2865,0,0,4,,,,,,False,1.0,0.0,25.0,2.0,0.0,1.0,6.0,0.92,0.2854,"LINESTRING (-116.204488 43.627587, -116.203993 43.627586)"
2648,8223171058,8223285108,0,nan,footway,39.7,43.6275,-116.2042,0.0154,1.0,5.4012,0,0,4,,,,,,False,1.0,0.0,25.0,2.0,0.0,1.0,6.0,0.92,0.3003,"LINESTRING (-116.204488 43.627453, -116.203994 43.627452)"
2649,8223171061,8223284975,0,nan,footway,39.9,43.6276,-116.2049,0.0528,1.0,6.2427,0,0,4,,,,,,False,1.0,0.0,25.0,2.0,0.0,1.0,6.0,0.92,0.3278,"LINESTRING (-116.204688 43.627587, -116.205183 43.627588)"
2650,8223171061,8223171063,0,nan,footway,41.1,43.6276,-116.2054,0.0118,1.0,6.1393,0,0,3,,,,,,False,1.0,0.0,25.0,2.0,0.0,1.0,6.0,0.92,0.2571,"LINESTRING (-116.205694 43.627588, -116.205183 43.627588)"
2651,8223171062,8223171064,0,nan,footway,41.1,43.6275,-116.2054,0.0222,1.0,5.8912,0,0,4,,,,,,False,1.0,0.0,25.0,2.0,0.0,1.0,7.0,0.92,0.3107,"LINESTRING (-116.205694 43.627453, -116.205184 43.627453)"
2652,8223171062,8223284977,0,nan,footway,39.9,43.6275,-116.2049,0.0252,1.0,5.142,0,0,4,,,,,,False,1.0,0.0,25.0,2.0,0.0,1.0,6.0,0.92,0.2998,"LINESTRING (-116.204688 43.627453, -116.205184 43.627453)"
2653,8223171063,8223342897,0,nan,footway,82.5,43.628,-116.2057,0.026,1.0,5.3924,1,0,2,,,,,,False,1.0,0.0,25.0,2.0,0.0,1.0,8.0,0.92,0.1491,"LINESTRING (-116.205692 43.62833, -116.205694 43.627588)"
2654,8223171067,8223342899,0,nan,footway,82.5,43.628,-116.206,0.1225,1.0,5.3699,1,0,2,,,,,,False,1.0,0.0,25.0,2.0,0.0,1.0,12.0,0.92,0.1864,"LINESTRING (-116.205959 43.62833, -116.205962 43.627589)"
2655,8223171067,8223171069,0,nan,footway,38.9,43.6276,-116.2062,0.0877,1.0,5.6035,1,1,3,,,,,,False,1.0,0.0,25.0,2.0,0.0,1.0,6.0,0.92,0.3313,"LINESTRING (-116.206446 43.627589, -116.205962 43.627589)"
2656,8223171068,8223171070,0,nan,footway,38.9,43.6275,-116.2062,0.2913,1.0,6.7195,1,1,3,,,,,,False,1.0,0.0,25.0,2.0,0.0,1.0,6.0,0.92,0.427,"LINESTRING (-116.206446 43.627453, -116.205962 43.627453)"
2657,8223171069,8223171259,0,nan,footway,40.8,43.6276,-116.2067,0.031,1.0,5.1212,1,1,2,,,,,,False,1.0,0.0,25.0,2.0,0.0,1.0,7.0,0.92,0.248,"LINESTRING (-116.206953 43.62759, -116.206446 43.627589)"
2658,8223171070,8223171261,0,nan,footway,40.8,43.6275,-116.2067,0.077,1.0,4.9685,1,1,2,,,,,,False,1.0,0.0,25.0,2.0,0.0,1.0,7.0,0.92,0.2632,"LINESTRING (-116.206953 43.627454, -116.206446 43.627453)"
2659,8223171073,8223171219,0,nan,footway,39.8,43.6276,-116.2074,0.0104,1.0,5.0352,1,1,2,,,,,,False,1.0,0.0,25.0,2.0,0.0,1.0,6.0,0.92,0.2385,"LINESTRING (-116.207149 43.62759, -116.207644 43.62759)"
2660,8223171073,8223171075,0,nan,footway,42.2,43.6276,-116.2079,0.0282,1.0,3.6589,0,0,2,,,,,,False,1.0,0.0,25.0,2.0,0.0,1.0,9.0,0.92,0.1655,"LINESTRING (-116.208168 43.627591, -116.207644 43.62759)"
2661,8223171074,8223171076,0,nan,footway,42.2,43.6275,-116.2079,0.0293,1.0,4.4009,0,0,2,,,,,,False,1.0,0.0,25.0,2.0,0.0,1.0,9.0,0.92,0.1814,"LINESTRING (-116.208168 43.627454, -116.207644 43.627454)"
2662,8223171074,8223171221,0,nan,footway,39.8,43.6275,-116.2074,0.0162,1.0,5.307,1,1,2,,,,,,False,1.0,0.0,25.0,2.0,0.0,1.0,6.0,0.92,0.2453,"LINESTRING (-116.207149 43.627454, -116.207644 43.627454)"
2663,8223171075,8223342905,0,nan,footway,82.4,43.628,-116.2082,0.0372,1.0,5.8437,0,0,2,,,,,,False,1.0,0.0,25.0,2.0,0.0,1.0,12.0,0.92,0.2094,"LINESTRING (-116.208165 43.628332, -116.208168 43.627591)"
2664,8223171075,8223171081,0,nan,footway,27.3,43.6276,-116.2083,0.189,0.5,7.1699,0,0,2,,,,,,False,1.0,0.0,25.0,2.0,0.0,1.0,8.0,0.92,0.4507,"LINESTRING (-116.208508 43.627592, -116.208445 43.627591, -116.208374 43.627591, -116.208258 43.627591, -116.208221 43.627591, -116.208168 43.627591)"
2665,8223171076,8223171082,0,nan,footway,27.3,43.6275,-116.2083,0.3546,0.5,6.6013,0,0,2,,,,,,False,1.0,0.0,25.0,2.0,0.0,1.0,8.0,0.92,0.5076,"LINESTRING (-116.208508 43.627454, -116.208446 43.627454, -116.208374 43.627454, -116.208258 43.627454, -116.20822 43.627454, -116.208168 43.627454)"
2666,8223171081,8223342908,0,nan,footway,82.4,43.628,-116.2085,0.0182,1.0,6.3891,0,0,2,,,,,,False,1.0,0.0,25.0,2.0,0.0,1.0,16.0,0.92,0.21,"LINESTRING (-116.208505 43.628333, -116.208508 43.627592)"
2667,8223171081,8223171083,0,nan,footway,38.8,43.6276,-116.2087,0.008,1.0,5.7569,0,0,2,,,,,,False,1.0,0.0,25.0,2.0,0.0,1.0,8.0,0.92,0.1966,"LINESTRING (-116.20899 43.627592, -116.208508 43.627592)"
2668,8223171082,8223171084,0,nan,footway,38.8,43.6275,-116.2087,0.0082,1.0,5.7055,0,0,2,,,,,,False,1.0,0.0,25.0,2.0,0.0,1.0,8.0,0.92,0.1959,"LINESTRING (-116.20899 43.627455, -116.208508 43.627454)"
2669,8223171083,8223171085,0,nan,footway,41.5,43.6276,-116.2092,0.0138,1.0,4.6707,0,0,2,,,,,,False,1.0,0.0,25.0,2.0,0.0,1.0,7.0,0.92,0.1805,"LINESTRING (-116.209505 43.627593, -116.20899 43.627592)"
2670,8223171084,8223171086,0,nan,footway,41.5,43.6275,-116.2092,0.0209,1.0,7.3599,0,0,3,,,,,,False,1.0,0.0,25.0,2.0,0.0,1.0,7.0,0.92,0.2772,"LINESTRING (-116.209506 43.627455, -116.20899 43.627455)"
2671,8223171085,8223342910,0,nan,footway,82.4,43.628,-116.2095,0.0339,1.0,5.6317,0,0,2,,,,,,False,1.0,0.0,25.0,2.0,0.0,1.0,8.0,0.92,0.2047,"LINESTRING (-116.209502 43.628333, -116.209505 43.627593)"
2672,8223171089,8223342912,0,nan,footway,82.4,43.628,-116.2097,0.0129,1.0,5.2837,0,0,2,,,,,,False,1.0,0.0,25.0,2.0,0.0,1.0,12.0,0.92,0.1909,"LINESTRING (-116.209697 43.628334, -116.209699 43.627593)"
2673,8223171089,8223171091,0,nan,footway,39.4,43.6276,-116.2099,0.0241,1.0,6.0493,0,0,4,,,,,,False,1.0,0.0,25.0,2.0,0.0,1.0,6.0,0.92,0.3138,"LINESTRING (-116.210189 43.627593, -116.209699 43.627593)"
2674,8223171090,8223171092,0,nan,footway,39.5,43.6275,-116.2099,0.0429,1.0,5.0235,0,0,4,,,,,,False,1.0,0.0,25.0,2.0,0.0,1.0,6.0,0.92,0.3046,"LINESTRING (-116.21019 43.627455, -116.2097 43.627455)"
2675,8223171091,8223171181,0,nan,footway,43.7,43.6276,-116.2105,0.0313,1.0,5.5479,0,0,4,,,,,,False,1.0,0.0,25.0,2.0,0.0,1.0,7.0,0.92,0.3089,"LINESTRING (-116.210732 43.627594, -116.210189 43.627593)"
2676,8223171092,8223171183,0,nan,footway,43.6,43.6275,-116.2105,0.0767,1.0,4.4713,0,0,3,,,,,,False,1.0,0.0,25.0,2.0,0.0,1.0,7.0,0.92,0.2545,"LINESTRING (-116.210732 43.627455, -116.21019 43.627455)"
2677,8223171093,8223342915,0,North 18th Street,residential,82.4,43.628,-116.2108,0.0232,0.8,5.0471,0,0,2,,,,,,False,0.0,2.0,20.0,2.0,0.143,0.5,8.0,0.943,0.2563,"LINESTRING (-116.210847 43.628335, -116.210848 43.627594)"
2678,8223171095,8223171165,0,nan,footway,41.9,43.6276,-116.2113,0.0061,1.0,3.7149,0,0,2,,,,,,False,1.0,0.0,25.0,2.0,0.0,1.0,6.0,0.92,0.1581,"LINESTRING (-116.210999 43.627594, -116.21152 43.627595)"
2679,8223171095,8223171143,0,nan,footway,42.6,43.6276,-116.2118,0.0265,1.0,0.0,0,0,2,,,,,,False,1.0,0.0,25.0,2.0,0.0,1.0,6.0,0.92,0.0033,"LINESTRING (-116.212049 43.627595, -116.21152 43.627595)"
2680,8223171096,8223171145,0,nan,footway,42.7,43.6275,-116.2118,0.0265,1.0,4.7868,0,0,2,,,,,,False,1.0,0.0,25.0,2.0,0.0,1.0,6.0,0.92,0.1876,"LINESTRING (-116.21205 43.627456, -116.21152 43.627456)"
2681,8223171096,8223171167,0,nan,footway,41.9,43.6275,-116.2113,0.0081,1.0,4.2716,0,0,2,,,,,,False,1.0,0.0,25.0,2.0,0.0,1.0,6.0,0.92,0.1706,"LINESTRING (-116.210999 43.627455, -116.21152 43.627456)"
2682,8223171097,8223342919,0,North 19th Street,residential,82.3,43.628,-116.2121,0.017,1.0,5.495,0,0,2,,,,,,False,0.0,2.0,20.0,2.0,0.143,0.5,8.0,0.943,0.196,"LINESTRING (-116.212112 43.628336, -116.212113 43.627595)"
2683,8223171099,8223171121,0,nan,footway,39.0,43.6276,-116.2125,0.038,1.0,5.5429,1,0,2,,,,,,False,1.0,0.0,25.0,2.0,0.0,1.0,6.0,0.92,0.1563,"LINESTRING (-116.212229 43.627596, -116.212713 43.627596)"
2684,8223171100,8223171123,0,nan,footway,39.0,43.6275,-116.2125,0.0375,1.0,4.4267,1,0,2,,,,,,False,1.0,0.0,25.0,2.0,0.0,1.0,6.0,0.92,0.1364,"LINESTRING (-116.212229 43.627456, -116.212713 43.627456)"
2685,8223171101,8223171123,0,nan,footway,82.4,43.6271,-116.2122,0.0268,1.0,5.542,0,0,2,,,,,,False,1.0,0.0,25.0,2.0,0.0,1.0,12.0,0.92,0.2006,"LINESTRING (-116.212229 43.627456, -116.21223 43.626715)"
2686,8223171121,8223342920,0,nan,footway,82.3,43.628,-116.2122,0.0165,1.0,5.539,0,0,2,,,,,,False,1.0,0.0,25.0,2.0,0.0,1.0,12.0,0.92,0.1965,"LINESTRING (-116.212227 43.628336, -116.212229 43.627596)"
2687,8223171129,8223171186,0,nan,footway,86.4,43.6266,-116.2115,0.014,1.0,5.8425,0,0,2,,,,,,False,1.0,0.0,25.0,2.0,0.0,1.0,11.0,0.92,0.2003,"LINESTRING (-116.211 43.626579, -116.212074 43.626584)"
2688,8223171129,8223397395,0,nan,footway,31.6,43.6265,-116.2122,0.0095,1.0,4.1585,0,0,2,,,,,,False,1.0,0.0,25.0,2.0,0.0,1.0,8.0,0.92,0.1689,"LINESTRING (-116.212285 43.626344, -116.212074 43.626584)"
2689,8223171143,8223342918,0,nan,footway,82.3,43.628,-116.212,0.0131,0.8,5.2437,0,0,2,,,,,,False,1.0,0.0,25.0,2.0,0.0,1.0,8.0,0.92,0.2557,"LINESTRING (-116.212042 43.628336, -116.212049 43.627595)"
2690,8223171145,8223171146,0,nan,footway,82.4,43.6271,-116.2121,0.0545,1.0,4.793,0,0,2,,,,,,False,1.0,0.0,25.0,2.0,0.0,1.0,9.0,0.92,0.1986,"LINESTRING (-116.212057 43.626715, -116.21205 43.627456)"
2691,8223171151,8223171167,0,nan,footway,82.4,43.6271,-116.211,0.0108,1.0,4.4565,0,0,2,,,,,,False,1.0,0.0,25.0,2.0,0.0,1.0,8.0,0.92,0.1753,"LINESTRING (-116.210999 43.627455, -116.211001 43.626714)"
2692,8223171165,8223342916,0,nan,footway,82.4,43.628,-116.211,0.008,1.0,5.4324,0,0,1,,,,,,False,1.0,0.0,25.0,2.0,0.0,1.0,8.0,0.92,0.1382,"LINESTRING (-116.210997 43.628335, -116.210999 43.627594)"
2693,8223171181,8223342914,0,nan,footway,82.4,43.628,-116.2107,0.0394,1.0,5.5368,0,0,2,,,,,,False,1.0,0.0,25.0,2.0,0.0,1.0,8.0,0.92,0.2054,"LINESTRING (-116.21073 43.628335, -116.210732 43.627594)"
2694,8223171183,8223171184,0,nan,footway,82.4,43.6271,-116.2107,0.0651,1.0,5.449,0,0,2,,,,,,False,1.0,0.0,25.0,2.0,0.0,1.0,8.0,0.92,0.214,"LINESTRING (-116.210734 43.626714, -116.210732 43.627455)"
2695,8223171186,8223171194,0,nan,footway,48.4,43.6264,-116.211,0.0453,1.0,5.1391,0,0,3,,,,,,False,1.0,0.0,25.0,2.0,0.0,1.0,8.0,0.92,0.2543,"LINESTRING (-116.211056 43.626149, -116.211018 43.626226, -116.211005 43.626284, -116.211 43.626579)"
2696,8223171190,8223171197,0,nan,footway,94.0,43.6258,-116.2121,0.0116,1.0,6.1308,12,3,3,,,,,,False,1.0,0.0,25.0,2.0,0.0,1.0,10.0,0.92,0.2796,"LINESTRING (-116.211636 43.625547, -116.212593 43.626031)"
2697,8223171190,8223397395,0,nan,footway,42.7,43.6262,-116.2124,0.0041,1.0,4.2713,2,0,2,,,,,,False,1.0,0.0,25.0,2.0,0.0,1.0,9.0,0.92,0.0919,"LINESTRING (-116.212285 43.626344, -116.212593 43.626031)"
2698,8223171194,8223171196,0,nan,footway,39.1,43.626,-116.2112,0.011,1.0,6.547,6,3,3,,,,,,False,1.0,0.0,25.0,2.0,0.0,1.0,3.0,0.92,0.3288,"LINESTRING (-116.211334 43.62586, -116.211056 43.626149)"
2699,8223171196,8223171197,0,nan,footway,42.5,43.6257,-116.2115,0.0155,1.0,5.4453,12,4,4,,,,,,False,1.0,0.0,25.0,2.0,0.0,1.0,5.0,0.92,0.3564,"LINESTRING (-116.211636 43.625547, -116.211334 43.62586)"
2700,8223171200,8223171221,0,nan,footway,82.5,43.6271,-116.2072,0.0248,1.0,5.7352,3,1,2,,,,,,False,1.0,0.0,25.0,2.0,0.0,1.0,14.0,0.92,0.2069,"LINESTRING (-116.207149 43.627454, -116.207151 43.626712)"
2701,8223171219,8223342903,0,nan,footway,82.4,43.628,-116.2071,0.0365,1.0,4.9758,1,1,2,,,,,,False,1.0,0.0,25.0,2.0,0.0,1.0,10.0,0.92,0.2476,"LINESTRING (-116.207146 43.628331, -116.207149 43.62759)"
2702,8223171259,8223342901,0,nan,footway,82.4,43.628,-116.207,0.0155,1.0,4.8661,1,1,2,,,,,,False,1.0,0.0,25.0,2.0,0.0,1.0,8.0,0.92,0.2375,"LINESTRING (-116.206952 43.628331, -116.206953 43.62759)"
2703,8223171261,8223171262,0,nan,footway,82.5,43.6271,-116.207,0.025,1.0,4.9608,5,2,3,,,,,,False,1.0,0.0,25.0,2.0,0.0,1.0,12.0,0.92,0.2782,"LINESTRING (-116.206953 43.626712, -116.206953 43.627454)"
2704,8223171268,8223171323,0,nan,footway,40.4,43.6292,-116.2166,0.0038,1.0,4.5087,0,0,2,,,,,,False,1.0,0.0,25.0,2.0,0.0,1.0,8.0,0.92,0.1736,"LINESTRING (-116.216321 43.629218, -116.216823 43.629219)"
2705,8223171269,8223171598,0,nan,footway,40.6,43.6294,-116.2166,0.0,1.0,4.521,0,0,2,,,,,,False,1.0,0.0,25.0,2.0,0.0,1.0,8.0,0.92,0.1723,"LINESTRING (-116.216321 43.629354, -116.216825 43.629354)"
2706,8223171270,8223343102,0,North 6th Street,residential,82.1,43.6288,-116.1952,0.0212,1.0,5.2441,1,0,0,,,,,,False,0.0,2.0,25.0,2.0,0.179,0.5,6.0,0.881,0.0383,"LINESTRING (-116.195206 43.628463, -116.195206 43.628481, -116.195207 43.629194, -116.195208 43.629202)"
2707,8223171270,8225216568,0,nan,footway,91.3,43.6289,-116.1951,0.0232,1.0,5.095,1,0,0,,,,,,False,1.0,0.0,25.0,2.0,0.0,1.0,8.0,0.92,0.0366,"LINESTRING (-116.195098 43.628463, -116.195095 43.629203, -116.195134 43.629202, -116.195208 43.629202)"
2708,8223171271,8223171326,0,nan,footway,36.7,43.6292,-116.1955,0.0775,1.0,4.1777,1,0,0,,,,,,False,1.0,0.0,25.0,2.0,0.0,1.0,5.0,0.92,0.0406,"LINESTRING (-116.195318 43.629202, -116.195774 43.629202)"
2709,8223171271,8223328293,0,nan,footway,39.2,43.6292,-116.196,0.0789,1.0,5.0491,0,0,0,,,,,,False,1.0,0.0,25.0,2.0,0.0,1.0,7.0,0.92,0.1062,"LINESTRING (-116.196261 43.629202, -116.195774 43.629202)"
2710,8223171272,8223343106,0,North 7th Street,residential,82.2,43.6288,-116.1964,0.0103,1.0,5.0258,1,0,0,,,,,,False,0.0,2.0,25.0,2.0,0.179,0.5,8.0,0.881,0.0304,"LINESTRING (-116.196365 43.628464, -116.196365 43.629192, -116.196365 43.629202)"
2711,8223171273,8223328315,0,nan,footway,39.3,43.6292,-116.1967,0.014,1.0,5.1196,0,0,0,,,,,,False,1.0,0.0,25.0,2.0,0.0,1.0,7.0,0.92,0.0821,"LINESTRING (-116.196476 43.629203, -116.196964 43.629203)"
2712,8223171273,8223343171,0,nan,footway,39.4,43.6292,-116.1972,0.0236,1.0,4.8905,0,0,0,,,,,,False,1.0,0.0,25.0,2.0,0.0,1.0,7.0,0.92,0.0819,"LINESTRING (-116.197454 43.629203, -116.196964 43.629203)"
2713,8223171275,8223171276,0,nan,footway,39.1,43.6292,-116.1979,0.044,1.0,3.77,0,0,0,,,,,,False,1.0,0.0,25.0,2.0,0.0,1.0,7.0,0.92,0.0677,"LINESTRING (-116.198128 43.629204, -116.197642 43.629204)"
2714,8223171275,8223343110,0,nan,footway,82.2,43.6288,-116.1976,0.0225,1.0,4.4673,0,0,0,,,,,,False,1.0,0.0,25.0,2.0,0.0,1.0,12.0,0.92,0.0736,"LINESTRING (-116.197648 43.628464, -116.197642 43.629204)"
2715,8223171276,8223285403,0,nan,footway,38.7,43.6292,-116.1984,0.2309,1.0,3.3332,0,0,0,,,,,,False,1.0,0.0,25.0,2.0,0.0,1.0,7.0,0.92,0.1304,"LINESTRING (-116.198609 43.629204, -116.198128 43.629204)"
2716,8223171277,8223343113,0,North 9th Street,residential,82.3,43.6288,-116.1987,0.0455,1.0,4.6243,0,0,0,,,,,,False,0.0,2.0,25.0,2.0,0.179,0.5,8.0,0.881,0.0855,"LINESTRING (-116.198728 43.628464, -116.198724 43.629204)"
2717,8223171278,8223285430,0,nan,footway,38.2,43.6292,-116.1991,0.0504,1.0,5.2103,3,0,0,,,,,,False,1.0,0.0,25.0,2.0,0.0,1.0,7.0,0.92,0.0005,"LINESTRING (-116.198816 43.629204, -116.19929 43.629205)"
2718,8223171278,8223342696,0,nan,footway,38.9,43.6292,-116.1995,0.0136,1.0,5.6838,4,0,0,,,,,,False,1.0,0.0,25.0,2.0,0.0,1.0,7.0,0.92,0.0,"LINESTRING (-116.199774 43.629205, -116.19929 43.629205)"
2719,8223171280,8223342655,0,nan,footway,39.5,43.6292,-116.2002,0.0315,1.0,4.2508,4,0,0,,,,,,False,1.0,0.0,25.0,2.0,0.0,1.0,7.0,0.92,0.0,"LINESTRING (-116.19998 43.629205, -116.200471 43.629206)"
2720,8223171280,8223285567,0,nan,footway,37.7,43.6292,-116.2007,0.01,1.0,4.6473,1,0,0,,,,,,False,1.0,0.0,25.0,2.0,0.0,1.0,7.0,0.92,0.0234,"LINESTRING (-116.200939 43.629206, -116.200471 43.629206)"
2721,8223171282,8223285533,0,nan,footway,39.1,43.6292,-116.2014,0.0244,1.0,4.6502,0,0,2,,,,,,False,1.0,0.0,25.0,2.0,0.0,1.0,7.0,0.92,0.1842,"LINESTRING (-116.20116 43.629206, -116.201645 43.629207)"
2722,8223171282,8223285502,0,nan,footway,37.9,43.6292,-116.2019,0.0256,1.0,4.9182,0,0,2,,,,,,False,1.0,0.0,25.0,2.0,0.0,1.0,7.0,0.92,0.1896,"LINESTRING (-116.202116 43.629207, -116.201645 43.629207)"
2723,8223171284,8223285466,0,nan,footway,39.0,43.6292,-116.2026,0.0084,1.0,5.8088,3,0,2,,,,,,False,1.0,0.0,25.0,2.0,0.0,1.0,7.0,0.92,0.1002,"LINESTRING (-116.202326 43.629207, -116.20281 43.629208)"
2724,8223171284,8223171401,0,nan,footway,39.0,43.6292,-116.2031,0.0264,1.0,0.0,10,4,2,,,,,,False,1.0,0.0,25.0,2.0,0.0,1.0,7.0,0.92,0.0703,"LINESTRING (-116.203294 43.629208, -116.20281 43.629208)"
2725,8223171286,8223171287,0,nan,footway,42.3,43.6292,-116.2037,0.0131,1.0,2.2712,10,4,2,,,,,,False,1.0,0.0,25.0,2.0,0.0,1.0,6.0,0.92,0.1896,"LINESTRING (-116.20399 43.629209, -116.203464 43.629208)"
2726,8223171286,8223343130,0,nan,footway,82.5,43.6288,-116.2035,0.1997,1.0,4.2756,11,4,2,,,,,,False,1.0,0.0,25.0,2.0,0.0,1.0,8.0,0.92,0.3063,"LINESTRING (-116.203464 43.628466, -116.203464 43.629208)"
2727,8223171287,8223285104,0,nan,footway,40.0,43.6292,-116.2042,0.0814,1.0,4.6403,7,4,2,,,,,,False,1.0,0.0,25.0,2.0,0.0,1.0,6.0,0.92,0.2957,"LINESTRING (-116.204487 43.629209, -116.20399 43.629209)"
2728,8223171289,8223284973,0,nan,footway,39.5,43.6292,-116.2049,0.0175,1.0,4.4755,0,0,2,,,,,,False,1.0,0.0,25.0,2.0,0.0,1.0,6.0,0.92,0.1782,"LINESTRING (-116.204686 43.629209, -116.205177 43.62921)"
2729,8223171289,8223171290,0,nan,footway,41.4,43.6292,-116.2054,0.0118,1.0,5.0815,0,0,3,,,,,,False,1.0,0.0,25.0,2.0,0.0,1.0,7.0,0.92,0.2403,"LINESTRING (-116.205691 43.62921, -116.205177 43.62921)"
2730,8223171290,8223343136,0,nan,footway,82.6,43.6288,-116.2057,0.0184,1.0,5.1824,1,0,2,,,,,,False,1.0,0.0,25.0,2.0,0.0,1.0,8.0,0.92,0.1427,"LINESTRING (-116.205692 43.628467, -116.205691 43.62921)"
2731,8223171292,8223343137,0,nan,footway,82.6,43.6288,-116.206,0.0644,1.0,5.0003,1,0,2,,,,,,False,1.0,0.0,25.0,2.0,0.0,1.0,12.0,0.92,0.1575,"LINESTRING (-116.205959 43.628467, -116.205958 43.62921)"
2732,8223171292,8223171293,0,nan,footway,39.0,43.6292,-116.2062,0.1147,1.0,5.7729,0,0,3,,,,,,False,1.0,0.0,25.0,2.0,0.0,1.0,6.0,0.92,0.2917,"LINESTRING (-116.206443 43.62921, -116.205958 43.62921)"
2733,8223171293,8223171294,0,nan,footway,41.0,43.6292,-116.2067,0.0132,1.0,4.8848,0,0,2,,,,,,False,1.0,0.0,25.0,2.0,0.0,1.0,7.0,0.92,0.1841,"LINESTRING (-116.206952 43.629211, -116.206443 43.62921)"
2734,8223171294,8223343139,0,nan,footway,82.7,43.6288,-116.207,0.0083,1.0,5.5638,0,0,2,,,,,,False,1.0,0.0,25.0,2.0,0.0,1.0,8.0,0.92,0.1937,"LINESTRING (-116.206952 43.628467, -116.206952 43.629211)"
2735,8223171296,8223343141,0,nan,footway,82.7,43.6288,-116.2071,0.016,1.0,6.052,0,0,2,,,,,,False,1.0,0.0,25.0,2.0,0.0,1.0,10.0,0.92,0.2042,"LINESTRING (-116.207146 43.628467, -116.207144 43.629211)"
2736,8223171296,8223171297,0,nan,footway,39.9,43.6292,-116.2074,0.016,1.0,4.7034,0,0,2,,,,,,False,1.0,0.0,25.0,2.0,0.0,1.0,6.0,0.92,0.1819,"LINESTRING (-116.20764 43.629211, -116.207144 43.629211)"
2737,8223171297,8223171298,0,nan,footway,42.1,43.6292,-116.2079,0.0277,1.0,4.6654,1,0,2,,,,,,False,1.0,0.0,25.0,2.0,0.0,1.0,9.0,0.92,0.1371,"LINESTRING (-116.208164 43.629212, -116.20764 43.629211)"
2738,8223171298,8223343143,0,nan,footway,82.7,43.6288,-116.2082,0.038,1.0,4.3828,1,0,2,,,,,,False,1.0,0.0,25.0,2.0,0.0,1.0,12.0,0.92,0.1358,"LINESTRING (-116.208165 43.628468, -116.208164 43.629212)"
2739,8223171298,8223171301,0,nan,footway,27.4,43.6292,-116.2083,0.1703,0.5,4.9214,1,0,2,,,,,,False,1.0,0.0,25.0,2.0,0.0,1.0,8.0,0.92,0.3609,"LINESTRING (-116.208504 43.629212, -116.208437 43.629212, -116.208371 43.629212, -116.208252 43.629212, -116.208213 43.629212, -116.208164 43.629212)"
2740,8223171301,8223171302,0,nan,footway,39.1,43.6292,-116.2087,0.0071,1.0,4.9214,1,0,2,,,,,,False,1.0,0.0,25.0,2.0,0.0,1.0,8.0,0.92,0.1337,"LINESTRING (-116.20899 43.629212, -116.208504 43.629212)"
2741,8223171301,8223343146,0,nan,footway,82.8,43.6288,-116.2085,0.0172,1.0,5.3835,1,0,2,,,,,,False,1.0,0.0,25.0,2.0,0.0,1.0,16.0,0.92,0.1455,"LINESTRING (-116.208505 43.628468, -116.208504 43.629212)"
2742,8223171302,8223171303,0,nan,footway,41.1,43.6292,-116.2092,0.011,1.0,4.3168,1,0,2,,,,,,False,1.0,0.0,25.0,2.0,0.0,1.0,7.0,0.92,0.124,"LINESTRING (-116.2095 43.629213, -116.20899 43.629212)"
2743,8223171303,8223343148,0,nan,footway,82.8,43.6288,-116.2095,0.0174,1.0,5.1913,0,0,2,,,,,,False,1.0,0.0,25.0,2.0,0.0,1.0,8.0,0.92,0.1911,"LINESTRING (-116.209502 43.628468, -116.2095 43.629213)"
2744,8223171305,8223343150,0,nan,footway,82.8,43.6288,-116.2097,0.0075,1.0,4.5239,0,0,2,,,,,,False,1.0,0.0,25.0,2.0,0.0,1.0,12.0,0.92,0.1753,"LINESTRING (-116.209697 43.628468, -116.209695 43.629213)"
2745,8223171305,8223171306,0,nan,footway,39.2,43.6292,-116.2099,0.0179,1.0,5.2109,0,0,2,,,,,,False,1.0,0.0,25.0,2.0,0.0,1.0,6.0,0.92,0.1916,"LINESTRING (-116.210183 43.629213, -116.209695 43.629213)"
2746,8223171306,8223171307,0,nan,footway,44.0,43.6292,-116.2105,0.0426,1.0,3.8447,0,0,2,,,,,,False,1.0,0.0,25.0,2.0,0.0,1.0,7.0,0.92,0.1752,"LINESTRING (-116.210729 43.629214, -116.210183 43.629213)"
2747,8223171307,8223343152,0,nan,footway,82.9,43.6288,-116.2107,0.0171,1.0,4.5963,0,0,1,,,,,,False,1.0,0.0,25.0,2.0,0.0,1.0,8.0,0.92,0.1272,"LINESTRING (-116.21073 43.628469, -116.210729 43.629214)"
2748,8223171308,8223343153,0,North 18th Street,residential,82.9,43.6288,-116.2108,0.0127,0.2,5.3625,0,0,1,,,,,,False,0.0,2.0,20.0,2.0,0.143,0.5,8.0,0.943,0.4006,"LINESTRING (-116.210847 43.628469, -116.210847 43.629214)"
2749,8223171309,8223343154,0,nan,footway,82.9,43.6288,-116.211,0.0056,1.0,4.7999,0,0,0,,,,,,False,1.0,0.0,25.0,2.0,0.0,1.0,8.0,0.92,0.0732,"LINESTRING (-116.210997 43.628469, -116.210995 43.629214)"
2750,8223171309,8223171310,0,nan,footway,42.6,43.6292,-116.2113,0.0035,1.0,3.4036,0,0,0,,,,,,False,1.0,0.0,25.0,2.0,0.0,1.0,6.0,0.92,0.0435,"LINESTRING (-116.211525 43.629214, -116.210995 43.629214)"
2751,8223171310,8223171311,0,nan,footway,41.1,43.6292,-116.2118,0.0138,1.0,4.189,0,0,0,,,,,,False,1.0,0.0,25.0,2.0,0.0,1.0,6.0,0.92,0.0647,"LINESTRING (-116.212035 43.629215, -116.211525 43.629214)"
2752,8223171311,8223343156,0,nan,footway,82.9,43.6288,-116.212,0.0236,1.0,5.3582,0,0,0,,,,,,False,1.0,0.0,25.0,2.0,0.0,1.0,8.0,0.92,0.0899,"LINESTRING (-116.212041 43.628469, -116.212035 43.629215)"
2753,8223171312,8223343157,0,North 19th Street,residential,82.9,43.6288,-116.2121,0.0413,1.0,5.3582,0,0,0,,,,,,False,0.0,2.0,20.0,2.0,0.143,0.5,8.0,0.943,0.0968,"LINESTRING (-116.212112 43.628469, -116.212113 43.629215)"
2754,8223171313,8223343158,0,nan,footway,82.9,43.6288,-116.2122,0.0397,1.0,5.4089,0,0,0,,,,,,False,1.0,0.0,25.0,2.0,0.0,1.0,12.0,0.92,0.097,"LINESTRING (-116.212227 43.628469, -116.212226 43.629215)"
2755,8223171313,8223171314,0,nan,footway,39.4,43.6292,-116.2125,0.0178,1.0,5.8766,0,0,0,,,,,,False,1.0,0.0,25.0,2.0,0.0,1.0,6.0,0.92,0.0958,"LINESTRING (-116.212715 43.629215, -116.212226 43.629215)"
2756,8223171314,8223171315,0,nan,footway,43.1,43.6292,-116.213,0.0,1.0,7.1827,0,0,0,,,,,,False,1.0,0.0,25.0,2.0,0.0,1.0,7.0,0.92,0.1071,"LINESTRING (-116.213251 43.629216, -116.212715 43.629215)"
2757,8223171315,8223343160,0,nan,footway,83.0,43.6288,-116.2133,0.0069,1.0,6.5593,0,0,2,,,,,,False,1.0,0.0,25.0,2.0,0.0,1.0,8.0,0.92,0.208,"LINESTRING (-116.213251 43.628469, -116.213251 43.629216)"
2758,8223171316,8223343161,0,North 20th Street,residential,83.0,43.6288,-116.2133,0.0119,1.0,4.9635,0,0,2,,,,,,False,0.0,2.0,20.0,2.0,0.143,0.5,8.0,0.943,0.185,"LINESTRING (-116.213336 43.628469, -116.213336 43.629216)"
2759,8223171318,8223285230,0,nan,footway,40.6,43.6292,-116.2137,0.0,1.0,5.5159,0,0,2,,,,,,False,1.0,0.0,25.0,2.0,0.0,1.0,6.0,0.92,0.1897,"LINESTRING (-116.213426 43.629216, -116.213931 43.629216)"
2760,8223171318,8223285224,0,nan,footway,40.8,43.6292,-116.2142,0.0113,1.0,4.7594,0,0,2,,,,,,False,1.0,0.0,25.0,2.0,0.0,1.0,6.0,0.92,0.1811,"LINESTRING (-116.214438 43.629217, -116.213931 43.629216)"
2761,8223171320,8223284898,0,nan,footway,42.2,43.6292,-116.2149,0.0248,1.0,3.7847,0,0,2,,,,,,False,1.0,0.0,25.0,2.0,0.0,1.0,6.0,0.92,0.167,"LINESTRING (-116.214602 43.629217, -116.215126 43.629217)"
2762,8223171320,8223342508,0,nan,footway,41.4,43.6292,-116.2154,0.1257,1.0,4.4015,0,0,2,,,,,,False,1.0,0.0,25.0,2.0,0.0,1.0,6.0,0.92,0.219,"LINESTRING (-116.21564 43.629218, -116.215126 43.629217)"
2763,8223171321,8228573520,0,North 22nd Street,residential,96.7,43.6288,-116.2157,0.0431,1.0,5.8194,0,0,2,,,,,,False,0.0,2.0,20.0,2.0,0.143,0.5,7.0,0.943,0.2113,"LINESTRING (-116.215734 43.628349, -116.215732 43.629218)"
2764,8223171322,8223171323,0,nan,footway,40.2,43.6292,-116.2161,0.0141,1.0,4.5812,0,0,2,,,,,,False,1.0,0.0,25.0,2.0,0.0,1.0,6.0,0.92,0.179,"LINESTRING (-116.216321 43.629218, -116.215822 43.629218)"
2765,8223171322,8228573521,0,nan,footway,90.8,43.6288,-116.2158,0.0178,1.0,6.2705,0,0,2,,,,,,False,1.0,0.0,25.0,2.0,0.0,1.0,8.0,0.92,0.2081,"LINESTRING (-116.21581 43.628402, -116.215812 43.628424, -116.215822 43.629218)"
2766,8223171324,8223171348,0,nan,footway,32.8,43.6228,-116.1953,0.063,1.0,5.0886,0,0,2,,,,,,False,1.0,0.0,25.0,2.0,0.0,1.0,6.0,0.92,0.2071,"LINESTRING (-116.195318 43.622997, -116.195318 43.622701)"
2767,8223171325,8223171545,0,nan,footway,45.7,43.6293,-116.1955,0.0316,1.0,3.0827,1,0,0,,,,,,False,1.0,0.0,25.0,2.0,0.0,1.0,5.0,0.92,0.0,"LINESTRING (-116.195772 43.629349, -116.195318 43.629349, -116.195318 43.629318, -116.195318 43.629267)"
2768,8223171326,8223343103,0,nan,footway,82.1,43.6288,-116.1953,0.0228,1.0,3.9039,1,0,0,,,,,,False,1.0,0.0,25.0,2.0,0.0,1.0,10.0,0.92,0.0136,"LINESTRING (-116.195318 43.628463, -116.195318 43.629202)"
2769,8223171329,8223342937,0,nan,footway,81.9,43.6271,-116.1953,0.0206,1.0,5.1405,0,0,0,,,,,,False,1.0,0.0,25.0,2.0,0.0,1.0,12.0,0.92,0.0851,"LINESTRING (-116.195318 43.627442, -116.195318 43.626706)"
2770,8223171331,8223343076,0,nan,footway,82.6,43.6262,-116.1953,0.0389,1.0,5.6371,0,0,0,,,,,,False,1.0,0.0,25.0,2.0,0.0,1.0,12.0,0.92,0.1003,"LINESTRING (-116.195318 43.625823, -116.195318 43.626566)"
2771,8223171339,8223285454,0,nan,footway,94.6,43.6245,-116.2028,0.0357,0.8333,4.7383,5,0,2,,,,,,False,1.0,0.0,25.0,2.0,0.0,1.0,16.0,0.92,0.1189,"LINESTRING (-116.202355 43.624282, -116.203325 43.624762)"
2772,8223171340,8223285476,0,nan,footway,78.3,43.6248,-116.2028,0.1127,1.0,4.4524,2,0,2,,,,,,False,1.0,0.0,25.0,2.0,0.0,1.0,11.0,0.92,0.1378,"LINESTRING (-116.202349 43.624784, -116.203322 43.624785)"
2773,8223171341,8225216605,0,nan,footway,140.6,43.6248,-116.1931,0.048,1.0,5.0292,1,0,0,,,,,,False,1.0,0.0,25.0,2.0,0.0,1.0,4.0,0.92,0.0451,"LINESTRING (-116.193934 43.624776, -116.192187 43.624776)"
2774,8223171342,8225216588,0,nan,footway,44.2,43.623,-116.1948,0.0156,1.0,5.814,0,0,1,,,,,,False,1.0,0.0,25.0,2.0,0.0,1.0,7.0,0.92,0.1472,"LINESTRING (-116.195117 43.622997, -116.194568 43.622998)"
2775,8223171342,8223342950,0,nan,footway,32.2,43.623,-116.1944,0.0236,1.0,5.0623,0,0,1,,,,,,False,1.0,0.0,25.0,2.0,0.0,1.0,5.0,0.92,0.1381,"LINESTRING (-116.194167 43.622999, -116.194568 43.622998)"
2776,8223171344,8223343002,0,North 6th Street,residential,82.0,43.6244,-116.1952,0.0162,1.0,4.4658,1,0,1,,,,,,False,0.0,2.0,25.0,2.0,0.179,0.5,8.0,0.881,0.0756,"LINESTRING (-116.195203 43.62404, -116.195202 43.62476, -116.195202 43.624778)"
2777,8223171346,8223342959,0,nan,footway,37.4,43.6248,-116.1944,0.0111,1.0,3.9638,2,0,0,,,,,,False,1.0,0.0,25.0,2.0,0.0,1.0,7.0,0.92,0.0,"LINESTRING (-116.194159 43.624776, -116.194623 43.624777)"
2778,8223171346,8225216582,0,nan,footway,39.3,43.6248,-116.1949,0.0622,1.0,4.1422,2,0,0,,,,,,False,1.0,0.0,25.0,2.0,0.0,1.0,7.0,0.92,0.0055,"LINESTRING (-116.195111 43.624777, -116.194623 43.624777)"
2779,8223171347,8223171350,0,nan,footway,37.7,43.6248,-116.1956,0.0123,1.0,2.6643,1,0,1,,,,,,False,1.0,0.0,25.0,2.0,0.0,1.0,7.0,0.92,0.0322,"LINESTRING (-116.195786 43.624778, -116.195318 43.624778)"
2780,8223171347,8223343003,0,nan,footway,82.0,43.6244,-116.1953,0.0128,1.0,4.5587,1,0,1,,,,,,False,1.0,0.0,25.0,2.0,0.0,1.0,12.0,0.92,0.0761,"LINESTRING (-116.195318 43.62404, -116.195318 43.624778)"
2781,8223171348,8223171349,0,nan,footway,38.4,43.623,-116.1956,0.0436,1.0,5.0886,0,0,2,,,,,,False,1.0,0.0,25.0,2.0,0.0,1.0,7.0,0.92,0.1996,"LINESTRING (-116.195796 43.622996, -116.195782 43.622996, -116.195318 43.622997)"
2782,8223171349,8223328304,0,nan,footway,38.1,43.623,-116.196,0.0831,1.0,4.9757,0,0,2,,,,,,False,1.0,0.0,25.0,2.0,0.0,1.0,7.0,0.92,0.213,"LINESTRING (-116.19627 43.622995, -116.195837 43.622996, -116.195796 43.622996)"
2783,8223171350,8223328301,0,nan,footway,38.7,43.6248,-116.196,0.0835,1.0,4.6404,0,0,1,,,,,,False,1.0,0.0,25.0,2.0,0.0,1.0,7.0,0.92,0.1539,"LINESTRING (-116.196267 43.624779, -116.195786 43.624778)"
2784,8223171351,8333940190,0,North 7th Street,residential,41.5,43.6228,-116.1964,0.0442,1.0,5.2214,0,0,2,,,,,,False,0.0,2.0,25.0,2.0,0.179,0.5,4.0,0.881,0.2021,"LINESTRING (-116.196363 43.622622, -116.196363 43.62298, -116.196363 43.622995)"
2785,8223171352,9501589548,0,North 7th Street,residential,40.2,43.6246,-116.1964,0.0492,1.0,5.9317,0,0,1,,,,,,False,0.0,2.0,25.0,2.0,0.179,0.5,5.0,0.881,0.1621,"LINESTRING (-116.196363 43.624417, -116.196364 43.624779)"
2786,8223171353,8223342424,0,nan,footway,38.6,43.6248,-116.1967,0.0187,1.0,0.0,0,0,1,,,,,,False,1.0,0.0,25.0,2.0,0.0,1.0,7.0,0.92,0.0,"LINESTRING (-116.196493 43.624779, -116.196973 43.624779)"
2787,8223171353,8223343186,0,nan,footway,40.7,43.6248,-116.1972,0.0788,1.0,5.6193,0,0,2,,,,,,False,1.0,0.0,25.0,2.0,0.0,1.0,8.0,0.92,0.2221,"LINESTRING (-116.197478 43.62478, -116.196973 43.624779)"
2788,8223171354,8223343192,0,nan,footway,39.8,43.623,-116.1972,0.019,1.0,5.5792,3,0,2,,,,,,False,1.0,0.0,25.0,2.0,0.0,1.0,8.0,0.92,0.1008,"LINESTRING (-116.197471 43.622998, -116.197022 43.622994, -116.196976 43.622994)"
2789,8223171354,8223342428,0,nan,footway,38.3,43.623,-116.1967,0.0119,1.0,6.2795,0,0,2,,,,,,False,1.0,0.0,25.0,2.0,0.0,1.0,6.0,0.92,0.2059,"LINESTRING (-116.1965 43.622995, -116.196962 43.622994, -116.196976 43.622994)"
2790,8223171358,8223343010,0,nan,footway,82.0,43.6244,-116.1977,0.0482,1.0,5.0467,2,0,2,,,,,,False,1.0,0.0,25.0,2.0,0.0,1.0,13.0,0.92,0.1235,"LINESTRING (-116.197689 43.624042, -116.197683 43.62478)"
2791,8223171358,8223171362,0,nan,footway,36.4,43.6248,-116.1979,0.0082,1.0,4.8731,1,0,2,,,,,,False,1.0,0.0,25.0,2.0,0.0,1.0,7.0,0.92,0.1333,"LINESTRING (-116.198135 43.62478, -116.197683 43.62478)"
2792,8223171359,8223285415,0,nan,footway,65.9,43.623,-116.1982,0.0247,1.0,5.4354,3,0,2,,,,,,False,1.0,0.0,25.0,2.0,0.0,1.0,11.0,0.92,0.1006,"LINESTRING (-116.198635 43.622991, -116.197816 43.622992)"
2793,8223171361,8223343013,0,North 9th Street,residential,82.0,43.6244,-116.1987,0.0394,1.0,4.5025,2,0,4,,,,,,False,0.0,2.0,25.0,2.0,0.179,0.5,8.0,0.881,0.2166,"LINESTRING (-116.198749 43.624043, -116.198745 43.624781)"
2794,8223171362,8223285412,0,nan,footway,39.6,43.6248,-116.1984,0.0475,1.0,4.0529,2,0,3,,,,,,False,1.0,0.0,25.0,2.0,0.0,1.0,7.0,0.92,0.1576,"LINESTRING (-116.198627 43.624781, -116.198135 43.62478)"
2795,8223171363,8223342975,0,nan,footway,27.6,43.623,-116.1988,0.0267,1.0,0.0,0,0,3,,,,,,False,1.0,0.0,25.0,2.0,0.0,1.0,5.0,0.92,0.0566,"LINESTRING (-116.198845 43.62314, -116.198846 43.62299, -116.198846 43.622892)"
2796,8223171364,8223285440,0,nan,footway,39.1,43.6248,-116.1991,0.2387,1.0,4.7563,2,0,4,,,,,,False,1.0,0.0,25.0,2.0,0.0,1.0,6.0,0.92,0.299,"LINESTRING (-116.198837 43.624781, -116.199323 43.624781)"
2797,8223171364,8223342709,0,nan,footway,38.1,43.6248,-116.1996,0.0671,1.0,3.6803,1,0,4,,,,,,False,1.0,0.0,25.0,2.0,0.0,1.0,7.0,0.92,0.2389,"LINESTRING (-116.199796 43.624782, -116.199323 43.624781)"
2798,8223171370,8225216606,0,nan,footway,134.5,43.6249,-116.1931,0.0186,1.0,4.4477,1,0,0,,,,,,False,1.0,0.0,25.0,2.0,0.0,1.0,5.0,0.92,0.023,"LINESTRING (-116.193934 43.624931, -116.192263 43.624929)"
2799,8223171371,8223171409,0,nan,footway,181.5,43.6258,-116.2033,0.1264,1.0,5.3246,2,0,4,,,,,,False,1.0,0.0,25.0,2.0,0.0,1.0,12.0,0.92,0.2651,"LINESTRING (-116.203296 43.626571, -116.203296 43.624939)"
2800,8223171371,8223171387,0,nan,footway,38.8,43.6249,-116.2031,0.0457,1.0,4.2259,2,0,2,,,,,,False,1.0,0.0,25.0,2.0,0.0,1.0,7.0,0.92,0.1072,"LINESTRING (-116.202814 43.624938, -116.203296 43.624939)"
2801,8223171373,8225216580,0,nan,footway,39.2,43.6249,-116.1949,0.0258,1.0,5.512,2,0,0,,,,,,False,1.0,0.0,25.0,2.0,0.0,1.0,7.0,0.92,0.0161,"LINESTRING (-116.19511 43.624932, -116.194623 43.624931)"
2802,8223171373,8223342957,0,nan,footway,37.5,43.6249,-116.1944,0.0083,1.0,6.0344,2,0,0,,,,,,False,1.0,0.0,25.0,2.0,0.0,1.0,7.0,0.92,0.0173,"LINESTRING (-116.194158 43.624931, -116.194623 43.624931)"
2803,8223171374,8223343050,0,North 6th Street,residential,82.2,43.6253,-116.1952,0.0103,1.0,4.9054,1,0,0,,,,,,False,0.0,2.0,25.0,2.0,0.179,0.5,8.0,0.881,0.0282,"LINESTRING (-116.195197 43.625671, -116.195201 43.624954, -116.195202 43.624932)"
2804,8223171375,8223171376,0,nan,footway,37.7,43.6249,-116.1956,0.0081,1.0,4.0571,1,0,1,,,,,,False,1.0,0.0,25.0,2.0,0.0,1.0,7.0,0.92,0.0643,"LINESTRING (-116.195786 43.624932, -116.195318 43.624932)"
2805,8223171375,8223343051,0,nan,footway,82.2,43.6253,-116.1953,0.0108,1.0,5.1228,1,0,0,,,,,,False,1.0,0.0,25.0,2.0,0.0,1.0,12.0,0.92,0.0322,"LINESTRING (-116.195318 43.625671, -116.195318 43.624932)"
2806,8223171376,8223328300,0,nan,footway,38.7,43.6249,-116.196,0.0303,1.0,4.4856,0,0,1,,,,,,False,1.0,0.0,25.0,2.0,0.0,1.0,7.0,0.92,0.1302,"LINESTRING (-116.196267 43.624933, -116.195786 43.624932)"
2807,8223171377,10687466429,0,North 7th Street,residential,40.8,43.6251,-116.1964,0.0125,1.0,5.2171,1,0,1,,,,,,False,0.0,2.0,25.0,2.0,0.179,0.5,5.0,0.881,0.0877,"LINESTRING (-116.196364 43.625299, -116.196364 43.624933)"
2808,8223171378,8223343184,0,nan,footway,40.6,43.6249,-116.1972,0.027,1.0,5.2355,0,0,1,,,,,,False,1.0,0.0,25.0,2.0,0.0,1.0,7.0,0.92,0.1424,"LINESTRING (-116.197478 43.624934, -116.196973 43.624933)"
2809,8223171378,8223342422,0,nan,footway,38.7,43.6249,-116.1967,0.0111,1.0,4.646,0,0,1,,,,,,False,1.0,0.0,25.0,2.0,0.0,1.0,6.0,0.92,0.1257,"LINESTRING (-116.196492 43.624933, -116.196973 43.624933)"
2810,8223171380,8223343058,0,nan,footway,82.2,43.6253,-116.1977,0.0467,1.0,5.5728,0,0,1,,,,,,False,1.0,0.0,25.0,2.0,0.0,1.0,12.0,0.92,0.1556,"LINESTRING (-116.197675 43.625673, -116.197682 43.624934)"
2811,8223171380,8223171381,0,nan,footway,36.5,43.6249,-116.1979,0.004,1.0,4.2971,1,0,2,,,,,,False,1.0,0.0,25.0,2.0,0.0,1.0,7.0,0.92,0.1208,"LINESTRING (-116.198135 43.624934, -116.197682 43.624934)"
2812,8223171381,8223285410,0,nan,footway,39.6,43.6249,-116.1984,0.0298,1.0,3.7155,2,0,3,,,,,,False,1.0,0.0,25.0,2.0,0.0,1.0,7.0,0.92,0.1434,"LINESTRING (-116.198626 43.624935, -116.198135 43.624934)"
2813,8223171384,8223285577,0,nan,footway,37.8,43.6249,-116.2007,0.0291,1.0,5.3477,1,0,4,,,,,,False,1.0,0.0,25.0,2.0,0.0,1.0,5.0,0.92,0.2561,"LINESTRING (-116.200963 43.624937, -116.200492 43.624936)"
2814,8223171384,8223342665,0,nan,footway,39.9,43.6249,-116.2002,0.0088,1.0,0.0,1,0,4,,,,,,False,1.0,0.0,25.0,2.0,0.0,1.0,6.0,0.92,0.0541,"LINESTRING (-116.199996 43.624936, -116.200492 43.624936)"
2815,8223171387,8223285474,0,nan,footway,37.5,43.6249,-116.2026,0.022,1.0,5.6673,2,0,2,,,,,,False,1.0,0.0,25.0,2.0,0.0,1.0,7.0,0.92,0.1235,"LINESTRING (-116.202348 43.624938, -116.202814 43.624938)"
2816,8223171401,8223343128,0,nan,footway,82.5,43.6288,-116.2033,0.0705,1.0,4.8658,12,4,2,,,,,,False,1.0,0.0,25.0,2.0,0.0,1.0,12.0,0.92,0.2615,"LINESTRING (-116.203294 43.628466, -116.203294 43.629208)"
2817,8223171404,8223342889,0,nan,footway,82.5,43.628,-116.2033,0.2231,1.0,4.6148,2,0,4,,,,,,False,1.0,0.0,25.0,2.0,0.0,1.0,12.0,0.92,0.2903,"LINESTRING (-116.203294 43.628328, -116.203295 43.627586)"
2818,8223171406,8223171407,0,nan,footway,82.5,43.6271,-116.2033,0.0686,1.0,5.3676,0,0,4,,,,,,False,1.0,0.0,25.0,2.0,0.0,1.0,12.0,0.92,0.3205,"LINESTRING (-116.203295 43.62671, -116.203295 43.627452)"
2819,8223171545,8223328291,0,nan,footway,39.3,43.6293,-116.196,0.0247,1.0,3.2557,0,0,0,,,,,,False,1.0,0.0,25.0,2.0,0.0,1.0,7.0,0.92,0.0482,"LINESTRING (-116.196261 43.629349, -116.195772 43.629349)"
2820,8223171547,8223328313,0,nan,footway,39.3,43.6293,-116.1967,0.0082,1.0,5.579,0,0,0,,,,,,False,1.0,0.0,25.0,2.0,0.0,1.0,7.0,0.92,0.0875,"LINESTRING (-116.196476 43.629349, -116.196964 43.629349)"
2821,8223171547,8223343169,0,nan,footway,39.4,43.6293,-116.1972,0.0114,1.0,4.5958,0,0,0,,,,,,False,1.0,0.0,25.0,2.0,0.0,1.0,7.0,0.92,0.0717,"LINESTRING (-116.197453 43.62935, -116.196964 43.629349)"
2822,8223171549,8223171550,0,nan,footway,39.0,43.6293,-116.1979,0.0179,1.0,4.9197,0,0,0,,,,,,False,1.0,0.0,25.0,2.0,0.0,1.0,7.0,0.92,0.0802,"LINESTRING (-116.198126 43.62935, -116.197641 43.62935)"
2823,8223171550,8223285401,0,nan,footway,38.8,43.6293,-116.1984,0.0749,1.0,3.6075,0,0,0,,,,,,False,1.0,0.0,25.0,2.0,0.0,1.0,7.0,0.92,0.0761,"LINESTRING (-116.198608 43.62935, -116.198126 43.62935)"
2824,8223171552,8223285428,0,nan,footway,38.2,43.6293,-116.1991,0.0279,1.0,0.0,2,0,0,,,,,,False,1.0,0.0,25.0,2.0,0.0,1.0,7.0,0.92,0.0,"LINESTRING (-116.198815 43.62935, -116.199289 43.62935)"
2825,8223171552,8223342694,0,nan,footway,39.0,43.6294,-116.1995,0.0275,1.0,3.9451,2,0,0,,,,,,False,1.0,0.0,25.0,2.0,0.0,1.0,7.0,0.92,0.0,"LINESTRING (-116.199774 43.62935, -116.199289 43.62935)"
2826,8223171554,8223342653,0,nan,footway,39.5,43.6294,-116.2002,0.1133,1.0,4.2093,2,0,0,,,,,,False,1.0,0.0,25.0,2.0,0.0,1.0,7.0,0.92,0.0267,"LINESTRING (-116.19998 43.62935, -116.200471 43.62935)"
2827,8223171554,8223285565,0,nan,footway,37.6,43.6294,-116.2007,0.0163,1.0,4.0099,0,0,0,,,,,,False,1.0,0.0,25.0,2.0,0.0,1.0,7.0,0.92,0.062,"LINESTRING (-116.200938 43.62935, -116.200471 43.62935)"
2828,8223171556,8223285531,0,nan,footway,39.1,43.6294,-116.2014,0.0586,1.0,5.1347,0,0,2,,,,,,False,1.0,0.0,25.0,2.0,0.0,1.0,7.0,0.92,0.2062,"LINESTRING (-116.201159 43.62935, -116.201644 43.629351)"
2829,8223171556,8223285497,0,nan,footway,37.9,43.6294,-116.2019,0.0809,1.0,4.4597,0,0,2,,,,,,False,1.0,0.0,25.0,2.0,0.0,1.0,7.0,0.92,0.2027,"LINESTRING (-116.202115 43.629351, -116.201644 43.629351)"
2830,8223171558,8223285464,0,nan,footway,38.9,43.6294,-116.2026,0.0142,1.0,5.4057,5,0,2,,,,,,False,1.0,0.0,25.0,2.0,0.0,1.0,7.0,0.92,0.0676,"LINESTRING (-116.202325 43.629351, -116.202809 43.629351)"
2831,8223171558,8223171559,0,nan,footway,39.0,43.6294,-116.2031,0.4633,1.0,5.4752,13,6,2,,,,,,False,1.0,0.0,25.0,2.0,0.0,1.0,8.0,0.92,0.469,"LINESTRING (-116.203294 43.629351, -116.202809 43.629351)"
2832,8223171561,8223171562,0,nan,footway,42.3,43.6294,-116.2037,0.0755,1.0,5.1941,13,6,2,,,,,,False,1.0,0.0,25.0,2.0,0.0,1.0,8.0,0.92,0.3132,"LINESTRING (-116.20399 43.629351, -116.20397 43.629351, -116.203464 43.629351)"
2833,8223171562,8223285102,0,nan,footway,40.0,43.6294,-116.2042,0.0224,1.0,5.7489,8,6,3,,,,,,False,1.0,0.0,25.0,2.0,0.0,1.0,6.0,0.92,0.3858,"LINESTRING (-116.204487 43.629351, -116.204024 43.629351, -116.20399 43.629351)"
2834,8223171564,8223284971,0,nan,footway,39.5,43.6294,-116.2049,0.0089,1.0,5.7039,0,0,3,,,,,,False,1.0,0.0,25.0,2.0,0.0,1.0,6.0,0.92,0.2494,"LINESTRING (-116.204685 43.629351, -116.205177 43.629351)"
2835,8223171564,8223171565,0,nan,footway,41.4,43.6294,-116.2054,0.0057,1.0,7.3126,0,0,3,,,,,,False,1.0,0.0,25.0,2.0,0.0,1.0,7.0,0.92,0.2707,"LINESTRING (-116.205691 43.629352, -116.205177 43.629351)"
2836,8223171567,8223171568,0,nan,footway,39.1,43.6294,-116.2062,0.0318,1.0,4.8913,0,0,3,,,,,,False,1.0,0.0,25.0,2.0,0.0,1.0,6.0,0.92,0.2447,"LINESTRING (-116.206444 43.629352, -116.205958 43.629352)"
2837,8223171568,8223171569,0,nan,footway,40.9,43.6294,-116.2067,0.0262,1.0,5.6115,0,0,3,,,,,,False,1.0,0.0,25.0,2.0,0.0,1.0,7.0,0.92,0.2547,"LINESTRING (-116.206952 43.629352, -116.206444 43.629352)"
2838,8223171571,8223171572,0,nan,footway,39.9,43.6294,-116.2074,0.0383,1.0,5.3724,0,0,2,,,,,,False,1.0,0.0,25.0,2.0,0.0,1.0,6.0,0.92,0.2023,"LINESTRING (-116.20764 43.629352, -116.207144 43.629352)"
2839,8223171572,8223171573,0,nan,footway,42.1,43.6294,-116.2079,0.0315,1.0,6.2958,1,0,2,,,,,,False,1.0,0.0,25.0,2.0,0.0,1.0,8.0,0.92,0.1652,"LINESTRING (-116.208163 43.629352, -116.20764 43.629352)"
2840,8223171573,8223171576,0,nan,footway,27.4,43.6294,-116.2083,0.268,0.5,6.4313,1,0,2,,,,,,False,1.0,0.0,25.0,2.0,0.0,1.0,8.0,0.92,0.4228,"LINESTRING (-116.208503 43.629352, -116.208439 43.629352, -116.208371 43.629352, -116.208252 43.629352, -116.208211 43.629352, -116.208163 43.629352)"
2841,8223171576,8223171577,0,nan,footway,39.1,43.6294,-116.2087,0.0073,1.0,4.4599,1,0,2,,,,,,False,1.0,0.0,25.0,2.0,0.0,1.0,8.0,0.92,0.1253,"LINESTRING (-116.208989 43.629352, -116.208503 43.629352)"
2842,8223171577,8223171578,0,nan,footway,41.1,43.6294,-116.2092,0.0231,1.0,4.4003,1,0,2,,,,,,False,1.0,0.0,25.0,2.0,0.0,1.0,7.0,0.92,0.1303,"LINESTRING (-116.2095 43.629352, -116.208989 43.629352)"
2843,8223171580,8223171581,0,nan,footway,39.3,43.6294,-116.2099,0.0482,1.0,4.1416,0,0,2,,,,,,False,1.0,0.0,25.0,2.0,0.0,1.0,6.0,0.92,0.1836,"LINESTRING (-116.210183 43.629353, -116.209695 43.629352)"
2844,8223171581,8223171582,0,nan,footway,44.0,43.6294,-116.2105,0.1419,1.0,4.9029,0,0,2,,,,,,False,1.0,0.0,25.0,2.0,0.0,1.0,7.0,0.92,0.2346,"LINESTRING (-116.210729 43.629353, -116.210183 43.629353)"
2845,8223171584,8223171585,0,nan,footway,42.7,43.6294,-116.2113,0.0044,1.0,4.6336,0,0,0,,,,,,False,1.0,0.0,25.0,2.0,0.0,1.0,6.0,0.92,0.0697,"LINESTRING (-116.211525 43.629353, -116.210995 43.629353)"
2846,8223171585,8223171586,0,nan,footway,41.0,43.6294,-116.2118,0.0299,1.0,4.5895,0,0,0,,,,,,False,1.0,0.0,25.0,2.0,0.0,1.0,6.0,0.92,0.0788,"LINESTRING (-116.212034 43.629353, -116.211525 43.629353)"
2847,8223171588,8223171589,0,nan,footway,39.4,43.6294,-116.2125,0.0392,1.0,4.4368,0,0,0,,,,,,False,1.0,0.0,25.0,2.0,0.0,1.0,6.0,0.92,0.0795,"LINESTRING (-116.212715 43.629353, -116.212225 43.629353)"
2848,8223171589,8223171590,0,nan,footway,43.1,43.6294,-116.213,0.0,1.0,4.2806,0,0,0,,,,,,False,1.0,0.0,25.0,2.0,0.0,1.0,7.0,0.92,0.0612,"LINESTRING (-116.213251 43.629353, -116.212715 43.629353)"
2849,8223171592,8223285232,0,nan,footway,40.6,43.6294,-116.2137,0.0,1.0,4.8732,0,0,2,,,,,,False,1.0,0.0,25.0,2.0,0.0,1.0,6.0,0.92,0.1788,"LINESTRING (-116.213426 43.629353, -116.213931 43.629354)"
2850,8223171592,8223285222,0,nan,footway,40.8,43.6294,-116.2142,0.0235,1.0,6.6205,0,0,2,,,,,,False,1.0,0.0,25.0,2.0,0.0,1.0,6.0,0.92,0.2153,"LINESTRING (-116.214438 43.629354, -116.213931 43.629354)"
2851,8223171595,8223284900,0,nan,footway,42.1,43.6294,-116.2149,0.0835,1.0,5.2606,0,0,2,,,,,,False,1.0,0.0,25.0,2.0,0.0,1.0,6.0,0.92,0.2181,"LINESTRING (-116.214602 43.629354, -116.215126 43.629354)"
2852,8223171595,8223342506,0,nan,footway,41.4,43.6294,-116.2154,0.0474,1.0,4.3004,0,0,2,,,,,,False,1.0,0.0,25.0,2.0,0.0,1.0,6.0,0.92,0.1865,"LINESTRING (-116.21564 43.629354, -116.215126 43.629354)"
2853,8223171597,8223171598,0,nan,footway,40.0,43.6294,-116.2161,0.0101,1.0,4.8575,0,0,2,,,,,,False,1.0,0.0,25.0,2.0,0.0,1.0,6.0,0.92,0.1825,"LINESTRING (-116.216321 43.629354, -116.215823 43.629354)"
2854,8223264808,8223264810,0,nan,footway,27.0,43.6248,-116.2036,0.3404,0.5,6.4619,1,0,2,,,,,,False,1.0,0.0,25.0,2.0,0.0,1.0,6.0,0.92,0.4515,"LINESTRING (-116.203694 43.624709, -116.203625 43.624786, -116.203539 43.624924)"
2855,8223264810,8223285146,0,nan,footway,42.1,43.6246,-116.2038,0.1199,1.0,5.8435,4,0,2,,,,,,False,1.0,0.0,25.0,2.0,0.0,1.0,8.0,0.92,0.1285,"LINESTRING (-116.203994 43.624398, -116.203694 43.624709)"
2856,8223264810,8223284861,0,nan,footway,93.9,43.625,-116.2042,0.111,1.0,6.0991,4,0,2,,,,,,False,1.0,0.0,25.0,2.0,0.0,1.0,10.0,0.92,0.1289,"LINESTRING (-116.20465 43.625193, -116.203694 43.624709)"
2857,8223264811,8223285478,0,nan,footway,94.1,43.6244,-116.203,0.0251,1.0,8.2176,5,0,2,,,,,,False,1.0,0.0,25.0,2.0,0.0,1.0,17.0,0.92,0.1101,"LINESTRING (-116.202518 43.624112, -116.203475 43.624598)"
2858,8223264811,8223285145,0,nan,footway,42.1,43.6244,-116.2036,0.0332,1.0,8.2176,3,0,2,,,,,,False,1.0,0.0,25.0,2.0,0.0,1.0,8.0,0.92,0.1417,"LINESTRING (-116.203776 43.624288, -116.203475 43.624598)"
2859,8223264813,8223284858,0,nan,footway,94.1,43.6234,-116.2074,0.0056,1.0,6.6252,29,2,5,,,,,,False,1.0,0.0,25.0,2.0,0.0,1.0,14.0,0.92,0.2899,"LINESTRING (-116.20693 43.623164, -116.207883 43.623654)"
2860,8223264813,8223284820,0,nan,footway,41.2,43.6238,-116.2077,0.0077,1.0,6.0933,20,0,5,,,,,,False,1.0,0.0,25.0,2.0,0.0,1.0,8.0,0.92,0.1475,"LINESTRING (-116.207598 43.623961, -116.207883 43.623654)"
2861,8223264815,8223284850,0,nan,footway,95.1,43.6256,-116.2054,0.176,1.0,5.7433,2,0,5,,,,,,False,1.0,0.0,25.0,2.0,0.0,1.0,11.0,0.92,0.3444,"LINESTRING (-116.204872 43.625305, -116.20584 43.625796)"
2862,8223264815,8223264816,0,nan,footway,42.1,43.6256,-116.206,0.1688,1.0,4.9311,1,0,6,,,,,,False,1.0,0.0,25.0,2.0,0.0,1.0,8.0,0.92,0.4099,"LINESTRING (-116.206138 43.625485, -116.20584 43.625796)"
2863,8223264816,8223284825,0,nan,footway,40.6,43.6253,-116.2063,0.2114,1.0,4.8734,8,0,6,,,,,,False,1.0,0.0,25.0,2.0,0.0,1.0,10.0,0.92,0.3198,"LINESTRING (-116.20642 43.625182, -116.206138 43.625485)"
2864,8223284818,8223284876,0,nan,footway,40.4,43.6246,-116.207,0.0067,1.0,4.4818,13,0,4,,,,,,False,1.0,0.0,25.0,2.0,0.0,1.0,9.0,0.92,0.0953,"LINESTRING (-116.207153 43.624426, -116.206867 43.624724)"
2865,8223284818,8223285162,0,nan,footway,36.3,43.6249,-116.2067,0.1114,1.0,4.7095,13,0,4,,,,,,False,1.0,0.0,25.0,2.0,0.0,1.0,11.0,0.92,0.1404,"LINESTRING (-116.206605 43.62499, -116.206867 43.624724)"
2866,8223284820,8223284885,0,nan,footway,41.8,43.6241,-116.2074,0.0203,1.0,5.6223,20,1,5,,,,,,False,1.0,0.0,25.0,2.0,0.0,1.0,8.0,0.92,0.2466,"LINESTRING (-116.207302 43.62427, -116.207598 43.623961)"
2867,8223284822,8223285147,0,nan,footway,42.1,43.6257,-116.2062,0.1658,1.0,4.1827,3,0,6,,,,,,False,1.0,0.0,25.0,2.0,0.0,1.0,7.0,0.92,0.3458,"LINESTRING (-116.206347 43.625591, -116.206048 43.625902)"
2868,8223284823,8223285147,0,nan,footway,40.7,43.6254,-116.2065,0.0435,1.0,4.9803,8,0,6,,,,,,False,1.0,0.0,25.0,2.0,0.0,1.0,10.0,0.92,0.2562,"LINESTRING (-116.206347 43.625591, -116.206636 43.62529)"
2869,8223284824,8223285120,0,nan,footway,42.0,43.6249,-116.2063,0.1253,1.0,5.5037,11,0,5,,,,,,False,1.0,0.0,25.0,2.0,0.0,1.0,9.0,0.92,0.2235,"LINESTRING (-116.206137 43.624815, -116.206563 43.625033)"
2870,8223284825,8223284852,0,nan,footway,94.5,43.6249,-116.2059,0.0429,1.0,6.3559,12,0,5,,,,,,False,1.0,0.0,25.0,2.0,0.0,1.0,15.0,0.92,0.1987,"LINESTRING (-116.205458 43.624696, -116.20642 43.625182)"
2871,8223284835,8223284863,0,nan,footway,85.2,43.6229,-116.2034,0.07,1.0,9.9644,5,0,6,,,,,,False,1.0,0.0,25.0,2.0,0.0,1.0,8.0,0.92,0.3587,"LINESTRING (-116.203676 43.622623, -116.203078 43.623243, -116.20307 43.623252)"
2872,8223284837,8223284862,0,nan,footway,84.1,43.6224,-116.2024,0.1254,1.0,9.9644,7,0,9,,,,,,False,1.0,0.0,25.0,2.0,0.0,1.0,8.0,0.92,0.5198,"LINESTRING (-116.20265 43.62211, -116.202053 43.62273)"
2873,8223284839,8223285135,0,nan,footway,40.7,43.6214,-116.1999,0.1229,1.0,7.3137,2,0,8,,,,,,False,1.0,0.0,25.0,2.0,0.0,1.0,6.0,0.92,0.5054,"LINESTRING (-116.200015 43.621254, -116.199728 43.621555)"
2874,8223284839,8223342716,0,nan,footway,93.9,43.6218,-116.2002,0.0348,1.0,6.2249,3,0,9,,,,,,False,1.0,0.0,25.0,2.0,0.0,1.0,11.0,0.92,0.4893,"LINESTRING (-116.200683 43.622041, -116.199728 43.621555)"
2875,8223284840,8223285125,0,nan,footway,39.8,43.6219,-116.1994,0.0425,1.0,3.4515,0,0,7,,,,,,False,1.0,0.0,25.0,2.0,0.0,1.0,7.0,0.92,0.4324,"LINESTRING (-116.199271 43.622006, -116.199556 43.621714)"
2876,8223284840,8223342714,0,nan,footway,95.4,43.622,-116.2,0.0488,1.0,5.2894,5,0,8,,,,,,False,1.0,0.0,25.0,2.0,0.0,1.0,12.0,0.92,0.3985,"LINESTRING (-116.200528 43.622205, -116.199556 43.621714)"
2877,8223284841,8223285132,0,nan,footway,95.5,43.6214,-116.1989,0.214,1.0,14.0938,7,1,6,,,,,,False,1.0,0.0,25.0,2.0,0.0,1.0,14.0,0.92,0.5296,"LINESTRING (-116.198394 43.62111, -116.199364 43.621604)"
2878,8223284846,8223285146,0,nan,footway,40.3,43.6242,-116.2041,0.0398,1.0,5.3954,4,0,3,,,,,,False,1.0,0.0,25.0,2.0,0.0,1.0,7.0,0.92,0.1434,"LINESTRING (-116.203994 43.624398, -116.20428 43.624101)"
2879,8223284846,8223284888,0,nan,footway,93.8,43.6243,-116.2048,0.0483,1.0,6.1449,6,0,4,,,,,,False,1.0,0.0,25.0,2.0,0.0,1.0,11.0,0.92,0.188,"LINESTRING (-116.205236 43.624584, -116.20428 43.624101)"
2880,8223284848,8223343193,0,nan,footway,33.2,43.6219,-116.1975,0.1493,1.0,5.2055,14,12,2,,,,,,False,1.0,0.0,25.0,2.0,0.0,1.0,6.0,0.92,0.4279,"LINESTRING (-116.197492 43.622094, -116.197481 43.621796)"
2881,8223284848,12483966356,0,nan,footway,47.1,43.6217,-116.1972,0.1877,0.6667,0.0,16,12,2,,,,,,False,1.0,0.0,25.0,2.0,0.0,1.0,6.0,0.92,0.3515,"LINESTRING (-116.197002 43.621552, -116.1974 43.621754, -116.197481 43.621796)"
2882,8223284850,8223284851,0,nan,footway,42.1,43.6252,-116.205,0.1349,1.0,5.3374,1,0,5,,,,,,False,1.0,0.0,25.0,2.0,0.0,1.0,7.0,0.92,0.3504,"LINESTRING (-116.205171 43.624994, -116.204872 43.625305)"
2883,8223284851,8223284852,0,nan,footway,40.4,43.6248,-116.2053,0.0138,1.0,6.074,6,0,4,,,,,,False,1.0,0.0,25.0,2.0,0.0,1.0,7.0,0.92,0.1735,"LINESTRING (-116.205458 43.624696, -116.205171 43.624994)"
2884,8223284854,8223285120,0,nan,footway,52.4,43.6247,-116.2059,0.002,1.0,5.293,7,0,4,,,,,,False,1.0,0.0,25.0,2.0,0.0,1.0,9.0,0.92,0.1472,"LINESTRING (-116.206137 43.624815, -116.205604 43.624543)"
2885,8223284854,8223284855,0,nan,footway,41.7,43.6244,-116.2058,0.0024,1.0,3.1682,4,0,4,,,,,,False,1.0,0.0,25.0,2.0,0.0,1.0,7.0,0.92,0.1371,"LINESTRING (-116.2059 43.624236, -116.205604 43.624543)"
2886,8223284855,8223284875,0,nan,footway,40.6,43.6241,-116.206,0.0022,1.0,0.0,9,0,4,,,,,,False,1.0,0.0,25.0,2.0,0.0,1.0,7.0,0.92,0.0,"LINESTRING (-116.206188 43.623936, -116.2059 43.624236)"
2887,8223284857,8223284858,0,nan,footway,42.4,43.6233,-116.2068,0.0061,1.0,7.3486,9,1,6,,,,,,False,1.0,0.0,25.0,2.0,0.0,1.0,7.0,0.92,0.3707,"LINESTRING (-116.20693 43.623164, -116.206629 43.623476)"
2888,8223284857,8223284884,0,nan,footway,41.3,43.6236,-116.2065,0.0057,1.0,7.0891,7,1,5,,,,,,False,1.0,0.0,25.0,2.0,0.0,1.0,6.0,0.92,0.3297,"LINESTRING (-116.206336 43.623781, -116.206629 43.623476)"
2889,8223284861,8223284887,0,nan,footway,42.1,43.625,-116.2048,0.0807,1.0,5.6613,2,0,4,,,,,,False,1.0,0.0,25.0,2.0,0.0,1.0,6.0,0.92,0.2528,"LINESTRING (-116.204949 43.624882, -116.20465 43.625193)"
2890,8223284863,11733513822,0,nan,footway,98.1,43.6224,-116.2032,0.0557,1.0,9.9644,8,0,9,,,,,,False,1.0,0.0,25.0,2.0,0.0,1.0,7.0,0.92,0.4843,"LINESTRING (-116.202673 43.622121, -116.203676 43.622623)"
2891,8223284864,8223284870,0,nan,footway,94.9,43.623,-116.2043,0.0549,1.0,6.8366,2,0,5,,,,,,False,1.0,0.0,25.0,2.0,0.0,1.0,10.0,0.92,0.313,"LINESTRING (-116.204798 43.623231, -116.203833 43.622741)"
2892,8223284864,8223285483,0,nan,footway,41.1,43.6229,-116.2037,0.0118,1.0,4.6193,1,0,6,,,,,,False,1.0,0.0,25.0,2.0,0.0,1.0,5.0,0.92,0.343,"LINESTRING (-116.203539 43.623043, -116.203833 43.622741)"
2893,8223284866,8223342718,0,nan,footway,93.6,43.6212,-116.2008,0.0347,1.0,4.9877,5,0,8,,,,,,False,1.0,0.0,25.0,2.0,0.0,1.0,10.0,0.92,0.3879,"LINESTRING (-116.201266 43.621424, -116.200306 43.620948)"
2894,8223284866,8223285135,0,nan,footway,41.2,43.6211,-116.2002,0.0431,1.0,5.3126,4,0,8,,,,,,False,1.0,0.0,25.0,2.0,0.0,1.0,7.0,0.92,0.4095,"LINESTRING (-116.200015 43.621254, -116.200306 43.620948)"
2895,8223284870,8223285151,0,nan,footway,40.9,43.6234,-116.2047,0.0891,1.0,8.1286,0,0,6,,,,,,False,1.0,0.0,25.0,2.0,0.0,1.0,8.0,0.92,0.4727,"LINESTRING (-116.204506 43.623532, -116.204798 43.623231)"
2896,8223284872,8223284873,0,nan,footway,93.7,43.6236,-116.2055,0.022,1.0,5.8203,3,0,6,,,,,,False,1.0,0.0,25.0,2.0,0.0,1.0,14.0,0.92,0.3186,"LINESTRING (-116.205967 43.623824, -116.205014 43.62334)"
2897,8223284872,8223285154,0,nan,footway,40.9,43.6235,-116.2049,0.0266,1.0,5.749,0,0,6,,,,,,False,1.0,0.0,25.0,2.0,0.0,1.0,9.0,0.92,0.4167,"LINESTRING (-116.204723 43.623641, -116.205014 43.62334)"
2898,8223284873,8223284891,0,nan,footway,40.7,43.624,-116.2058,0.007,1.0,5.779,3,0,4,,,,,,False,1.0,0.0,25.0,2.0,0.0,1.0,7.0,0.92,0.2057,"LINESTRING (-116.205678 43.624124, -116.205967 43.623824)"
2899,8223284875,8223284876,0,nan,footway,94.9,43.6242,-116.2067,0.0034,1.0,5.3685,29,1,4,,,,,,False,1.0,0.0,25.0,2.0,0.0,1.0,11.0,0.92,0.1576,"LINESTRING (-116.207153 43.624426, -116.206188 43.623936)"
2900,8223284880,8223284881,0,nan,footway,36.8,43.6234,-116.2056,0.0135,0.0,0.0,3,0,6,,,,,,False,1.0,0.0,25.0,2.0,0.0,1.0,9.0,0.92,0.4408,"LINESTRING (-116.205758 43.623489, -116.205383 43.623299)"
2901,8223284881,8223284882,0,nan,footway,35.0,43.6236,-116.2059,0.1123,0.0,0.0,5,0,6,,,,,,False,1.0,0.0,25.0,2.0,0.0,1.0,7.0,0.92,0.4509,"LINESTRING (-116.206115 43.623669, -116.205758 43.623489)"
2902,8223284882,8223284893,0,nan,footway,41.2,43.6235,-116.2063,0.0334,0.3333,3.9672,8,1,6,,,,,,False,1.0,0.0,25.0,2.0,0.0,1.0,8.0,0.92,0.5523,"LINESTRING (-116.206408 43.623365, -116.206115 43.623669)"
2903,8223284884,8223284885,0,nan,footway,94.8,43.624,-116.2068,0.0075,1.0,6.5886,31,1,4,,,,,,False,1.0,0.0,25.0,2.0,0.0,1.0,12.0,0.92,0.1731,"LINESTRING (-116.207302 43.62427, -116.206336 43.623781)"
2904,8223284887,8223284888,0,nan,footway,40.4,43.6247,-116.2051,0.0713,1.0,5.8159,4,0,4,,,,,,False,1.0,0.0,25.0,2.0,0.0,1.0,6.0,0.92,0.2156,"LINESTRING (-116.205236 43.624584, -116.204949 43.624882)"
2905,8223284890,8223284891,0,nan,footway,41.6,43.6243,-116.2055,0.0045,1.0,6.1873,3,0,4,,,,,,False,1.0,0.0,25.0,2.0,0.0,1.0,7.0,0.92,0.2108,"LINESTRING (-116.205678 43.624124, -116.205383 43.624431)"
2906,8223284890,8223285118,0,nan,footway,93.8,43.6242,-116.2049,0.1279,1.0,6.5742,6,0,4,,,,,,False,1.0,0.0,25.0,2.0,0.0,1.0,11.0,0.92,0.2251,"LINESTRING (-116.20443 43.623945, -116.205383 43.624431)"
2907,8223284893,8223284894,0,nan,footway,42.5,43.6232,-116.2066,0.0151,1.0,6.4426,6,0,6,,,,,,False,1.0,0.0,25.0,2.0,0.0,1.0,7.0,0.92,0.2858,"LINESTRING (-116.20671 43.623051, -116.206408 43.623365)"
2908,8223284894,8223285159,0,nan,footway,93.6,43.6228,-116.2062,0.0069,1.0,9.7329,5,0,6,,,,,,False,1.0,0.0,25.0,2.0,0.0,1.0,13.0,0.92,0.3318,"LINESTRING (-116.205751 43.622575, -116.206431 43.622909, -116.20671 43.623051)"
2909,8223284898,8223342487,0,nan,footway,180.2,43.6284,-116.2146,0.0312,0.9,5.1322,0,0,2,,,,,,False,1.0,0.0,25.0,2.0,0.0,1.0,9.0,0.92,0.2282,"LINESTRING (-116.214601 43.627596, -116.214602 43.629217)"
2910,8223284952,8223285108,0,nan,footway,82.5,43.6271,-116.2045,0.0149,1.0,5.6174,0,0,4,,,,,,False,1.0,0.0,25.0,2.0,0.0,1.0,10.0,0.92,0.3036,"LINESTRING (-116.204488 43.627453, -116.204488 43.626711)"
2911,8223284954,8223284977,0,nan,footway,82.5,43.6271,-116.2047,0.0208,1.0,6.1222,0,0,4,,,,,,False,1.0,0.0,25.0,2.0,0.0,1.0,9.0,0.92,0.3136,"LINESTRING (-116.204688 43.627453, -116.204689 43.626711)"
2912,8223284973,8223343134,0,nan,footway,82.6,43.6288,-116.2047,0.0816,1.0,5.5337,0,0,2,,,,,,False,1.0,0.0,25.0,2.0,0.0,1.0,12.0,0.92,0.2218,"LINESTRING (-116.204686 43.628466, -116.204686 43.629209)"
2913,8223284975,8223342895,0,nan,footway,82.5,43.628,-116.2047,0.0306,1.0,5.2779,0,0,3,,,,,,False,1.0,0.0,25.0,2.0,0.0,1.0,12.0,0.92,0.2509,"LINESTRING (-116.204686 43.628329, -116.204688 43.627587)"
2914,8223285104,8223343132,0,nan,footway,82.6,43.6288,-116.2045,0.0303,1.0,5.0034,1,0,2,,,,,,False,1.0,0.0,25.0,2.0,0.0,1.0,10.0,0.92,0.1442,"LINESTRING (-116.204487 43.628466, -116.204487 43.629209)"
2915,8223285106,8223342893,0,nan,footway,82.5,43.628,-116.2045,0.0155,1.0,4.6883,0,0,3,,,,,,False,1.0,0.0,25.0,2.0,0.0,1.0,12.0,0.92,0.2347,"LINESTRING (-116.204487 43.628329, -116.204488 43.627587)"
2916,8223285116,8223285151,0,nan,footway,41.1,43.6237,-116.2044,0.033,1.0,9.0653,2,0,5,,,,,,False,1.0,0.0,25.0,2.0,0.0,1.0,7.0,0.92,0.3307,"LINESTRING (-116.204506 43.623532, -116.204214 43.623835)"
2917,8223285116,8223285482,0,nan,footway,95.0,43.6236,-116.2037,0.1215,0.8333,6.7741,5,0,6,,,,,,False,1.0,0.0,25.0,2.0,0.0,1.0,11.0,0.92,0.3972,"LINESTRING (-116.203249 43.623343, -116.204214 43.623835)"
2918,8223285118,8223285154,0,nan,footway,41.2,43.6238,-116.2046,0.1262,1.0,6.5725,3,0,6,,,,,,False,1.0,0.0,25.0,2.0,0.0,1.0,6.0,0.92,0.3702,"LINESTRING (-116.204723 43.623641, -116.20443 43.623945)"
2919,8223285127,8223342711,0,West Fort Street,tertiary,92.8,43.6227,-116.1994,0.0883,0.8333,7.3935,4,0,4,,,,,,False,0.0,3.0,30.0,2.0,0.321,0.5,15.0,0.773,0.2986,"LINESTRING (-116.199882 43.622889, -116.198929 43.622419)"
2920,8223285145,8223285149,0,nan,footway,40.3,43.6241,-116.2039,0.2833,1.0,5.9265,6,0,3,,,,,,False,1.0,0.0,25.0,2.0,0.0,1.0,6.0,0.92,0.2231,"LINESTRING (-116.204063 43.623991, -116.203776 43.624288)"
2921,8223285148,8223285163,0,nan,footway,29.3,43.6261,-116.2076,0.1551,1.0,5.8835,13,2,5,,,,,,False,1.0,0.0,25.0,2.0,0.0,1.0,12.0,0.92,0.391,"LINESTRING (-116.207731 43.62597, -116.207524 43.626186)"
2922,8223285149,8223285480,0,nan,footway,95.0,43.6237,-116.2036,0.0614,1.0,5.9831,6,0,5,,,,,,False,1.0,0.0,25.0,2.0,0.0,1.0,11.0,0.92,0.2439,"LINESTRING (-116.203094 43.623502, -116.204063 43.623991)"
2923,8223285158,8223285159,0,nan,footway,41.5,43.6227,-116.2056,0.0239,1.0,9.841,4,0,6,,,,,,False,1.0,0.0,25.0,2.0,0.0,1.0,8.0,0.92,0.3523,"LINESTRING (-116.205751 43.622575, -116.205456 43.622881)"
2924,8223285164,8223285165,0,nan,footway,35.9,43.626,-116.2081,0.0464,1.0,5.8835,16,2,6,,,,,,False,1.0,0.0,25.0,2.0,0.0,1.0,10.0,0.92,0.3882,"LINESTRING (-116.20817 43.626147, -116.20817 43.626104, -116.208168 43.626065, -116.207897 43.625925)"
2925,8223285224,8223343096,0,nan,footway,83.1,43.6288,-116.2144,0.0101,1.0,5.4491,0,0,2,,,,,,False,1.0,0.0,25.0,2.0,0.0,1.0,5.0,0.92,0.1925,"LINESTRING (-116.21444 43.62847, -116.214438 43.629217)"
2926,8223285230,8223343162,0,nan,footway,83.0,43.6288,-116.2134,0.0169,1.0,4.9635,0,0,2,,,,,,False,1.0,0.0,25.0,2.0,0.0,1.0,9.0,0.92,0.187,"LINESTRING (-116.213425 43.62847, -116.213426 43.629216)"
2927,8223285403,8223343112,0,nan,footway,82.3,43.6288,-116.1986,0.0524,1.0,5.0551,0,0,0,,,,,,False,1.0,0.0,25.0,2.0,0.0,1.0,12.0,0.92,0.096,"LINESTRING (-116.198612 43.628464, -116.198609 43.629204)"
2928,8223285406,8223342946,0,nan,footway,82.1,43.6271,-116.1986,0.0438,0.8,4.7222,0,0,0,,,,,,False,1.0,0.0,25.0,2.0,0.0,1.0,11.0,0.92,0.1521,"LINESTRING (-116.198615 43.627446, -116.198619 43.626707)"
2929,8223285408,8223343085,0,nan,footway,82.8,43.6262,-116.1986,0.022,1.0,4.9134,0,0,0,,,,,,False,1.0,0.0,25.0,2.0,0.0,1.0,13.0,0.92,0.0816,"LINESTRING (-116.198623 43.625823, -116.19862 43.626568)"
2930,8223285410,8223343060,0,nan,footway,82.2,43.6253,-116.1986,0.0501,1.0,5.0081,2,0,3,,,,,,False,1.0,0.0,25.0,2.0,0.0,1.0,13.0,0.92,0.1768,"LINESTRING (-116.198623 43.625674, -116.198626 43.624935)"
2931,8223285412,8223343012,0,nan,footway,82.0,43.6244,-116.1986,0.028,1.0,4.5025,2,0,4,,,,,,False,1.0,0.0,25.0,2.0,0.0,1.0,12.0,0.92,0.2121,"LINESTRING (-116.19863 43.624043, -116.198627 43.624781)"
2932,8223285415,8223285416,0,nan,footway,51.9,43.6228,-116.1986,0.0708,1.0,5.4354,1,1,3,,,,,,False,1.0,0.0,25.0,2.0,0.0,1.0,12.0,0.92,0.3219,"LINESTRING (-116.198651 43.622525, -116.198636 43.622622, -116.198635 43.622991)"
2933,8223285430,8223343114,0,nan,footway,82.3,43.6288,-116.1988,0.0339,1.0,5.0033,0,0,0,,,,,,False,1.0,0.0,25.0,2.0,0.0,1.0,12.0,0.92,0.0879,"LINESTRING (-116.198819 43.628464, -116.198816 43.629204)"
2934,8223285432,8223342701,0,nan,footway,77.2,43.6267,-116.1993,0.0096,0.8,5.2931,0,0,2,,,,,,False,1.0,0.0,25.0,2.0,0.0,1.0,8.0,0.92,0.2552,"LINESTRING (-116.199787 43.626708, -116.198828 43.626708)"
2935,8223285432,8223342932,0,nan,footway,82.1,43.6271,-116.1988,0.0121,0.6,4.2061,0,0,0,,,,,,False,1.0,0.0,25.0,2.0,0.0,1.0,8.0,0.92,0.1952,"LINESTRING (-116.198824 43.627446, -116.198828 43.626708)"
2936,8223285434,8223342703,0,nan,footway,77.2,43.6266,-116.1993,0.0164,1.0,5.2746,0,0,2,,,,,,False,1.0,0.0,25.0,2.0,0.0,1.0,8.0,0.92,0.1921,"LINESTRING (-116.199787 43.626569, -116.198828 43.626568)"
2937,8223285434,8223285435,0,nan,footway,41.8,43.6264,-116.1988,0.0134,1.0,6.1414,0,0,0,,,,,,False,1.0,0.0,25.0,2.0,0.0,1.0,5.0,0.92,0.0981,"LINESTRING (-116.19883 43.626193, -116.198828 43.626568)"
2938,8223285435,8223343087,0,nan,footway,41.1,43.626,-116.1988,0.0086,1.0,4.8285,0,0,2,,,,,,False,1.0,0.0,25.0,2.0,0.0,1.0,5.0,0.92,0.1813,"LINESTRING (-116.198832 43.625823, -116.19883 43.626193)"
2939,8223285437,8223285438,0,nan,footway,41.2,43.6251,-116.1988,0.0673,1.0,4.0655,2,0,4,,,,,,False,1.0,0.0,25.0,2.0,0.0,1.0,6.0,0.92,0.2188,"LINESTRING (-116.198836 43.624935, -116.198835 43.625305)"
2940,8223285437,8223343062,0,nan,footway,41.0,43.6255,-116.1988,0.0215,1.0,5.4786,2,0,3,,,,,,False,1.0,0.0,25.0,2.0,0.0,1.0,5.0,0.92,0.1735,"LINESTRING (-116.198832 43.625674, -116.198835 43.625305)"
2941,8223285438,8223342707,0,nan,footway,77.2,43.6249,-116.1993,0.0526,1.0,5.0368,2,0,4,,,,,,False,1.0,0.0,25.0,2.0,0.0,1.0,9.0,0.92,0.2315,"LINESTRING (-116.199795 43.624936, -116.198836 43.624935)"
2942,8223285440,8223343014,0,nan,footway,82.0,43.6244,-116.1988,0.0403,1.0,5.0097,2,0,4,,,,,,False,1.0,0.0,25.0,2.0,0.0,1.0,11.0,0.92,0.2262,"LINESTRING (-116.198841 43.624043, -116.198837 43.624781)"
2943,8223285442,8223343036,0,nan,footway,62.1,43.6236,-116.1988,0.014,1.0,7.7336,0,0,4,,,,,,False,1.0,0.0,25.0,2.0,0.0,1.0,10.0,0.92,0.3324,"LINESTRING (-116.198841 43.62389, -116.198844 43.623331)"
2944,8223285454,8223285476,0,nan,footway,56.0,43.6245,-116.2023,0.0439,0.75,4.9038,2,0,4,,,,,,False,1.0,0.0,25.0,2.0,0.0,1.0,10.0,0.92,0.3075,"LINESTRING (-116.202349 43.624784, -116.202343 43.624306, -116.202355 43.624282)"
2945,8223285466,8223343126,0,nan,footway,82.5,43.6288,-116.2023,0.0415,1.0,4.1256,1,0,2,,,,,,False,1.0,0.0,25.0,2.0,0.0,1.0,12.0,0.92,0.132,"LINESTRING (-116.20233 43.628466, -116.202326 43.629207)"
2946,8223285468,8223342887,0,nan,footway,82.5,43.628,-116.2023,0.1225,1.0,4.6009,1,0,4,,,,,,False,1.0,0.0,25.0,2.0,0.0,1.0,12.0,0.92,0.2793,"LINESTRING (-116.20233 43.628327, -116.202335 43.627585)"
2947,8223285470,8223285471,0,nan,footway,82.5,43.6271,-116.2023,0.0091,1.0,4.968,0,0,4,,,,,,False,1.0,0.0,25.0,2.0,0.0,1.0,12.0,0.92,0.2905,"LINESTRING (-116.202339 43.62671, -116.202335 43.627452)"
2948,8223285473,8223285474,0,nan,footway,181.5,43.6258,-116.2023,0.0151,1.0,4.9547,1,0,2,,,,,,False,1.0,0.0,25.0,2.0,0.0,1.0,13.0,0.92,0.1374,"LINESTRING (-116.202348 43.624938, -116.20234 43.62657)"
2949,8223285477,11026850539,0,West Fort Street,tertiary,53.7,43.6243,-116.2027,0.01,1.0,5.4879,4,0,3,,,,,,False,0.0,3.0,30.0,2.0,0.321,0.5,7.0,0.773,0.1333,"LINESTRING (-116.202985 43.624473, -116.202437 43.624198)"
2950,8223285478,8223285479,0,nan,footway,42.1,43.624,-116.2027,0.0266,1.0,7.3072,4,0,4,,,,,,False,1.0,0.0,25.0,2.0,0.0,1.0,8.0,0.92,0.219,"LINESTRING (-116.202807 43.623797, -116.202518 43.624112)"
2951,8223285479,8223285480,0,nan,footway,40.2,43.6236,-116.203,0.0578,1.0,5.6593,3,0,6,,,,,,False,1.0,0.0,25.0,2.0,0.0,1.0,7.0,0.92,0.3301,"LINESTRING (-116.203094 43.623502, -116.202807 43.623797)"
2952,8223285482,8223285483,0,nan,footway,40.7,43.6232,-116.2034,0.0942,0.3333,1.1533,3,0,5,,,,,,False,1.0,0.0,25.0,2.0,0.0,1.0,5.0,0.92,0.3906,"LINESTRING (-116.203539 43.623043, -116.203249 43.623343)"
2953,8223285485,11733513821,0,nan,footway,98.5,43.6223,-116.2033,0.1226,0.1667,9.9644,7,0,9,,,,,,False,1.0,0.0,25.0,2.0,0.0,1.0,6.0,0.92,0.7913,"LINESTRING (-116.202777 43.622008, -116.203781 43.622514)"
2954,8223285488,11733513827,0,nan,footway,93.1,43.623,-116.2025,0.1152,1.0,9.9644,7,0,7,,,,,,False,1.0,0.0,25.0,2.0,0.0,1.0,9.0,0.92,0.4093,"LINESTRING (-116.202063 43.622781, -116.203012 43.623259)"
2955,8223285489,8223285514,0,nan,footway,31.1,43.6243,-116.2021,0.0303,1.0,3.8485,2,0,4,,,,,,False,1.0,0.0,25.0,2.0,0.0,1.0,6.0,0.92,0.1998,"LINESTRING (-116.20214 43.624439, -116.202141 43.62416)"
2956,8223285489,8223285521,0,nan,footway,93.3,43.6239,-116.2017,0.048,1.0,6.2447,1,0,4,,,,,,False,1.0,0.0,25.0,2.0,0.0,1.0,15.0,0.92,0.2773,"LINESTRING (-116.201185 43.623685, -116.202141 43.62416)"
2957,8223285500,8223343070,0,nan,footway,83.0,43.6262,-116.2021,0.0623,1.0,5.616,0,0,4,,,,,,False,1.0,0.0,25.0,2.0,0.0,1.0,8.0,0.92,0.322,"LINESTRING (-116.202133 43.625824, -116.202129 43.62657)"
2958,8223285502,8223343124,0,nan,footway,82.4,43.6288,-116.2021,0.0186,1.0,4.7209,0,0,2,,,,,,False,1.0,0.0,25.0,2.0,0.0,1.0,12.0,0.92,0.1833,"LINESTRING (-116.202119 43.628466, -116.202116 43.629207)"
2959,8223285504,8223342885,0,nan,footway,82.5,43.628,-116.2021,0.0354,1.0,4.9114,0,0,3,,,,,,False,1.0,0.0,25.0,2.0,0.0,1.0,12.0,0.92,0.2465,"LINESTRING (-116.202119 43.628326, -116.202124 43.627584)"
2960,8223285506,8223285507,0,nan,footway,82.5,43.6271,-116.2021,0.0238,1.0,5.3016,0,0,4,,,,,,False,1.0,0.0,25.0,2.0,0.0,1.0,12.0,0.92,0.3019,"LINESTRING (-116.202128 43.626709, -116.202124 43.627452)"
2961,8223285510,8223343046,0,nan,footway,42.6,43.6255,-116.2021,0.0136,1.0,5.2063,0,0,2,,,,,,False,1.0,0.0,25.0,2.0,0.0,1.0,4.0,0.92,0.1899,"LINESTRING (-116.202133 43.625677, -116.202135 43.625294)"
2962,8223285510,8223285511,0,nan,footway,39.6,43.6251,-116.2021,0.0123,1.0,3.4783,1,0,2,,,,,,False,1.0,0.0,25.0,2.0,0.0,1.0,5.0,0.92,0.1064,"LINESTRING (-116.202137 43.624938, -116.202135 43.625294)"
2963,8223285511,8223285543,0,nan,footway,77.0,43.6249,-116.2017,0.0096,1.0,6.1872,2,0,4,,,,,,False,1.0,0.0,25.0,2.0,0.0,1.0,9.0,0.92,0.233,"LINESTRING (-116.20118 43.624937, -116.202137 43.624938)"
2964,8223285513,8223285545,0,nan,footway,77.0,43.6248,-116.2017,0.0139,1.0,5.5459,2,0,4,,,,,,False,1.0,0.0,25.0,2.0,0.0,1.0,11.0,0.92,0.2249,"LINESTRING (-116.201181 43.624783, -116.202138 43.624784)"
2965,8223285513,8223285514,0,nan,footway,38.4,43.6246,-116.2021,0.0238,1.0,2.4075,2,0,4,,,,,,False,1.0,0.0,25.0,2.0,0.0,1.0,8.0,0.92,0.1602,"LINESTRING (-116.20214 43.624439, -116.202138 43.624784)"
2966,8223285515,8223285547,0,West Fort Street,tertiary,93.7,43.6238,-116.2017,0.1401,0.6667,6.0904,1,0,4,,,,,,False,0.0,3.0,30.0,2.0,0.321,0.5,15.0,0.773,0.42,"LINESTRING (-116.201267 43.623594, -116.202214 43.624084)"
2967,8223285516,8223285548,0,nan,footway,93.8,43.6238,-116.2018,0.1747,0.0,0.0,2,0,4,,,,,,False,1.0,0.0,25.0,2.0,0.0,1.0,13.0,0.92,0.4175,"LINESTRING (-116.201341 43.623516, -116.202296 43.624)"
2968,8223285516,8223285517,0,nan,footway,42.1,43.6238,-116.2024,0.0729,0.0,0.0,3,0,5,,,,,,False,1.0,0.0,25.0,2.0,0.0,1.0,7.0,0.92,0.4108,"LINESTRING (-116.202595 43.62369, -116.202296 43.624)"
2969,8223285517,8223285518,0,nan,footway,40.2,43.6235,-116.2027,0.2452,0.0,0.0,2,0,6,,,,,,False,1.0,0.0,25.0,2.0,0.0,1.0,7.0,0.92,0.5514,"LINESTRING (-116.202881 43.623394, -116.202595 43.62369)"
2970,8223285518,8223285522,0,nan,footway,93.0,43.6232,-116.2024,0.0977,0.0,0.0,7,0,6,,,,,,False,1.0,0.0,25.0,2.0,0.0,1.0,10.0,0.92,0.425,"LINESTRING (-116.201934 43.622915, -116.202881 43.623394)"
2971,8223285521,11733513845,0,nan,footway,40.6,43.6239,-116.2012,0.0359,1.0,6.4761,0,0,4,,,,,,False,1.0,0.0,25.0,2.0,0.0,1.0,7.0,0.92,0.3246,"LINESTRING (-116.201184 43.624049, -116.201185 43.623685)"
2972,8223285522,8223285549,0,nan,footway,40.1,43.6231,-116.2018,0.0283,0.0,0.0,6,0,7,,,,,,False,1.0,0.0,25.0,2.0,0.0,1.0,7.0,0.92,0.4606,"LINESTRING (-116.201645 43.623208, -116.201934 43.622915)"
2973,8223285533,8223343122,0,nan,footway,82.4,43.6288,-116.2012,0.0197,1.0,5.0696,0,0,2,,,,,,False,1.0,0.0,25.0,2.0,0.0,1.0,12.0,0.92,0.1899,"LINESTRING (-116.201163 43.628465, -116.20116 43.629206)"
2974,8223285535,8223342883,0,nan,footway,82.5,43.628,-116.2012,0.0316,1.0,5.6768,0,0,3,,,,,,False,1.0,0.0,25.0,2.0,0.0,1.0,12.0,0.92,0.2578,"LINESTRING (-116.201163 43.628326, -116.201168 43.627583)"
2975,8223285537,8223285538,0,nan,footway,82.6,43.6271,-116.2012,0.0229,1.0,5.1385,1,0,2,,,,,,False,1.0,0.0,25.0,2.0,0.0,1.0,11.0,0.92,0.1437,"LINESTRING (-116.201172 43.626709, -116.201168 43.627451)"
2976,8223285540,8223343093,0,nan,footway,83.0,43.6262,-116.2012,0.0168,1.0,5.162,0,0,2,,,,,,False,1.0,0.0,25.0,2.0,0.0,1.0,12.0,0.92,0.1904,"LINESTRING (-116.201176 43.625824, -116.201173 43.62657)"
2977,8223285542,8223285543,0,nan,footway,40.8,43.6251,-116.2012,0.0089,1.0,6.1066,1,0,3,,,,,,False,1.0,0.0,25.0,2.0,0.0,1.0,5.0,0.92,0.2068,"LINESTRING (-116.20118 43.624937, -116.201179 43.625303)"
2978,8223285542,8223343069,0,nan,footway,41.4,43.6255,-116.2012,0.0188,1.0,5.6515,0,0,2,,,,,,False,1.0,0.0,25.0,2.0,0.0,1.0,6.0,0.92,0.1992,"LINESTRING (-116.201176 43.625676, -116.201179 43.625303)"
2979,8223285545,8223285546,0,nan,footway,39.5,43.6246,-116.2012,0.0119,1.0,5.0608,1,0,4,,,,,,False,1.0,0.0,25.0,2.0,0.0,1.0,7.0,0.92,0.2445,"LINESTRING (-116.201183 43.624428, -116.201181 43.624783)"
2980,8223285546,8356320449,0,nan,footway,31.1,43.6243,-116.2012,0.0,1.0,5.6556,1,0,4,,,,,,False,1.0,0.0,25.0,2.0,0.0,1.0,6.0,0.92,0.2497,"LINESTRING (-116.201184 43.624148, -116.201183 43.624428)"
2981,8223285548,8223285549,0,nan,footway,42.1,43.6234,-116.2015,0.105,0.0,0.0,0,0,6,,,,,,False,1.0,0.0,25.0,2.0,0.0,1.0,6.0,0.92,0.5739,"LINESTRING (-116.201645 43.623208, -116.201341 43.623516)"
2982,8223285551,8223285586,0,nan,footway,40.6,43.6222,-116.2023,0.2601,1.0,6.3185,6,0,9,,,,,,False,1.0,0.0,25.0,2.0,0.0,1.0,5.0,0.92,0.5392,"LINESTRING (-116.202184 43.622352, -116.202471 43.622051)"
2983,8223285551,8223342677,0,nan,footway,96.3,43.6218,-116.202,0.1124,1.0,8.6631,8,0,9,,,,,,False,1.0,0.0,25.0,2.0,0.0,1.0,8.0,0.92,0.4932,"LINESTRING (-116.201503 43.621542, -116.202471 43.622051)"
2984,8223285553,8223285586,0,nan,footway,41.5,43.6225,-116.202,0.039,0.3333,3.9426,10,0,9,,,,,,False,1.0,0.0,25.0,2.0,0.0,1.0,6.0,0.92,0.5981,"LINESTRING (-116.202184 43.622352, -116.201891 43.622659)"
2985,8223285554,8223285584,0,nan,footway,40.0,43.6229,-116.2016,0.1219,1.0,7.3275,5,0,8,,,,,,False,1.0,0.0,25.0,2.0,0.0,1.0,6.0,0.92,0.4565,"LINESTRING (-116.201416 43.623093, -116.201697 43.622796)"
2986,8223285554,8223342673,0,nan,footway,93.5,43.6226,-116.2012,0.0542,1.0,6.6422,10,0,9,,,,,,False,1.0,0.0,25.0,2.0,0.0,1.0,12.0,0.92,0.4318,"LINESTRING (-116.200745 43.622315, -116.201697 43.622796)"
2987,8223285555,8223343042,0,nan,footway,36.0,43.6237,-116.201,0.0879,1.0,4.96,0,0,4,,,,,,False,1.0,0.0,25.0,2.0,0.0,1.0,9.0,0.92,0.321,"LINESTRING (-116.200968 43.623887, -116.20097 43.623563)"
2988,8223285567,8223343120,0,nan,footway,82.4,43.6288,-116.2009,0.0067,1.0,4.7001,0,0,1,,,,,,False,1.0,0.0,25.0,2.0,0.0,1.0,12.0,0.92,0.125,"LINESTRING (-116.200943 43.628465, -116.200939 43.629206)"
2989,8223285569,8223342881,0,nan,footway,82.5,43.628,-116.2009,0.0083,1.0,5.352,0,0,1,,,,,,False,1.0,0.0,25.0,2.0,0.0,1.0,12.0,0.92,0.137,"LINESTRING (-116.200943 43.628325, -116.200948 43.627583)"
2990,8223285571,8223285572,0,nan,footway,82.6,43.6271,-116.201,0.0127,1.0,5.3774,1,0,2,,,,,,False,1.0,0.0,25.0,2.0,0.0,1.0,11.0,0.92,0.1437,"LINESTRING (-116.200953 43.626709, -116.200949 43.627451)"
2991,8223285574,8223342662,0,nan,footway,77.5,43.6266,-116.2005,0.0398,1.0,5.2437,0,0,2,,,,,,False,1.0,0.0,25.0,2.0,0.0,1.0,9.0,0.92,0.2007,"LINESTRING (-116.19999 43.626569, -116.200954 43.62657)"
2992,8223285574,8223285575,0,nan,footway,42.2,43.6264,-116.201,0.014,1.0,4.6961,0,0,2,,,,,,False,1.0,0.0,25.0,2.0,0.0,1.0,6.0,0.92,0.181,"LINESTRING (-116.200956 43.62619, -116.200954 43.62657)"
2993,8223285575,8223343091,0,nan,footway,40.8,43.626,-116.201,0.021,1.0,4.7096,0,0,2,,,,,,False,1.0,0.0,25.0,2.0,0.0,1.0,6.0,0.92,0.184,"LINESTRING (-116.200958 43.625824, -116.200956 43.62619)"
2994,8223285577,8223343067,0,nan,footway,82.2,43.6253,-116.201,0.0367,1.0,5.5375,1,0,3,,,,,,False,1.0,0.0,25.0,2.0,0.0,1.0,11.0,0.92,0.2089,"LINESTRING (-116.200958 43.625676, -116.200963 43.624937)"
2995,8223285579,8223285580,0,nan,footway,39.6,43.6246,-116.201,0.0391,0.3333,4.5428,1,0,4,,,,,,False,1.0,0.0,25.0,2.0,0.0,1.0,8.0,0.92,0.4638,"LINESTRING (-116.200965 43.624426, -116.200964 43.624783)"
2996,8223285579,8223342667,0,nan,footway,79.0,43.6248,-116.2005,0.0321,1.0,5.3138,1,0,4,,,,,,False,1.0,0.0,25.0,2.0,0.0,1.0,12.0,0.92,0.2567,"LINESTRING (-116.199997 43.624782, -116.200703 43.624783, -116.200743 43.624801, -116.200936 43.624798, -116.200964 43.624783)"
2997,8223285580,8223342998,0,nan,footway,42.4,43.6242,-116.201,0.0,1.0,4.2966,1,0,4,,,,,,False,1.0,0.0,25.0,2.0,0.0,1.0,7.0,0.92,0.2257,"LINESTRING (-116.200967 43.624045, -116.200965 43.624426)"
2998,8223285583,8223285584,0,nan,footway,42.1,43.6232,-116.2013,0.0254,1.0,7.1251,2,0,6,,,,,,False,1.0,0.0,25.0,2.0,0.0,1.0,7.0,0.92,0.3585,"LINESTRING (-116.201416 43.623093, -116.201121 43.623405)"
2999,8223285583,8223342671,0,nan,footway,94.8,43.6232,-116.2006,0.0161,1.0,5.6388,9,0,5,,,,,,False,1.0,0.0,25.0,2.0,0.0,1.0,11.0,0.92,0.1959,"LINESTRING (-116.200156 43.622916, -116.201121 43.623405)"
3000,8223328293,8223343105,0,nan,footway,82.2,43.6288,-116.1963,0.0127,1.0,5.1857,1,0,0,,,,,,False,1.0,0.0,25.0,2.0,0.0,1.0,12.0,0.92,0.034,"LINESTRING (-116.196262 43.628464, -116.196261 43.629202)"
3001,8223328296,8223342939,0,nan,footway,82.0,43.6271,-116.1963,0.0171,1.0,4.6883,0,0,0,,,,,,False,1.0,0.0,25.0,2.0,0.0,1.0,12.0,0.92,0.0756,"LINESTRING (-116.196263 43.627443, -116.196264 43.626706)"
3002,8223328298,8223343078,0,nan,footway,82.4,43.6262,-116.1963,0.0164,1.0,5.0405,1,0,0,,,,,,False,1.0,0.0,25.0,2.0,0.0,1.0,12.0,0.92,0.033,"LINESTRING (-116.196278 43.625826, -116.196265 43.626566)"
3003,8223328300,8223343053,0,nan,footway,82.3,43.6253,-116.1963,0.0459,1.0,5.201,1,0,1,,,,,,False,1.0,0.0,25.0,2.0,0.0,1.0,13.0,0.92,0.1005,"LINESTRING (-116.196273 43.625673, -116.196267 43.624933)"
3004,8223328301,8223343005,0,nan,footway,82.0,43.6244,-116.1963,0.0226,1.0,6.074,0,0,1,,,,,,False,1.0,0.0,25.0,2.0,0.0,1.0,13.0,0.92,0.1539,"LINESTRING (-116.196268 43.624041, -116.196267 43.624779)"
3005,8223328304,11691194069,0,nan,path,177.8,43.6222,-116.1962,0.0258,1.0,5.9149,2,0,2,,,,,,False,1.0,0.0,25.0,2.0,0.0,1.0,7.0,0.92,0.1288,"LINESTRING (-116.19602 43.621522, -116.196008 43.621538, -116.195887 43.621564, -116.195884 43.621579, -116.195985 43.621781, -116.196053 43.621885, -116.19617 43.622098, -116.196272 43.622242, -116.196271 43.622361, -116.19627 43.622995)"
3006,8223328305,8333940189,0,nan,footway,30.2,43.6225,-116.1965,0.0474,1.0,6.9788,0,0,2,,,,,,False,1.0,0.0,25.0,2.0,0.0,1.0,0.0,0.92,0.2294,"LINESTRING (-116.196501 43.622625, -116.196502 43.622354)"
3007,8223328315,8223343107,0,nan,footway,82.2,43.6288,-116.1965,0.0053,1.0,5.4034,1,0,0,,,,,,False,1.0,0.0,25.0,2.0,0.0,1.0,12.0,0.92,0.0348,"LINESTRING (-116.196479 43.628464, -116.196476 43.629203)"
3008,8223337156,8235223503,0,nan,footway,71.1,43.611,-116.1906,0.3369,0.75,5.4786,3,0,3,0.0278,0.1815,0.3392,0.0003,0.0098,True,1.0,0.0,25.0,2.0,0.0,1.0,5.0,0.92,0.3581,"LINESTRING (-116.190324 43.61128, -116.190803 43.610784, -116.1908 43.610749)"
3009,8223337162,8223337182,0,nan,footway,45.4,43.6112,-116.192,0.2123,1.0,0.0,3,0,5,0.0531,0.2155,0.2546,0.0812,0.0138,True,1.0,0.0,25.0,2.0,0.0,1.0,5.0,0.92,0.138,"LINESTRING (-116.191831 43.61141, -116.192048 43.611189, -116.192082 43.611179, -116.192117 43.611131, -116.192105 43.611076)"
3010,8223337162,8235235555,0,nan,footway,97.1,43.6109,-116.1916,0.3893,1.0,5.1494,4,0,4,0.0207,0.295,0.1853,0.073,0.0039,True,1.0,0.0,25.0,2.0,0.0,1.0,9.0,0.92,0.3288,"LINESTRING (-116.191 43.61079, -116.191035 43.610797, -116.191721 43.610912, -116.191926 43.610966, -116.192054 43.611011, -116.192083 43.611035, -116.192105 43.611076)"
3011,8223337174,8235235474,0,North Straughan Avenue,residential,32.5,43.6089,-116.1863,0.0506,0.5,4.7597,8,0,0,0.0192,0.2797,0.2247,0.0188,0.0104,True,0.0,2.0,25.0,2.0,0.179,0.5,6.0,0.881,0.0992,"LINESTRING (-116.186161 43.609001, -116.186368 43.608751)"
3012,8223337175,9529570112,0,North Bruce Avenue,residential,38.5,43.6095,-116.1877,0.0598,1.0,5.9624,1,0,0,,,,,,False,0.0,2.0,25.0,2.0,0.179,0.5,2.0,0.881,0.0648,"LINESTRING (-116.18755 43.609667, -116.187801 43.609373)"
3013,8223337175,8223337177,0,nan,footway,160.4,43.6098,-116.1886,0.4415,0.8889,6.3993,1,0,1,0.0912,0.2412,0.0173,0.1406,0.0026,True,1.0,0.0,25.0,2.0,0.0,1.0,4.0,0.92,0.3096,"LINESTRING (-116.18946 43.610172, -116.187859 43.609398, -116.187801 43.609373)"
3014,8223337177,8235235632,0,nan,footway,34.3,43.6103,-116.1896,0.5191,0.0,0.0,0,0,1,0.1566,0.3486,0.0657,0.0014,0.0052,True,1.0,0.0,25.0,2.0,0.0,1.0,1.0,0.92,0.4692,"LINESTRING (-116.189817 43.61034, -116.18946 43.610172)"
3015,8223337178,8235235632,0,nan,footway,47.3,43.6105,-116.1901,1.0581,0.0,0.0,2,1,1,0.119,0.2592,0.1754,0.0049,0.0058,True,1.0,0.0,25.0,2.0,0.0,1.0,2.0,0.92,0.7036,"LINESTRING (-116.189817 43.61034, -116.190311 43.610571)"
3016,8223337178,8968783130,0,nan,footway,41.2,43.6107,-116.1905,0.75,0.0,0.0,2,0,3,0.1376,0.1965,0.1947,0.0291,0.0172,True,1.0,0.0,25.0,2.0,0.0,1.0,3.0,0.92,0.5885,"LINESTRING (-116.190769 43.610733, -116.190764 43.61073, -116.19044 43.610631, -116.190311 43.610571)"
3017,8223337180,8235235582,0,nan,footway,40.5,43.612,-116.1912,0.5495,1.0,10.1084,143,2,5,,,,,,False,1.0,0.0,25.0,2.0,0.0,1.0,5.0,0.92,0.4313,"LINESTRING (-116.191381 43.611871, -116.191112 43.612146, -116.191087 43.612166)"
3018,8223337181,8235235571,0,East Bannock Street,unclassified,27.5,43.6117,-116.1913,0.1823,1.0,5.8445,133,0,4,0.0102,0.1315,0.2867,0.1086,0.0042,True,0.0,2.0,25.0,2.0,0.179,0.5,5.0,0.881,0.0284,"LINESTRING (-116.191186 43.611658, -116.191425 43.611779, -116.191464 43.6118)"
3019,8223337182,12677636566,0,nan,footway,41.2,43.6116,-116.1917,0.3512,1.0,6.2787,4,0,4,0.046,0.1222,0.1254,0.1586,0.017,True,1.0,0.0,25.0,2.0,0.0,1.0,6.0,0.92,0.3317,"LINESTRING (-116.191543 43.611717, -116.191831 43.61141)"
3020,8223337189,8223337190,0,nan,footway,83.7,43.6167,-116.1942,0.0353,0.8,3.7651,5,1,3,0.0017,0.4046,0.2579,0.0762,0.0154,True,1.0,0.0,25.0,2.0,0.0,1.0,12.0,0.92,0.2648,"LINESTRING (-116.194667 43.616952, -116.193983 43.616604, -116.193871 43.616481)"
3021,8223337190,8223397262,0,nan,footway,27.0,43.617,-116.1948,0.1746,0.5,3.7651,3,1,3,0.1186,0.43,0.0284,0.0704,0.0031,True,1.0,0.0,25.0,2.0,0.0,1.0,10.0,0.92,0.4457,"LINESTRING (-116.194941 43.617091, -116.194667 43.616952)"
3022,8223337192,9262348076,0,nan,footway,33.0,43.6184,-116.1972,0.0054,1.0,4.7411,5,0,3,,,,,,False,1.0,0.0,25.0,2.0,0.0,1.0,13.0,0.92,0.1059,"LINESTRING (-116.197065 43.618524, -116.197297 43.61828)"
3023,8223337192,9262348077,0,nan,footway,40.5,43.6182,-116.1971,0.0055,1.0,4.7411,5,0,1,,,,,,False,1.0,0.0,25.0,2.0,0.0,1.0,15.0,0.92,0.0,"LINESTRING (-116.196885 43.61807, -116.197297 43.61828)"
3024,8223337193,8223337194,0,nan,footway,58.6,43.6166,-116.1944,0.0207,0.25,16.1228,4,1,4,0.0024,0.6116,0.0346,0.0829,0.0012,True,1.0,0.0,25.0,2.0,0.0,1.0,9.0,0.92,0.6393,"LINESTRING (-116.194656 43.616713, -116.194058 43.616412)"
3025,8223337193,8223397227,0,nan,footway,44.0,43.6163,-116.1943,0.0337,0.3333,10.9739,5,1,4,0.0043,0.1506,0.5235,0.0384,0.0107,True,1.0,0.0,25.0,2.0,0.0,1.0,8.0,0.92,0.5668,"LINESTRING (-116.194427 43.616143, -116.194197 43.616373, -116.194093 43.616389, -116.194058 43.616412)"
3026,8223337194,8223397264,0,nan,footway,44.1,43.6168,-116.1949,0.0157,1.0,16.1228,3,2,3,0.0512,0.411,0.0378,0.1059,0.0021,True,1.0,0.0,25.0,2.0,0.0,1.0,11.0,0.92,0.4139,"LINESTRING (-116.195105 43.61694, -116.194656 43.616713)"
3027,8223337197,8223337198,0,nan,footway,49.0,43.6173,-116.1958,0.0,0.0,0.0,6,2,3,,,,,,False,1.0,0.0,25.0,2.0,0.0,1.0,11.0,0.92,0.3974,"LINESTRING (-116.196073 43.617428, -116.195574 43.617176)"
3028,8223337199,8987039928,0,nan,footway,47.2,43.618,-116.1972,0.005,1.0,12.1048,4,0,2,,,,,,False,1.0,0.0,25.0,2.0,0.0,1.0,14.0,0.92,0.152,"LINESTRING (-116.19695 43.617919, -116.196995 43.617943, -116.197071 43.617936, -116.197448 43.61812)"
3029,8223337201,8225202777,0,nan,footway,41.0,43.6186,-116.1953,0.0033,0.6667,5.946,2,0,2,,,,,,False,1.0,0.0,25.0,2.0,0.0,1.0,8.0,0.92,0.2296,"LINESTRING (-116.195397 43.618459, -116.195108 43.618763)"
3030,8223337201,8223343213,0,nan,footway,38.1,43.6189,-116.195,0.2592,1.0,5.946,2,0,3,,,,,,False,1.0,0.0,25.0,2.0,0.0,1.0,10.0,0.92,0.2735,"LINESTRING (-116.194839 43.619044, -116.195108 43.618763)"
3031,8223337203,8225202788,0,nan,footway,42.1,43.6182,-116.1957,0.0198,1.0,5.4107,7,1,3,,,,,,False,1.0,0.0,25.0,2.0,0.0,1.0,9.0,0.92,0.2043,"LINESTRING (-116.195543 43.618306, -116.195841 43.617995)"
3032,8223337203,8223337204,0,nan,footway,43.6,43.6178,-116.196,0.0215,1.0,5.7904,9,1,3,,,,,,False,1.0,0.0,25.0,2.0,0.0,1.0,11.0,0.92,0.1954,"LINESTRING (-116.196137 43.617672, -116.196135 43.617703, -116.195841 43.617995)"
3033,8223337204,8223397241,0,nan,footway,95.7,43.6174,-116.1957,0.0203,1.0,5.7904,10,2,3,0.0413,0.4266,0.2064,0.1468,0.005,True,1.0,0.0,25.0,2.0,0.0,1.0,19.0,0.92,0.2475,"LINESTRING (-116.19517 43.617173, -116.1961 43.617642, -116.196137 43.617672)"
3034,8223337208,8223397336,0,nan,footway,74.0,43.6165,-116.1973,0.159,0.6,9.7379,8,0,2,0.0493,0.2574,0.1482,0.1119,0.0089,True,1.0,0.0,25.0,2.0,0.0,1.0,11.0,0.92,0.2806,"LINESTRING (-116.197009 43.616746, -116.197537 43.616202)"
3035,8223337210,8223337211,0,nan,footway,42.1,43.6155,-116.1982,0.3137,1.0,3.9714,11,0,3,0.0645,0.2692,0.1677,0.1661,0.0056,True,1.0,0.0,25.0,2.0,0.0,1.0,6.0,0.92,0.1623,"LINESTRING (-116.198328 43.61539, -116.19803 43.615702)"
3036,8223337210,8225202758,0,nan,footway,41.9,43.6159,-116.1979,1.5869,1.0,8.8772,3,0,3,0.0202,0.1177,0.2291,0.1643,0.0176,True,1.0,0.0,25.0,2.0,0.0,1.0,11.0,0.92,0.8079,"LINESTRING (-116.197734 43.616011, -116.19803 43.615702)"
3037,8223337211,8332771789,0,nan,footway,26.3,43.6153,-116.1982,0.3315,1.0,3.9714,10,0,3,0.0675,0.225,0.2071,0.1326,0.009,True,1.0,0.0,25.0,2.0,0.0,1.0,6.0,0.92,0.1754,"LINESTRING (-116.19806 43.615254, -116.198328 43.61539)"
3038,8223337212,8223397219,0,nan,footway,41.9,43.6148,-116.1989,0.3557,1.0,5.7146,38,6,4,0.016,0.1679,0.2238,0.1804,0.0081,True,1.0,0.0,25.0,2.0,0.0,1.0,10.0,0.92,0.4654,"LINESTRING (-116.199061 43.614622, -116.198765 43.614932)"
3039,8223337212,8223397305,0,nan,footway,41.7,43.6151,-116.1986,0.0639,1.0,5.0861,28,5,4,0.0457,0.1671,0.2666,0.1228,0.013,True,1.0,0.0,25.0,2.0,0.0,1.0,7.0,0.92,0.3396,"LINESTRING (-116.198471 43.61524, -116.198765 43.614932)"
3040,8223337214,8223397233,0,nan,footway,41.4,43.6137,-116.1968,0.3929,1.0,7.6622,12,0,7,0.0182,0.6864,0.0359,0.0273,0.0017,True,1.0,0.0,25.0,2.0,0.0,1.0,7.0,0.92,0.4587,"LINESTRING (-116.196629 43.613848, -116.196922 43.613541)"
3041,8223337214,8223397273,0,nan,footway,94.2,43.6138,-116.1974,0.0752,0.5,6.8225,27,0,6,0.0183,0.5519,0.102,0.1169,0.0078,True,1.0,0.0,25.0,2.0,0.0,1.0,17.0,0.92,0.3806,"LINESTRING (-116.197882 43.614026, -116.197484 43.613825, -116.196922 43.613541)"
3042,8223342418,8223342941,0,nan,footway,82.0,43.6271,-116.1965,0.0368,1.0,4.6715,0,0,0,,,,,,False,1.0,0.0,25.0,2.0,0.0,1.0,12.0,0.92,0.083,"LINESTRING (-116.196483 43.627444, -116.196486 43.626706)"
3043,8223342420,8223343080,0,nan,footway,82.7,43.6262,-116.1965,0.0155,1.0,4.6366,1,0,0,,,,,,False,1.0,0.0,25.0,2.0,0.0,1.0,12.0,0.92,0.0254,"LINESTRING (-116.196489 43.625823, -116.196486 43.626567)"
3044,8223342422,10687466430,0,nan,footway,40.8,43.6251,-116.1965,0.0056,1.0,5.0038,1,0,1,,,,,,False,1.0,0.0,25.0,2.0,0.0,1.0,7.0,0.92,0.0814,"LINESTRING (-116.19649 43.6253, -116.196492 43.624933)"
3045,8223342424,9501589550,0,nan,footway,40.2,43.6246,-116.1965,0.021,1.0,2.8449,0,0,1,,,,,,False,1.0,0.0,25.0,2.0,0.0,1.0,7.0,0.92,0.0893,"LINESTRING (-116.196494 43.624417, -116.196493 43.624779)"
3046,8223342426,8223343029,0,nan,footway,43.2,43.6237,-116.1965,0.0503,1.0,4.5825,0,0,2,,,,,,False,1.0,0.0,25.0,2.0,0.0,1.0,7.0,0.92,0.1931,"LINESTRING (-116.196496 43.623892, -116.196498 43.623504)"
3047,8223342426,8223342990,0,nan,footway,40.4,43.6233,-116.1965,0.0072,1.0,4.5217,0,0,2,,,,,,False,1.0,0.0,25.0,2.0,0.0,1.0,7.0,0.92,0.1751,"LINESTRING (-116.196499 43.62314, -116.196498 43.623504)"
3048,8223342428,8333940189,0,nan,footway,41.1,43.6228,-116.1965,0.0161,1.0,6.9788,0,0,2,,,,,,False,1.0,0.0,25.0,2.0,0.0,1.0,6.0,0.92,0.2172,"LINESTRING (-116.196501 43.622625, -116.1965 43.622995)"
3049,8223342486,8223342488,0,nan,footway,55.4,43.6281,-116.2154,0.0123,1.0,5.1434,0,0,2,,,,,,False,1.0,0.0,25.0,2.0,0.0,1.0,5.0,0.92,0.1883,"LINESTRING (-116.215136 43.62795, -116.215644 43.628286)"
3050,8223342486,8223342508,0,nan,footway,103.6,43.6288,-116.2156,0.0586,1.0,5.1511,0,0,2,,,,,,False,1.0,0.0,25.0,2.0,0.0,1.0,7.0,0.92,0.2065,"LINESTRING (-116.21564 43.629218, -116.215644 43.628286)"
3051,8223342487,8223342488,0,nan,footway,58.4,43.6278,-116.2149,0.0022,1.0,5.6378,0,0,3,,,,,,False,1.0,0.0,25.0,2.0,0.0,1.0,5.0,0.92,0.2457,"LINESTRING (-116.215136 43.62795, -116.214612 43.627603, -116.214601 43.627596)"
3052,8223342639,8223343040,0,nan,footway,90.8,43.6235,-116.2,0.0101,0.8333,6.2998,4,0,4,,,,,,False,1.0,0.0,25.0,2.0,0.0,1.0,10.0,0.92,0.2535,"LINESTRING (-116.2 43.623888, -116.200004 43.623072)"
3053,8223342640,11733513817,0,nan,footway,102.0,43.621,-116.2027,0.0197,0.8333,10.8355,9,2,9,,,,,,False,1.0,0.0,25.0,2.0,0.0,1.0,12.0,0.92,0.6862,"LINESTRING (-116.203251 43.621278, -116.203183 43.621271, -116.203162 43.621262, -116.203143 43.621253, -116.202208 43.620767)"
3054,8223342655,8223343118,0,nan,footway,82.3,43.6288,-116.2,0.0075,1.0,5.0154,4,0,0,,,,,,False,1.0,0.0,25.0,2.0,0.0,1.0,12.0,0.92,0.0,"LINESTRING (-116.199983 43.628465, -116.19998 43.629205)"
3055,8223342657,8223342879,0,nan,footway,82.6,43.628,-116.2,0.0108,1.0,5.697,0,0,0,,,,,,False,1.0,0.0,25.0,2.0,0.0,1.0,12.0,0.92,0.0903,"LINESTRING (-116.199984 43.628324, -116.199987 43.627582)"
3056,8223342659,8223342660,0,nan,footway,82.6,43.6271,-116.2,0.0253,1.0,5.3796,0,0,2,,,,,,False,1.0,0.0,25.0,2.0,0.0,1.0,11.0,0.92,0.1973,"LINESTRING (-116.19999 43.626708, -116.199987 43.627451)"
3057,8223342662,8223342663,0,nan,footway,41.6,43.6264,-116.2,0.0331,1.0,5.4357,0,0,2,,,,,,False,1.0,0.0,25.0,2.0,0.0,1.0,7.0,0.92,0.2013,"LINESTRING (-116.199992 43.626194, -116.19999 43.626569)"
3058,8223342663,8223343090,0,nan,footway,41.2,43.626,-116.2,0.008,1.0,6.9472,0,0,2,,,,,,False,1.0,0.0,25.0,2.0,0.0,1.0,7.0,0.92,0.2136,"LINESTRING (-116.199993 43.625823, -116.199992 43.626194)"
3059,8223342665,8223343065,0,nan,footway,82.2,43.6253,-116.2,0.0115,1.0,4.7283,0,0,3,,,,,,False,1.0,0.0,25.0,2.0,0.0,1.0,11.0,0.92,0.2339,"LINESTRING (-116.199994 43.625675, -116.199996 43.624936)"
3060,8223342667,8223342668,0,nan,footway,39.9,43.6246,-116.2,0.0161,1.0,5.4476,0,0,4,,,,,,False,1.0,0.0,25.0,2.0,0.0,1.0,5.0,0.92,0.3013,"LINESTRING (-116.199998 43.624423, -116.199997 43.624782)"
3061,8223342668,8223343018,0,nan,footway,42.1,43.6242,-116.2,0.0076,1.0,5.1285,0,0,4,,,,,,False,1.0,0.0,25.0,2.0,0.0,1.0,7.0,0.92,0.2927,"LINESTRING (-116.2 43.624044, -116.199998 43.624423)"
3062,8223342671,8223342672,0,nan,footway,42.1,43.6228,-116.2003,0.0079,1.0,5.8442,7,0,7,,,,,,False,1.0,0.0,25.0,2.0,0.0,1.0,7.0,0.92,0.3181,"LINESTRING (-116.200459 43.622607, -116.200156 43.622916)"
3063,8223342672,8223342673,0,nan,footway,39.9,43.6225,-116.2006,0.0119,1.0,5.0211,4,0,9,,,,,,False,1.0,0.0,25.0,2.0,0.0,1.0,7.0,0.92,0.4456,"LINESTRING (-116.200745 43.622315, -116.200459 43.622607)"
3064,8223342675,11733513834,0,nan,footway,93.8,43.6224,-116.2014,0.0307,0.6667,5.957,12,0,9,,,,,,False,1.0,0.0,25.0,2.0,0.0,1.0,11.0,0.92,0.51,"LINESTRING (-116.201857 43.622638, -116.200904 43.622153)"
3065,8223342675,8223342676,0,nan,footway,40.8,43.622,-116.2011,0.0023,1.0,6.6121,9,0,9,,,,,,False,1.0,0.0,25.0,2.0,0.0,1.0,6.0,0.92,0.4178,"LINESTRING (-116.201197 43.621854, -116.200904 43.622153)"
3066,8223342676,8223342677,0,nan,footway,42.6,43.6217,-116.2013,0.0177,1.0,6.4907,3,0,9,,,,,,False,1.0,0.0,25.0,2.0,0.0,1.0,6.0,0.92,0.4865,"LINESTRING (-116.201503 43.621542, -116.201197 43.621854)"
3067,8223342681,8223343038,0,nan,footway,102.1,43.6234,-116.1998,0.0381,1.0,6.1427,3,0,4,,,,,,False,1.0,0.0,25.0,2.0,0.0,1.0,10.0,0.92,0.2233,"LINESTRING (-116.1998 43.623888, -116.199805 43.62297)"
3068,8223342696,8223343116,0,nan,footway,82.3,43.6288,-116.1998,0.0135,1.0,4.7387,4,0,0,,,,,,False,1.0,0.0,25.0,2.0,0.0,1.0,12.0,0.92,0.0,"LINESTRING (-116.199778 43.628465, -116.199774 43.629205)"
3069,8223342698,8223342877,0,nan,footway,82.6,43.628,-116.1998,0.0365,1.0,4.7986,0,0,0,,,,,,False,1.0,0.0,25.0,2.0,0.0,1.0,11.0,0.92,0.0852,"LINESTRING (-116.199779 43.628324, -116.199782 43.627582)"
3070,8223342700,8223342701,0,nan,footway,82.6,43.6271,-116.1998,0.0139,1.0,4.7453,0,0,2,,,,,,False,1.0,0.0,25.0,2.0,0.0,1.0,9.0,0.92,0.1819,"LINESTRING (-116.199787 43.626708, -116.199783 43.627451)"
3071,8223342703,8223342704,0,nan,footway,41.6,43.6264,-116.1998,0.0161,1.0,4.4817,0,0,2,,,,,,False,1.0,0.0,25.0,2.0,0.0,1.0,6.0,0.92,0.1778,"LINESTRING (-116.199789 43.626195, -116.199787 43.626569)"
3072,8223342704,8223343088,0,nan,footway,41.3,43.626,-116.1998,0.0189,1.0,5.5152,0,0,2,,,,,,False,1.0,0.0,25.0,2.0,0.0,1.0,6.0,0.92,0.197,"LINESTRING (-116.199791 43.625823, -116.199789 43.626195)"
3073,8223342706,8223343063,0,nan,footway,40.6,43.6255,-116.1998,0.0762,1.0,5.6705,0,0,3,,,,,,False,1.0,0.0,25.0,2.0,0.0,1.0,5.0,0.92,0.2751,"LINESTRING (-116.199792 43.625675, -116.199793 43.62531)"
3074,8223342706,8223342707,0,nan,footway,41.6,43.6251,-116.1998,0.0179,1.0,0.0,0,0,4,,,,,,False,1.0,0.0,25.0,2.0,0.0,1.0,6.0,0.92,0.1064,"LINESTRING (-116.199795 43.624936, -116.199793 43.62531)"
3075,8223342709,8223343016,0,nan,footway,82.0,43.6244,-116.1998,0.0211,1.0,4.5201,0,0,4,,,,,,False,1.0,0.0,25.0,2.0,0.0,1.0,12.0,0.92,0.287,"LINESTRING (-116.1998 43.624044, -116.199796 43.624782)"
3076,8223342712,8223342713,0,nan,footway,42.1,43.6227,-116.2001,0.0313,1.0,8.096,4,0,7,,,,,,False,1.0,0.0,25.0,2.0,0.0,1.0,7.0,0.92,0.39,"LINESTRING (-116.200248 43.622501, -116.199953 43.622813)"
3077,8223342713,8223342714,0,nan,footway,39.8,43.6224,-116.2004,0.07,1.0,7.0228,3,0,9,,,,,,False,1.0,0.0,25.0,2.0,0.0,1.0,7.0,0.92,0.5141,"LINESTRING (-116.200528 43.622205, -116.200248 43.622501)"
3078,8223342716,8223342717,0,nan,footway,40.7,43.6219,-116.2008,0.0048,1.0,5.6003,6,0,9,,,,,,False,1.0,0.0,25.0,2.0,0.0,1.0,7.0,0.92,0.4288,"LINESTRING (-116.200968 43.621739, -116.200683 43.622041)"
3079,8223342717,8223342718,0,nan,footway,42.4,43.6216,-116.2011,0.0824,1.0,5.9168,3,0,10,,,,,,False,1.0,0.0,25.0,2.0,0.0,1.0,6.0,0.92,0.5566,"LINESTRING (-116.201266 43.621424, -116.200968 43.621739)"
3080,8223342785,8228573518,0,nan,footway,94.6,43.6279,-116.2144,0.0195,1.0,4.6506,1,0,3,,,,,,False,1.0,0.0,25.0,2.0,0.0,1.0,5.0,0.92,0.1869,"LINESTRING (-116.214442 43.627488, -116.21444 43.628338)"
3081,8223342785,8223342925,0,nan,footway,40.9,43.6283,-116.2142,0.0156,1.0,4.016,0,0,3,,,,,,False,1.0,0.0,25.0,2.0,0.0,1.0,3.0,0.92,0.2216,"LINESTRING (-116.213932 43.628338, -116.21444 43.628338)"
3082,8223342786,9529570195,0,nan,footway,55.2,43.6283,-116.1936,0.0383,1.0,3.6546,0,0,0,,,,,,False,1.0,0.0,25.0,2.0,0.0,1.0,4.0,0.92,0.0628,"LINESTRING (-116.193272 43.628314, -116.193395 43.628332, -116.193516 43.628339, -116.193926 43.628338, -116.193937 43.628319)"
3083,8223342786,8225216614,0,nan,footway,90.0,43.6279,-116.1939,0.0331,1.0,4.4844,0,0,0,,,,,,False,1.0,0.0,25.0,2.0,0.0,1.0,6.0,0.92,0.0781,"LINESTRING (-116.193936 43.627509, -116.193936 43.627554, -116.193937 43.628319)"
3084,8223342859,11272194217,0,nan,footway,329.4,43.6302,-116.1892,0.0123,0.7368,5.2761,0,0,0,,,,,,False,1.0,0.0,25.0,2.0,0.0,1.0,2.0,0.92,0.1702,"LINESTRING (-116.189605 43.629832, -116.189588 43.629913, -116.189555 43.629998, -116.189494 43.63009, -116.18943 43.630167, -116.18936 43.630224, -116.189262 43.630294, -116.189173 43.630346, -116.189149 43.630388, -116.189133 43.630426, -116.18911 43.630452, -116.189067 43.630477, -116.18903 43.630492, -116.188974 43.630499, -116.188912 43.630494, -116.18886 43.630477, -116.188817 43.630448, -116.188784 43.63041, -116.188778 43.630364, -116.188787 43.630319, -116.188811 43.630281, -116.188857 43.63025, -116.188912 43.630232, -116.18896 43.630229, -116.189013 43.630233, -116.189058 43.630245, -116.189089 43.630253, -116.189122 43.630253, -116.189167 43.630235, -116.189261 43.630172, -116.189383 43.630053, -116.189441 43.629968, -116.189477 43.629864, -116.189492 43.629764, -116.189471 43.62956, -116.189466 43.629497, -116.189516 43.629231, -116.189518 43.629165, -116.189502 43.629104, -116.189327 43.628875, -116.1893 43.628824)"
3085,8223342859,8223342926,0,nan,footway,33.4,43.6287,-116.1893,0.0045,1.0,4.2644,0,0,0,,,,,,False,1.0,0.0,25.0,2.0,0.0,1.0,2.0,0.92,0.0626,"LINESTRING (-116.189316 43.628536, -116.189293 43.628563, -116.18926 43.628664, -116.189261 43.628754, -116.1893 43.628824)"
3086,8223342860,8223342926,0,nan,footway,113.9,43.6282,-116.1898,0.0113,1.0,5.2191,1,0,0,,,,,,False,1.0,0.0,25.0,2.0,0.0,1.0,3.0,0.92,0.0341,"LINESTRING (-116.189316 43.628536, -116.189418 43.628418, -116.189505 43.628336, -116.189564 43.628299, -116.189645 43.628265, -116.190306 43.628106, -116.190363 43.628079, -116.190398 43.628025, -116.190453 43.628007)"
3087,8223342860,9529570195,0,nan,footway,235.0,43.628,-116.1919,0.003,1.0,5.0695,0,0,0,,,,,,False,1.0,0.0,25.0,2.0,0.0,1.0,2.0,0.92,0.077,"LINESTRING (-116.193272 43.628314, -116.193259 43.628313, -116.19311 43.628265, -116.192645 43.628094, -116.192494 43.628044, -116.192382 43.628013, -116.192284 43.627998, -116.192078 43.62799, -116.190543 43.627989, -116.190498 43.627992, -116.190453 43.628007)"
3088,8223342862,8225216597,0,nan,footway,37.1,43.6283,-116.1944,0.0135,1.0,5.2185,0,0,0,,,,,,False,1.0,0.0,25.0,2.0,0.0,1.0,6.0,0.92,0.0836,"LINESTRING (-116.194144 43.628319, -116.194604 43.628319)"
3089,8223342862,8225216570,0,nan,footway,39.8,43.6283,-116.1949,0.0145,1.0,5.0963,0,0,0,,,,,,False,1.0,0.0,25.0,2.0,0.0,1.0,7.0,0.92,0.0819,"LINESTRING (-116.195098 43.62832, -116.194604 43.628319)"
3090,8223342863,8223342963,0,North 6th Street,residential,82.1,43.628,-116.1952,0.0196,1.0,5.0125,0,0,0,,,,,,False,0.0,2.0,25.0,2.0,0.179,0.5,8.0,0.881,0.0824,"LINESTRING (-116.195203 43.627581, -116.195205 43.628307, -116.195206 43.62832)"
3091,8223342864,8223342964,0,nan,footway,82.1,43.628,-116.1953,0.0182,1.0,4.514,0,0,0,,,,,,False,1.0,0.0,25.0,2.0,0.0,1.0,12.0,0.92,0.0728,"LINESTRING (-116.195318 43.627581, -116.195318 43.62832)"
3092,8223342864,8223342865,0,nan,footway,37.7,43.6283,-116.1956,0.0591,1.0,4.6194,0,0,0,,,,,,False,1.0,0.0,25.0,2.0,0.0,1.0,7.0,0.92,0.0907,"LINESTRING (-116.195786 43.62832, -116.195318 43.62832)"
3093,8223342865,8223342866,0,nan,footway,38.3,43.6283,-116.196,0.0,1.0,3.7174,1,0,0,,,,,,False,1.0,0.0,25.0,2.0,0.0,1.0,7.0,0.92,0.0006,"LINESTRING (-116.196262 43.628321, -116.195786 43.62832)"
3094,8223342866,8223342966,0,nan,footway,82.3,43.628,-116.1963,0.0069,1.0,3.9095,1,0,0,,,,,,False,1.0,0.0,25.0,2.0,0.0,1.0,12.0,0.92,0.0075,"LINESTRING (-116.196263 43.627581, -116.196262 43.628321)"
3095,8223342867,8223342967,0,North 7th Street,residential,82.3,43.628,-116.1964,0.0117,1.0,3.9095,1,0,0,,,,,,False,0.0,2.0,25.0,2.0,0.179,0.5,8.0,0.881,0.0094,"LINESTRING (-116.196365 43.627581, -116.196365 43.627589, -116.196365 43.628321)"
3096,8223342868,8223342968,0,nan,footway,82.3,43.628,-116.1965,0.0115,1.0,4.7696,1,0,0,,,,,,False,1.0,0.0,25.0,2.0,0.0,1.0,12.0,0.92,0.0263,"LINESTRING (-116.196482 43.627581, -116.19648 43.628321)"
3097,8223342868,8223342869,0,nan,footway,39.1,43.6283,-116.1967,0.0,1.0,4.8072,1,0,0,,,,,,False,1.0,0.0,25.0,2.0,0.0,1.0,7.0,0.92,0.0225,"LINESTRING (-116.196966 43.628322, -116.19648 43.628321)"
3098,8223342869,8223343174,0,nan,footway,39.6,43.6283,-116.1972,0.0241,1.0,2.8971,1,0,0,,,,,,False,1.0,0.0,25.0,2.0,0.0,1.0,7.0,0.92,0.0,"LINESTRING (-116.197459 43.628322, -116.196966 43.628322)"
3099,8223342871,8223342971,0,nan,footway,82.4,43.628,-116.1977,0.0195,1.0,6.3202,1,0,0,,,,,,False,1.0,0.0,25.0,2.0,0.0,1.0,12.0,0.92,0.0544,"LINESTRING (-116.197656 43.627581, -116.19765 43.628322)"
3100,8223342871,8223342872,0,nan,footway,39.1,43.6283,-116.1979,0.0422,1.0,3.6558,0,0,0,,,,,,False,1.0,0.0,25.0,2.0,0.0,1.0,7.0,0.92,0.0644,"LINESTRING (-116.198135 43.628323, -116.19765 43.628322)"
3101,8223342872,8223342873,0,nan,footway,38.4,43.6283,-116.1984,0.0112,1.0,3.9229,1,0,0,,,,,,False,1.0,0.0,25.0,2.0,0.0,1.0,7.0,0.92,0.0095,"LINESTRING (-116.198612 43.628323, -116.198135 43.628323)"
3102,8223342873,8223342973,0,nan,footway,82.6,43.628,-116.1986,0.0186,1.0,5.5602,1,0,0,,,,,,False,1.0,0.0,25.0,2.0,0.0,1.0,11.0,0.92,0.0425,"LINESTRING (-116.198615 43.62758, -116.198612 43.628323)"
3103,8223342874,8223342974,0,North 9th Street,residential,82.6,43.628,-116.1987,0.0181,1.0,5.5602,1,0,0,,,,,,False,0.0,2.0,25.0,2.0,0.179,0.5,7.0,0.881,0.0423,"LINESTRING (-116.198733 43.62758, -116.198729 43.628323)"
3104,8223342875,8223342876,0,nan,footway,38.5,43.6283,-116.1991,0.0619,1.0,0.0,1,0,0,,,,,,False,1.0,0.0,25.0,2.0,0.0,1.0,7.0,0.92,0.0,"LINESTRING (-116.199298 43.628324, -116.198819 43.628323)"
3105,8223342875,8223342948,0,nan,footway,82.6,43.628,-116.1988,0.0158,0.8,8.4806,1,0,0,,,,,,False,1.0,0.0,25.0,2.0,0.0,1.0,10.0,0.92,0.1455,"LINESTRING (-116.198823 43.62758, -116.198819 43.628323)"
3106,8223342876,8223342877,0,nan,footway,38.7,43.6283,-116.1995,0.077,1.0,4.7986,1,0,0,,,,,,False,1.0,0.0,25.0,2.0,0.0,1.0,7.0,0.92,0.0523,"LINESTRING (-116.199779 43.628324, -116.199298 43.628324)"
3107,8223342879,8223342880,0,nan,footway,39.4,43.6283,-116.2002,0.007,1.0,3.917,0,0,0,,,,,,False,1.0,0.0,25.0,2.0,0.0,1.0,7.0,0.92,0.0564,"LINESTRING (-116.200473 43.628325, -116.199984 43.628324)"
3108,8223342880,8223342881,0,nan,footway,37.9,43.6283,-116.2007,0.0093,1.0,4.1304,0,0,0,,,,,,False,1.0,0.0,25.0,2.0,0.0,1.0,7.0,0.92,0.0618,"LINESTRING (-116.200943 43.628325, -116.200473 43.628325)"
3109,8223342883,8223342884,0,nan,footway,38.9,43.6283,-116.2014,0.0562,1.0,0.0,0,0,2,,,,,,False,1.0,0.0,25.0,2.0,0.0,1.0,7.0,0.92,0.0149,"LINESTRING (-116.201646 43.628326, -116.201163 43.628326)"
3110,8223342884,8223342885,0,nan,footway,38.1,43.6283,-116.2019,0.0394,1.0,5.0677,0,0,2,,,,,,False,1.0,0.0,25.0,2.0,0.0,1.0,7.0,0.92,0.1976,"LINESTRING (-116.202119 43.628326, -116.201646 43.628326)"
3111,8223342887,8223342888,0,nan,footway,38.9,43.6283,-116.2026,0.2041,1.0,3.9992,1,0,2,,,,,,False,1.0,0.0,25.0,2.0,0.0,1.0,7.0,0.92,0.1928,"LINESTRING (-116.202814 43.628327, -116.20233 43.628327)"
3112,8223342888,8223342889,0,nan,footway,38.6,43.6283,-116.2031,0.2292,1.0,4.1918,2,0,2,,,,,,False,1.0,0.0,25.0,2.0,0.0,1.0,7.0,0.92,0.178,"LINESTRING (-116.203294 43.628328, -116.202814 43.628327)"
3113,8223342891,8223342892,0,nan,footway,42.0,43.6283,-116.2037,0.0505,1.0,5.0671,1,0,2,,,,,,False,1.0,0.0,25.0,2.0,0.0,1.0,6.0,0.92,0.1532,"LINESTRING (-116.203986 43.628328, -116.203464 43.628328)"
3114,8223342892,8223342893,0,nan,footway,40.3,43.6283,-116.2042,0.014,1.0,4.5273,1,0,2,,,,,,False,1.0,0.0,25.0,2.0,0.0,1.0,6.0,0.92,0.1292,"LINESTRING (-116.204487 43.628329, -116.203986 43.628328)"
3115,8223342895,8223342896,0,nan,footway,39.5,43.6283,-116.2049,0.0396,1.0,7.3643,0,0,2,,,,,,False,1.0,0.0,25.0,2.0,0.0,1.0,6.0,0.92,0.2313,"LINESTRING (-116.205177 43.628329, -116.204686 43.628329)"
3116,8223342896,8223342897,0,nan,footway,41.5,43.6283,-116.2054,0.0272,1.0,4.3687,1,0,2,,,,,,False,1.0,0.0,25.0,2.0,0.0,1.0,7.0,0.92,0.1313,"LINESTRING (-116.205692 43.62833, -116.205177 43.628329)"
3117,8223342899,8223342900,0,nan,footway,38.8,43.6283,-116.2062,0.1844,1.0,4.6613,1,0,2,,,,,,False,1.0,0.0,25.0,2.0,0.0,1.0,6.0,0.92,0.1982,"LINESTRING (-116.206441 43.628331, -116.205959 43.62833)"
3118,8223342900,8223342901,0,nan,footway,41.1,43.6283,-116.2067,0.0152,1.0,4.4963,1,0,2,,,,,,False,1.0,0.0,25.0,2.0,0.0,1.0,7.0,0.92,0.1291,"LINESTRING (-116.206952 43.628331, -116.206441 43.628331)"
3119,8223342903,8223342904,0,nan,footway,39.9,43.6283,-116.2074,0.0511,1.0,5.4649,0,0,2,,,,,,False,1.0,0.0,25.0,2.0,0.0,1.0,6.0,0.92,0.2088,"LINESTRING (-116.207642 43.628332, -116.207146 43.628331)"
3120,8223342904,8223342905,0,nan,footway,42.1,43.6283,-116.2079,0.0254,1.0,0.0,0,0,2,,,,,,False,1.0,0.0,25.0,2.0,0.0,1.0,9.0,0.92,0.0029,"LINESTRING (-116.208165 43.628332, -116.207642 43.628332)"
3121,8223342905,8223342908,0,nan,footway,27.4,43.6283,-116.2083,0.2317,0.5,5.9539,0,0,2,,,,,,False,1.0,0.0,25.0,2.0,0.0,1.0,8.0,0.92,0.4504,"LINESTRING (-116.208505 43.628333, -116.208442 43.628332, -116.208368 43.628332, -116.208252 43.628332, -116.208215 43.628332, -116.208165 43.628332)"
3122,8223342908,8223342909,0,nan,footway,39.5,43.6283,-116.2088,0.0076,1.0,5.9539,0,0,2,,,,,,False,1.0,0.0,25.0,2.0,0.0,1.0,8.0,0.92,0.1995,"LINESTRING (-116.208996 43.628333, -116.208505 43.628333)"
3123,8223342909,8223342910,0,nan,footway,40.7,43.6283,-116.2092,0.0705,1.0,0.0,0,0,2,,,,,,False,1.0,0.0,25.0,2.0,0.0,1.0,7.0,0.92,0.0204,"LINESTRING (-116.209502 43.628333, -116.208996 43.628333)"
3124,8223342912,8223342913,0,nan,footway,39.1,43.6283,-116.2099,0.0081,1.0,5.218,0,0,2,,,,,,False,1.0,0.0,25.0,2.0,0.0,1.0,6.0,0.92,0.1879,"LINESTRING (-116.210183 43.628334, -116.209697 43.628334)"
3125,8223342913,8223342914,0,nan,footway,44.1,43.6283,-116.2105,0.0677,1.0,3.6717,0,0,2,,,,,,False,1.0,0.0,25.0,2.0,0.0,1.0,7.0,0.92,0.1812,"LINESTRING (-116.21073 43.628335, -116.210183 43.628334)"
3126,8223342916,8223342917,0,nan,footway,42.1,43.6283,-116.2113,0.0033,1.0,5.0223,0,0,1,,,,,,False,1.0,0.0,25.0,2.0,0.0,1.0,6.0,0.92,0.1295,"LINESTRING (-116.21152 43.628335, -116.210997 43.628335)"
3127,8223342917,8223342918,0,nan,footway,42.1,43.6283,-116.2118,0.0143,0.6667,5.6387,0,0,1,,,,,,False,1.0,0.0,25.0,2.0,0.0,1.0,6.0,0.92,0.253,"LINESTRING (-116.212042 43.628336, -116.21152 43.628335)"
3128,8223342920,8223342921,0,nan,footway,39.1,43.6283,-116.2125,0.0183,1.0,5.7462,0,0,1,,,,,,False,1.0,0.0,25.0,2.0,0.0,1.0,6.0,0.92,0.1472,"LINESTRING (-116.212713 43.628337, -116.212227 43.628336)"
3129,8223342921,8223342922,0,nan,footway,43.3,43.6283,-116.213,0.0163,0.6667,6.9455,0,0,3,,,,,,False,1.0,0.0,25.0,2.0,0.0,1.0,7.0,0.92,0.3791,"LINESTRING (-116.213251 43.628337, -116.212713 43.628337)"
3130,8223342923,8223397429,0,North 20th Street,residential,176.1,43.6275,-116.2133,0.016,1.0,5.0827,2,0,4,,,,,,False,0.0,2.0,20.0,2.0,0.143,0.5,10.0,0.943,0.218,"LINESTRING (-116.213336 43.626753, -116.213336 43.627522, -116.213336 43.628337)"
3131,8223342924,8223397397,0,nan,footway,171.7,43.6276,-116.2134,0.0159,0.9,4.6757,2,0,4,,,,,,False,1.0,0.0,25.0,2.0,0.0,1.0,10.0,0.92,0.2434,"LINESTRING (-116.213425 43.626794, -116.213425 43.628337)"
3132,8223342924,8223342925,0,nan,footway,40.8,43.6283,-116.2137,0.0565,1.0,4.1942,0,0,3,,,,,,False,1.0,0.0,25.0,2.0,0.0,1.0,6.0,0.92,0.2411,"LINESTRING (-116.213932 43.628338, -116.213425 43.628337)"
3133,8223342927,11272194217,0,nan,footway,150.2,43.6292,-116.1896,0.0753,1.0,4.9576,0,0,0,,,,,,False,1.0,0.0,25.0,2.0,0.0,1.0,2.0,0.92,0.1032,"LINESTRING (-116.189605 43.629832, -116.189613 43.629799, -116.189613 43.629721, -116.189592 43.629522, -116.189593 43.629494, -116.189639 43.629238, -116.189644 43.629165, -116.189628 43.629094, -116.189392 43.62877, -116.189366 43.628677, -116.189384 43.628598, -116.189405 43.628564, -116.189366 43.628552)"
3134,8223342928,8223342933,0,nan,footway,145.6,43.6275,-116.1924,0.0057,1.0,4.4744,0,0,0,,,,,,False,1.0,0.0,25.0,2.0,0.0,1.0,1.0,0.92,0.0672,"LINESTRING (-116.193265 43.627464, -116.191478 43.627462, -116.191458 43.627456)"
3135,8223342930,8223342933,0,nan,footway,54.0,43.6275,-116.1936,0.0074,1.0,3.7088,0,0,0,,,,,,False,1.0,0.0,25.0,2.0,0.0,1.0,4.0,0.92,0.052,"LINESTRING (-116.193265 43.627464, -116.193936 43.627464)"
3136,8223342930,8225216613,0,nan,footway,84.5,43.6271,-116.1939,0.0189,1.0,0.0,0,0,0,,,,,,False,1.0,0.0,25.0,2.0,0.0,1.0,7.0,0.92,0.0,"LINESTRING (-116.193936 43.626705, -116.193936 43.627464)"
3137,8223342935,8225216573,0,nan,footway,39.8,43.6274,-116.1949,0.0882,1.0,4.5326,0,0,0,,,,,,False,1.0,0.0,25.0,2.0,0.0,1.0,7.0,0.92,0.1004,"LINESTRING (-116.195102 43.627442, -116.194607 43.627441)"
3138,8223342935,8223342952,0,nan,footway,37.1,43.6274,-116.1944,0.0551,1.0,5.6708,0,0,0,,,,,,False,1.0,0.0,25.0,2.0,0.0,1.0,6.0,0.92,0.1072,"LINESTRING (-116.194146 43.627441, -116.194607 43.627441)"
3139,8223342937,8223342938,0,nan,footway,37.7,43.6274,-116.1956,0.0083,1.0,3.58,0,0,0,,,,,,False,1.0,0.0,25.0,2.0,0.0,1.0,7.0,0.92,0.0495,"LINESTRING (-116.195786 43.627443, -116.195766 43.627443, -116.195318 43.627442)"
3140,8223342938,8223342939,0,nan,footway,38.4,43.6274,-116.196,0.0207,1.0,4.3816,0,0,0,,,,,,False,1.0,0.0,25.0,2.0,0.0,1.0,7.0,0.92,0.0712,"LINESTRING (-116.196263 43.627443, -116.195815 43.627443, -116.195786 43.627443)"
3141,8223342941,8223342942,0,nan,footway,39.0,43.6274,-116.1967,0.0401,1.0,4.2198,0,0,0,,,,,,False,1.0,0.0,25.0,2.0,0.0,1.0,6.0,0.92,0.0756,"LINESTRING (-116.196967 43.627444, -116.196483 43.627444)"
3142,8223342942,8223343177,0,nan,footway,39.0,43.6274,-116.1972,0.0308,1.0,4.8062,2,0,0,,,,,,False,1.0,0.0,25.0,2.0,0.0,1.0,7.0,0.92,0.006,"LINESTRING (-116.197451 43.627441, -116.196967 43.627444)"
3143,8223342944,8223342945,0,nan,footway,38.7,43.6274,-116.1979,0.0033,1.0,0.0,2,0,0,,,,,,False,1.0,0.0,25.0,2.0,0.0,1.0,7.0,0.92,0.0,"LINESTRING (-116.198138 43.627445, -116.197658 43.627445)"
3144,8223342945,8223342946,0,nan,footway,38.4,43.6274,-116.1984,0.0769,0.6667,5.8621,1,0,0,,,,,,False,1.0,0.0,25.0,2.0,0.0,1.0,6.0,0.92,0.179,"LINESTRING (-116.198615 43.627446, -116.198138 43.627445)"
3145,8223342949,8225216597,0,nan,footway,82.0,43.628,-116.1941,0.0157,1.0,5.5091,0,0,0,,,,,,False,1.0,0.0,25.0,2.0,0.0,1.0,10.0,0.92,0.0892,"LINESTRING (-116.194144 43.628319, -116.194145 43.627582)"
3146,8223342949,8223342962,0,nan,footway,37.2,43.6276,-116.1944,0.0276,1.0,5.8897,0,0,0,,,,,,False,1.0,0.0,25.0,2.0,0.0,1.0,6.0,0.92,0.0998,"LINESTRING (-116.194607 43.627581, -116.194145 43.627582)"
3147,8223342952,8223342953,0,nan,footway,81.8,43.6271,-116.1941,0.0262,1.0,5.1211,0,0,0,,,,,,False,1.0,0.0,25.0,2.0,0.0,1.0,11.0,0.92,0.0869,"LINESTRING (-116.194149 43.626705, -116.194146 43.627441)"
3148,8223342955,8223343073,0,nan,footway,82.6,43.6262,-116.1942,0.0185,1.0,4.7051,0,0,0,,,,,,False,1.0,0.0,25.0,2.0,0.0,1.0,12.0,0.92,0.0765,"LINESTRING (-116.194154 43.625823, -116.19415 43.626565)"
3149,8223342957,8223343048,0,nan,footway,82.3,43.6253,-116.1942,0.0312,1.0,5.5719,1,0,0,,,,,,False,1.0,0.0,25.0,2.0,0.0,1.0,13.0,0.92,0.0476,"LINESTRING (-116.194154 43.625671, -116.194158 43.624931)"
3150,8223342959,8223343000,0,nan,footway,82.0,43.6244,-116.1942,0.0151,1.0,4.6395,2,0,0,,,,,,False,1.0,0.0,25.0,2.0,0.0,1.0,13.0,0.92,0.0,"LINESTRING (-116.194162 43.624039, -116.194159 43.624776)"
3151,8223342962,8225216571,0,nan,footway,39.8,43.6276,-116.1949,0.0305,1.0,5.8982,0,0,0,,,,,,False,1.0,0.0,25.0,2.0,0.0,1.0,7.0,0.92,0.1011,"LINESTRING (-116.195101 43.627581, -116.194607 43.627581)"
3152,8223342964,8223342965,0,nan,footway,37.7,43.6276,-116.1956,0.0059,1.0,4.3948,0,0,0,,,,,,False,1.0,0.0,25.0,2.0,0.0,1.0,7.0,0.92,0.0657,"LINESTRING (-116.195786 43.627581, -116.195767 43.627581, -116.195318 43.627581)"
3153,8223342965,8223342966,0,nan,footway,38.4,43.6276,-116.196,0.012,1.0,3.9374,0,0,0,,,,,,False,1.0,0.0,25.0,2.0,0.0,1.0,7.0,0.92,0.0588,"LINESTRING (-116.196263 43.627581, -116.195816 43.627581, -116.195786 43.627581)"
3154,8223342968,8223342969,0,nan,footway,39.0,43.6276,-116.1967,0.0196,1.0,4.7665,0,0,0,,,,,,False,1.0,0.0,25.0,2.0,0.0,1.0,6.0,0.92,0.0781,"LINESTRING (-116.196967 43.627581, -116.196482 43.627581)"
3155,8223342969,9545454387,0,nan,footway,38.9,43.6276,-116.1972,0.0941,1.0,5.0944,1,0,0,,,,,,False,1.0,0.0,25.0,2.0,0.0,1.0,7.0,0.92,0.0642,"LINESTRING (-116.197447 43.627587, -116.197439 43.627582, -116.196967 43.627581)"
3156,8223342971,8223342972,0,nan,footway,38.8,43.6276,-116.1979,0.0047,1.0,3.2446,1,0,0,,,,,,False,1.0,0.0,25.0,2.0,0.0,1.0,7.0,0.92,0.0,"LINESTRING (-116.198139 43.627581, -116.197656 43.627581)"
3157,8223342972,8223342973,0,nan,footway,38.3,43.6276,-116.1984,0.033,1.0,5.8504,2,0,0,,,,,,False,1.0,0.0,25.0,2.0,0.0,1.0,6.0,0.92,0.0242,"LINESTRING (-116.198615 43.62758, -116.198139 43.627581)"
3158,8223342980,8225216598,0,nan,footway,195.9,43.6232,-116.1927,0.0187,1.0,3.9849,1,0,0,,,,,,False,1.0,0.0,25.0,2.0,0.0,1.0,4.0,0.92,0.0137,"LINESTRING (-116.193951 43.623141, -116.193022 43.623141, -116.19289 43.623161, -116.192277 43.623286, -116.191783 43.623419, -116.191597 43.623482)"
3159,8223342983,8223342984,0,nan,footway,37.0,43.6231,-116.1944,0.045,1.0,4.7834,0,0,1,,,,,,False,1.0,0.0,25.0,2.0,0.0,1.0,6.0,0.92,0.1415,"LINESTRING (-116.194627 43.623141, -116.194167 43.623141)"
3160,8223342983,8223343022,0,nan,footway,83.9,43.6235,-116.1942,0.0149,1.0,5.1391,1,0,1,,,,,,False,1.0,0.0,25.0,2.0,0.0,1.0,12.0,0.92,0.0873,"LINESTRING (-116.194163 43.623895, -116.194167 43.623141)"
3161,8223342984,8225216586,0,nan,footway,39.4,43.6231,-116.1949,0.0126,1.0,4.1917,0,0,1,,,,,,False,1.0,0.0,25.0,2.0,0.0,1.0,7.0,0.92,0.1175,"LINESTRING (-116.195116 43.62314, -116.194627 43.623141)"
3162,8223342985,8223343024,0,North 6th Street,residential,83.8,43.6235,-116.1952,0.0384,1.0,4.7416,0,0,1,,,,,,False,0.0,2.0,25.0,2.0,0.179,0.5,8.0,0.881,0.1381,"LINESTRING (-116.195203 43.623894, -116.195207 43.623158, -116.195208 43.62314)"
3163,8223342986,8223343025,0,nan,footway,83.8,43.6235,-116.1953,0.0529,1.0,5.7699,0,0,2,,,,,,False,1.0,0.0,25.0,2.0,0.0,1.0,12.0,0.92,0.2143,"LINESTRING (-116.195318 43.623894, -116.195318 43.62314)"
3164,8223342986,8223342987,0,nan,footway,38.4,43.6231,-116.1956,0.0309,1.0,6.0919,0,0,2,,,,,,False,1.0,0.0,25.0,2.0,0.0,1.0,7.0,0.92,0.2106,"LINESTRING (-116.195795 43.62314, -116.195783 43.62314, -116.195318 43.62314)"
3165,8223342987,8223342988,0,nan,footway,38.2,43.6231,-116.196,0.0234,1.0,5.9905,0,0,2,,,,,,False,1.0,0.0,25.0,2.0,0.0,1.0,8.0,0.92,0.2062,"LINESTRING (-116.19627 43.62314, -116.195834 43.623143, -116.195795 43.62314)"
3166,8223342988,8223343027,0,nan,footway,83.7,43.6235,-116.1963,0.014,1.0,6.3331,0,0,2,,,,,,False,1.0,0.0,25.0,2.0,0.0,1.0,13.0,0.92,0.2075,"LINESTRING (-116.196269 43.623893, -116.19627 43.62314)"
3167,8223342990,8223342991,0,nan,footway,38.4,43.6231,-116.1967,0.0041,1.0,5.3506,0,0,2,,,,,,False,1.0,0.0,25.0,2.0,0.0,1.0,6.0,0.92,0.1886,"LINESTRING (-116.196976 43.62314, -116.196499 43.62314)"
3168,8223342991,8223343190,0,nan,footway,39.8,43.6231,-116.1972,0.0394,1.0,5.2468,3,0,2,,,,,,False,1.0,0.0,25.0,2.0,0.0,1.0,8.0,0.92,0.1033,"LINESTRING (-116.19747 43.62315, -116.196976 43.62314)"
3169,8223342993,8223342994,0,nan,footway,37.1,43.6231,-116.1979,0.2304,1.0,7.2661,3,0,2,,,,,,False,1.0,0.0,25.0,2.0,0.0,1.0,7.0,0.92,0.2071,"LINESTRING (-116.19814 43.623147, -116.198129 43.623147, -116.197679 43.623146)"
3170,8223342994,8223342995,0,nan,footway,39.8,43.6231,-116.1984,0.0852,1.0,5.1158,3,0,2,,,,,,False,1.0,0.0,25.0,2.0,0.0,1.0,8.0,0.92,0.1189,"LINESTRING (-116.198634 43.623149, -116.19819 43.623147, -116.19814 43.623147)"
3171,8223342995,8223343034,0,nan,footway,82.3,43.6235,-116.1986,0.0529,1.0,5.2684,0,0,3,,,,,,False,1.0,0.0,25.0,2.0,0.0,1.0,12.0,0.92,0.2595,"LINESTRING (-116.19863 43.62389, -116.198634 43.623149)"
3172,8223342997,8225216603,0,nan,footway,186.6,43.624,-116.1928,0.041,1.0,4.841,1,0,0,,,,,,False,1.0,0.0,25.0,2.0,0.0,1.0,5.0,0.92,0.0391,"LINESTRING (-116.193933 43.624039, -116.191615 43.624037)"
3173,8223342998,8223343018,0,nan,footway,77.8,43.624,-116.2005,0.0043,1.0,5.1812,0,0,4,,,,,,False,1.0,0.0,25.0,2.0,0.0,1.0,8.0,0.92,0.2923,"LINESTRING (-116.2 43.624044, -116.200967 43.624045)"
3174,8223343000,8223343001,0,nan,footway,37.1,43.624,-116.1944,0.0105,1.0,5.1685,1,0,1,,,,,,False,1.0,0.0,25.0,2.0,0.0,1.0,7.0,0.92,0.0861,"LINESTRING (-116.194623 43.62404, -116.194162 43.624039)"
3175,8223343001,8225216583,0,nan,footway,39.5,43.624,-116.1949,0.008,1.0,6.7989,0,0,1,,,,,,False,1.0,0.0,25.0,2.0,0.0,1.0,7.0,0.92,0.1584,"LINESTRING (-116.195113 43.62404, -116.194623 43.62404)"
3176,8223343003,8223343004,0,nan,footway,37.9,43.624,-116.1956,0.0162,1.0,4.0918,0,0,1,,,,,,False,1.0,0.0,25.0,2.0,0.0,1.0,7.0,0.92,0.1169,"LINESTRING (-116.195789 43.624041, -116.19577 43.624041, -116.195318 43.62404)"
3177,8223343004,8223343005,0,nan,footway,38.6,43.624,-116.196,0.0109,1.0,4.9899,0,0,2,,,,,,False,1.0,0.0,25.0,2.0,0.0,1.0,7.0,0.92,0.1851,"LINESTRING (-116.196268 43.624041, -116.195826 43.62404, -116.195789 43.624041)"
3178,8223343006,9501589548,0,North 7th Street,residential,41.8,43.6242,-116.1964,0.0103,1.0,6.0647,0,0,2,,,,,,False,0.0,2.0,25.0,2.0,0.179,0.5,5.0,0.881,0.2022,"LINESTRING (-116.196363 43.624417, -116.196363 43.624058, -116.196363 43.624041)"
3179,8223343007,9501589550,0,nan,footway,41.8,43.6242,-116.1965,0.0111,1.0,3.1285,0,0,2,,,,,,False,1.0,0.0,25.0,2.0,0.0,1.0,8.0,0.92,0.1461,"LINESTRING (-116.196494 43.624417, -116.196496 43.624041)"
3180,8223343007,8223343008,0,nan,footway,38.5,43.624,-116.1967,0.0221,1.0,3.8823,0,0,2,,,,,,False,1.0,0.0,25.0,2.0,0.0,1.0,6.0,0.92,0.168,"LINESTRING (-116.196975 43.624042, -116.196958 43.624042, -116.196496 43.624041)"
3181,8223343008,8223343187,0,nan,footway,40.9,43.624,-116.1972,0.0152,1.0,5.4594,2,0,2,,,,,,False,1.0,0.0,25.0,2.0,0.0,1.0,8.0,0.92,0.1175,"LINESTRING (-116.197482 43.624042, -116.197019 43.624042, -116.196975 43.624042)"
3182,8223343010,8223343011,0,nan,footway,36.2,43.624,-116.1979,0.0778,1.0,3.8696,2,0,2,,,,,,False,1.0,0.0,25.0,2.0,0.0,1.0,8.0,0.92,0.1123,"LINESTRING (-116.19814 43.624043, -116.197689 43.624042)"
3183,8223343011,8223343012,0,nan,footway,39.5,43.624,-116.1984,0.0268,1.0,4.8965,2,0,3,,,,,,False,1.0,0.0,25.0,2.0,0.0,1.0,8.0,0.92,0.1657,"LINESTRING (-116.19863 43.624043, -116.19814 43.624043)"
3184,8223343014,8223343015,0,nan,footway,38.8,43.624,-116.1991,0.0069,1.0,6.1431,0,0,4,,,,,,False,1.0,0.0,25.0,2.0,0.0,1.0,7.0,0.92,0.3085,"LINESTRING (-116.199323 43.624044, -116.198841 43.624043)"
3185,8223343015,8223343016,0,nan,footway,38.4,43.624,-116.1996,0.0237,1.0,4.7787,0,0,4,,,,,,False,1.0,0.0,25.0,2.0,0.0,1.0,7.0,0.92,0.2928,"LINESTRING (-116.1998 43.624044, -116.199323 43.624044)"
3186,8223343020,8225216601,0,nan,footway,186.3,43.6239,-116.1928,0.0141,1.0,4.5524,1,0,0,,,,,,False,1.0,0.0,25.0,2.0,0.0,1.0,4.0,0.92,0.0233,"LINESTRING (-116.193933 43.623896, -116.191619 43.623899)"
3187,8223343022,8223343023,0,nan,footway,37.0,43.6239,-116.1944,0.0039,1.0,4.8872,1,0,1,,,,,,False,1.0,0.0,25.0,2.0,0.0,1.0,7.0,0.92,0.0787,"LINESTRING (-116.194623 43.623895, -116.194163 43.623895)"
3188,8223343023,8225216585,0,nan,footway,39.5,43.6239,-116.1949,0.0184,1.0,4.8265,0,0,1,,,,,,False,1.0,0.0,25.0,2.0,0.0,1.0,7.0,0.92,0.1319,"LINESTRING (-116.195114 43.623894, -116.194623 43.623895)"
3189,8223343025,8223343026,0,nan,footway,38.0,43.6239,-116.1956,0.0643,1.0,4.7855,0,0,1,,,,,,False,1.0,0.0,25.0,2.0,0.0,1.0,7.0,0.92,0.1491,"LINESTRING (-116.19579 43.623893, -116.195777 43.623893, -116.195318 43.623894)"
3190,8223343026,8223343027,0,nan,footway,38.6,43.6239,-116.196,0.0162,1.0,5.9968,0,0,2,,,,,,False,1.0,0.0,25.0,2.0,0.0,1.0,7.0,0.92,0.2035,"LINESTRING (-116.196269 43.623893, -116.195831 43.623893, -116.19579 43.623893)"
3191,8223343029,8223343030,0,nan,footway,38.5,43.6239,-116.1967,0.0402,1.0,4.5825,0,0,2,,,,,,False,1.0,0.0,25.0,2.0,0.0,1.0,6.0,0.92,0.1891,"LINESTRING (-116.196975 43.623892, -116.196496 43.623892)"
3192,8223343030,8223343189,0,nan,footway,40.9,43.6239,-116.1972,0.0084,1.0,4.7145,2,0,2,,,,,,False,1.0,0.0,25.0,2.0,0.0,1.0,8.0,0.92,0.102,"LINESTRING (-116.197483 43.623891, -116.196975 43.623892)"
3193,8223343032,8223343033,0,nan,footway,36.2,43.6239,-116.1979,0.023,1.0,3.9425,2,0,2,,,,,,False,1.0,0.0,25.0,2.0,0.0,1.0,8.0,0.92,0.0925,"LINESTRING (-116.19814 43.62389, -116.19769 43.623891)"
3194,8223343033,8223343034,0,nan,footway,39.5,43.6239,-116.1984,0.073,1.0,6.2975,2,0,3,,,,,,False,1.0,0.0,25.0,2.0,0.0,1.0,8.0,0.92,0.2061,"LINESTRING (-116.19863 43.62389, -116.19814 43.62389)"
3195,8223343036,8223343037,0,nan,footway,38.7,43.6239,-116.1991,0.0102,1.0,5.8701,0,0,4,,,,,,False,1.0,0.0,25.0,2.0,0.0,1.0,7.0,0.92,0.3057,"LINESTRING (-116.199322 43.623889, -116.198841 43.62389)"
3196,8223343037,8223343038,0,nan,footway,38.5,43.6239,-116.1996,0.0848,1.0,3.0603,0,0,4,,,,,,False,1.0,0.0,25.0,2.0,0.0,1.0,7.0,0.92,0.2796,"LINESTRING (-116.1998 43.623888, -116.199322 43.623889)"
3197,8223343040,8223343041,0,nan,footway,38.9,43.6239,-116.2002,0.0094,1.0,5.5711,0,0,4,,,,,,False,1.0,0.0,25.0,2.0,0.0,1.0,6.0,0.92,0.3007,"LINESTRING (-116.200484 43.623888, -116.2 43.623888)"
3198,8223343041,8223343042,0,nan,footway,38.9,43.6239,-116.2007,0.0,1.0,4.7775,0,0,4,,,,,,False,1.0,0.0,25.0,2.0,0.0,1.0,7.0,0.92,0.2835,"LINESTRING (-116.200968 43.623887, -116.200484 43.623888)"
3199,8223343043,8225216608,0,nan,footway,118.8,43.6257,-116.1932,0.0077,1.0,4.6874,0,0,0,,,,,,False,1.0,0.0,25.0,2.0,0.0,1.0,4.0,0.92,0.0719,"LINESTRING (-116.193935 43.62567, -116.193282 43.62567, -116.193222 43.62569, -116.192464 43.625688)"
3200,8223343046,8223343069,0,nan,footway,77.0,43.6257,-116.2017,0.0174,1.0,4.8466,0,0,2,,,,,,False,1.0,0.0,25.0,2.0,0.0,1.0,6.0,0.92,0.1851,"LINESTRING (-116.201176 43.625676, -116.202133 43.625677)"
3201,8223343048,8223343049,0,nan,footway,38.0,43.6257,-116.1944,0.0414,1.0,5.274,0,0,0,,,,,,False,1.0,0.0,25.0,2.0,0.0,1.0,7.0,0.92,0.0954,"LINESTRING (-116.194627 43.625671, -116.194154 43.625671)"
3202,8223343049,8225216579,0,nan,footway,38.7,43.6257,-116.1949,0.0091,1.0,4.4984,0,0,0,,,,,,False,1.0,0.0,25.0,2.0,0.0,1.0,7.0,0.92,0.0689,"LINESTRING (-116.195108 43.625671, -116.194627 43.625671)"
3203,8223343051,8223343052,0,nan,footway,37.9,43.6257,-116.1956,0.0194,1.0,5.8088,1,0,0,,,,,,False,1.0,0.0,25.0,2.0,0.0,1.0,7.0,0.92,0.0467,"LINESTRING (-116.195789 43.625672, -116.195772 43.625672, -116.195318 43.625671)"
3204,8223343052,8223343053,0,nan,footway,39.0,43.6257,-116.196,0.0751,1.0,0.0,1,0,0,,,,,,False,1.0,0.0,25.0,2.0,0.0,1.0,7.0,0.92,0.0,"LINESTRING (-116.196273 43.625673, -116.195809 43.625672, -116.195789 43.625672)"
3205,8223343054,10687466429,0,North 7th Street,residential,41.5,43.6255,-116.1964,0.0361,1.0,5.2493,1,0,1,,,,,,False,0.0,2.0,25.0,2.0,0.179,0.5,5.0,0.881,0.0975,"LINESTRING (-116.196364 43.625299, -116.196364 43.625661, -116.196364 43.625672)"
3206,8223343055,10687466430,0,nan,footway,41.4,43.6255,-116.1965,0.0136,1.0,5.1967,1,0,1,,,,,,False,1.0,0.0,25.0,2.0,0.0,1.0,7.0,0.92,0.0878,"LINESTRING (-116.19649 43.6253, -116.19649 43.625672)"
3207,8223343055,8223343056,0,nan,footway,38.7,43.6257,-116.1967,0.0108,1.0,6.0042,1,0,0,,,,,,False,1.0,0.0,25.0,2.0,0.0,1.0,6.0,0.92,0.0464,"LINESTRING (-116.196971 43.625673, -116.196948 43.625673, -116.19649 43.625672)"
3208,8223343056,8223343183,0,nan,footway,40.4,43.6257,-116.1972,0.0139,1.0,4.3041,0,0,1,,,,,,False,1.0,0.0,25.0,2.0,0.0,1.0,7.0,0.92,0.1203,"LINESTRING (-116.197473 43.625673, -116.197006 43.625673, -116.196971 43.625673)"
3209,8223343058,8223343059,0,nan,footway,37.0,43.6257,-116.1979,0.0799,1.0,5.9098,0,0,1,,,,,,False,1.0,0.0,25.0,2.0,0.0,1.0,7.0,0.92,0.1738,"LINESTRING (-116.198135 43.625674, -116.197675 43.625673)"
3210,8223343059,8223343060,0,nan,footway,39.3,43.6257,-116.1984,0.0781,1.0,6.0261,0,0,1,,,,,,False,1.0,0.0,25.0,2.0,0.0,1.0,7.0,0.92,0.1748,"LINESTRING (-116.198623 43.625674, -116.198135 43.625674)"
3211,8223343062,8223343063,0,nan,footway,77.2,43.6257,-116.1993,0.0529,1.0,5.1534,0,0,3,,,,,,False,1.0,0.0,25.0,2.0,0.0,1.0,8.0,0.92,0.2575,"LINESTRING (-116.199792 43.625675, -116.198832 43.625674)"
3212,8223343065,8223343066,0,nan,footway,39.7,43.6257,-116.2002,0.0082,1.0,6.6689,0,0,3,,,,,,False,1.0,0.0,25.0,2.0,0.0,1.0,6.0,0.92,0.2632,"LINESTRING (-116.200487 43.625675, -116.199994 43.625675)"
3213,8223343066,8223343067,0,nan,footway,38.0,43.6257,-116.2007,0.0601,1.0,5.6323,0,0,2,,,,,,False,1.0,0.0,25.0,2.0,0.0,1.0,6.0,0.92,0.215,"LINESTRING (-116.200958 43.625676, -116.200487 43.625675)"
3214,8223343070,8223343094,0,nan,footway,38.8,43.6258,-116.2019,0.0766,1.0,6.2036,0,0,2,,,,,,False,1.0,0.0,25.0,2.0,0.0,1.0,3.0,0.92,0.2301,"LINESTRING (-116.201651 43.625824, -116.202133 43.625824)"
3215,8223343071,8225216610,0,nan,footway,66.4,43.6258,-116.1935,0.0075,1.0,5.0379,0,0,0,,,,,,False,1.0,0.0,25.0,2.0,0.0,1.0,4.0,0.92,0.0782,"LINESTRING (-116.193935 43.625823, -116.19311 43.625823)"
3216,8223343073,8223343074,0,nan,footway,38.0,43.6258,-116.1944,0.0199,1.0,4.0037,0,0,0,,,,,,False,1.0,0.0,25.0,2.0,0.0,1.0,7.0,0.92,0.0633,"LINESTRING (-116.194626 43.625823, -116.194154 43.625823)"
3217,8223343074,8225216577,0,nan,footway,38.8,43.6258,-116.1949,0.017,1.0,3.2264,0,0,0,,,,,,False,1.0,0.0,25.0,2.0,0.0,1.0,7.0,0.92,0.0444,"LINESTRING (-116.195107 43.625823, -116.194626 43.625823)"
3218,8223343076,8223343077,0,nan,footway,37.9,43.6258,-116.1956,0.0541,1.0,4.9552,1,0,0,,,,,,False,1.0,0.0,25.0,2.0,0.0,1.0,7.0,0.92,0.0462,"LINESTRING (-116.195788 43.625823, -116.195772 43.625823, -116.195318 43.625823)"
3219,8223343077,8223343078,0,nan,footway,39.4,43.6258,-116.196,0.023,1.0,5.4568,1,0,0,,,,,,False,1.0,0.0,25.0,2.0,0.0,1.0,7.0,0.92,0.0425,"LINESTRING (-116.196278 43.625826, -116.195818 43.625823, -116.195788 43.625823)"
3220,8223343080,8223343081,0,nan,footway,38.8,43.6258,-116.1967,0.0068,1.0,4.4865,1,0,0,,,,,,False,1.0,0.0,25.0,2.0,0.0,1.0,6.0,0.92,0.0191,"LINESTRING (-116.196971 43.625823, -116.196956 43.625823, -116.196489 43.625823)"
3221,8223343081,8223343181,0,nan,footway,40.4,43.6258,-116.1972,0.0079,1.0,4.0339,0,0,0,,,,,,False,1.0,0.0,25.0,2.0,0.0,1.0,7.0,0.92,0.0592,"LINESTRING (-116.197473 43.625823, -116.197006 43.625823, -116.196971 43.625823)"
3222,8223343083,8223343084,0,nan,footway,37.1,43.6258,-116.1979,0.0236,1.0,4.364,0,0,1,,,,,,False,1.0,0.0,25.0,2.0,0.0,1.0,7.0,0.92,0.1253,"LINESTRING (-116.198134 43.625823, -116.197673 43.625823)"
3223,8223343084,8223343085,0,nan,footway,39.3,43.6258,-116.1984,0.0227,1.0,5.154,0,0,1,,,,,,False,1.0,0.0,25.0,2.0,0.0,1.0,7.0,0.92,0.1393,"LINESTRING (-116.198623 43.625823, -116.198134 43.625823)"
3224,8223343087,8223343088,0,nan,footway,77.2,43.6258,-116.1993,0.0178,1.0,5.1894,0,0,3,,,,,,False,1.0,0.0,25.0,2.0,0.0,1.0,8.0,0.92,0.2445,"LINESTRING (-116.199791 43.625823, -116.198832 43.625823)"
3225,8223343090,8223343091,0,nan,footway,77.6,43.6258,-116.2005,0.0178,1.0,5.1715,0,0,2,,,,,,False,1.0,0.0,25.0,2.0,0.0,1.0,9.0,0.92,0.1909,"LINESTRING (-116.200958 43.625824, -116.199993 43.625823)"
3226,8223343093,8223343094,0,nan,footway,38.3,43.6258,-116.2014,0.0079,1.0,0.0,0,0,2,,,,,,False,1.0,0.0,25.0,2.0,0.0,1.0,6.0,0.92,0.0,"LINESTRING (-116.201651 43.625824, -116.201176 43.625824)"
3227,8223343095,8223343100,0,nan,footway,42.1,43.6285,-116.1938,0.0298,1.0,5.1901,0,0,0,,,,,,False,1.0,0.0,25.0,2.0,0.0,1.0,4.0,0.92,0.0895,"LINESTRING (-116.194032 43.628463, -116.193509 43.628463)"
3228,8223343096,8223343163,0,nan,footway,40.9,43.6285,-116.2142,0.0097,1.0,5.7094,0,0,2,,,,,,False,1.0,0.0,25.0,2.0,0.0,1.0,3.0,0.92,0.1966,"LINESTRING (-116.213932 43.62847, -116.21444 43.62847)"
3229,8223343100,10687436004,0,North 5th Street,residential,86.7,43.6289,-116.194,0.0245,1.0,5.0264,1,0,0,,,,,,False,0.0,2.0,25.0,2.0,0.179,0.5,5.0,0.881,0.0359,"LINESTRING (-116.194134 43.629228, -116.194093 43.629186, -116.194059 43.629117, -116.194039 43.628987, -116.194032 43.628798, -116.194032 43.628463)"
3230,8223343101,8225216568,0,nan,footway,39.7,43.6285,-116.1949,0.0083,1.0,0.0,1,0,0,,,,,,False,1.0,0.0,25.0,2.0,0.0,1.0,7.0,0.92,0.0,"LINESTRING (-116.195098 43.628463, -116.194604 43.628463)"
3231,8223343101,8225216595,0,nan,footway,37.1,43.6285,-116.1944,0.0078,1.0,5.9798,1,0,0,,,,,,False,1.0,0.0,25.0,2.0,0.0,1.0,6.0,0.92,0.0448,"LINESTRING (-116.194144 43.628463, -116.194604 43.628463)"
3232,8223343103,8223343104,0,nan,footway,37.6,43.6285,-116.1956,0.0211,1.0,0.0,0,0,0,,,,,,False,1.0,0.0,25.0,2.0,0.0,1.0,7.0,0.92,0.0,"LINESTRING (-116.195785 43.628463, -116.195318 43.628463)"
3233,8223343104,8223343105,0,nan,footway,38.4,43.6285,-116.196,0.0,1.0,0.0,1,0,0,,,,,,False,1.0,0.0,25.0,2.0,0.0,1.0,7.0,0.92,0.0,"LINESTRING (-116.196262 43.628464, -116.195785 43.628463)"
3234,8223343107,8223343108,0,nan,footway,39.2,43.6285,-116.1967,0.0,1.0,6.163,1,0,0,,,,,,False,1.0,0.0,25.0,2.0,0.0,1.0,7.0,0.92,0.0445,"LINESTRING (-116.196966 43.628464, -116.196479 43.628464)"
3235,8223343108,8223343172,0,nan,footway,39.6,43.6285,-116.1972,0.012,1.0,4.0352,1,0,0,,,,,,False,1.0,0.0,25.0,2.0,0.0,1.0,7.0,0.92,0.0122,"LINESTRING (-116.197458 43.628464, -116.196966 43.628464)"
3236,8223343110,8223343111,0,nan,footway,39.1,43.6285,-116.1979,0.0183,1.0,4.8452,0,0,0,,,,,,False,1.0,0.0,25.0,2.0,0.0,1.0,7.0,0.92,0.079,"LINESTRING (-116.198134 43.628464, -116.197648 43.628464)"
3237,8223343111,8223343112,0,nan,footway,38.4,43.6285,-116.1984,0.0082,1.0,5.2647,0,0,0,,,,,,False,1.0,0.0,25.0,2.0,0.0,1.0,7.0,0.92,0.0823,"LINESTRING (-116.198612 43.628464, -116.198134 43.628464)"
3238,8223343114,8223343115,0,nan,footway,38.5,43.6285,-116.1991,0.0305,1.0,3.6775,1,0,0,,,,,,False,1.0,0.0,25.0,2.0,0.0,1.0,7.0,0.92,0.0116,"LINESTRING (-116.199296 43.628465, -116.198819 43.628464)"
3239,8223343115,8223343116,0,nan,footway,38.8,43.6285,-116.1995,0.0308,1.0,4.0847,2,0,0,,,,,,False,1.0,0.0,25.0,2.0,0.0,1.0,7.0,0.92,0.0,"LINESTRING (-116.199778 43.628465, -116.199296 43.628465)"
3240,8223343118,8223343119,0,nan,footway,39.4,43.6285,-116.2002,0.0037,1.0,0.0,2,0,0,,,,,,False,1.0,0.0,25.0,2.0,0.0,1.0,7.0,0.92,0.0,"LINESTRING (-116.200473 43.628465, -116.199983 43.628465)"
3241,8223343119,8223343120,0,nan,footway,37.8,43.6285,-116.2007,0.0078,1.0,4.5439,1,0,0,,,,,,False,1.0,0.0,25.0,2.0,0.0,1.0,7.0,0.92,0.0206,"LINESTRING (-116.200943 43.628465, -116.200473 43.628465)"
3242,8223343122,8223343123,0,nan,footway,38.8,43.6285,-116.2014,0.0362,1.0,0.0,0,0,2,,,,,,False,1.0,0.0,25.0,2.0,0.0,1.0,7.0,0.92,0.0071,"LINESTRING (-116.201645 43.628465, -116.201163 43.628465)"
3243,8223343123,8223343124,0,nan,footway,38.1,43.6285,-116.2019,0.027,1.0,4.5136,0,0,2,,,,,,False,1.0,0.0,25.0,2.0,0.0,1.0,7.0,0.92,0.1827,"LINESTRING (-116.202119 43.628466, -116.201645 43.628465)"
3244,8223343126,8223343127,0,nan,footway,39.0,43.6285,-116.2026,0.0894,1.0,4.1969,1,0,2,,,,,,False,1.0,0.0,25.0,2.0,0.0,1.0,7.0,0.92,0.1521,"LINESTRING (-116.202814 43.628466, -116.20233 43.628466)"
3245,8223343127,8223343128,0,nan,footway,38.7,43.6285,-116.2031,0.0976,1.0,4.5896,3,0,2,,,,,,False,1.0,0.0,25.0,2.0,0.0,1.0,7.0,0.92,0.1143,"LINESTRING (-116.203294 43.628466, -116.202814 43.628466)"
3246,8223343130,8223343131,0,nan,footway,42.0,43.6285,-116.2037,0.1472,1.0,4.5534,2,0,2,,,,,,False,1.0,0.0,25.0,2.0,0.0,1.0,6.0,0.92,0.1531,"LINESTRING (-116.203985 43.628466, -116.203464 43.628466)"
3247,8223343131,8223343132,0,nan,footway,40.4,43.6285,-116.2042,0.0216,1.0,4.7986,2,0,2,,,,,,False,1.0,0.0,25.0,2.0,0.0,1.0,6.0,0.92,0.1087,"LINESTRING (-116.204487 43.628466, -116.203985 43.628466)"
3248,8223343134,8223343135,0,nan,footway,39.4,43.6285,-116.2049,0.1029,1.0,4.8295,0,0,2,,,,,,False,1.0,0.0,25.0,2.0,0.0,1.0,6.0,0.92,0.2181,"LINESTRING (-116.205176 43.628467, -116.204686 43.628466)"
3249,8223343135,8223343136,0,nan,footway,41.5,43.6285,-116.2054,0.0154,1.0,4.3508,1,0,2,,,,,,False,1.0,0.0,25.0,2.0,0.0,1.0,7.0,0.92,0.1264,"LINESTRING (-116.205692 43.628467, -116.205176 43.628467)"
3250,8223343137,8223343138,0,nan,footway,38.8,43.6285,-116.2062,0.0948,1.0,4.6663,1,0,2,,,,,,False,1.0,0.0,25.0,2.0,0.0,1.0,6.0,0.92,0.1633,"LINESTRING (-116.206441 43.628467, -116.205959 43.628467)"
3251,8223343138,8223343139,0,nan,footway,41.1,43.6285,-116.2067,0.0105,1.0,5.8582,1,0,2,,,,,,False,1.0,0.0,25.0,2.0,0.0,1.0,7.0,0.92,0.1505,"LINESTRING (-116.206952 43.628467, -116.206441 43.628467)"
3252,8223343141,8223343142,0,nan,footway,39.9,43.6285,-116.2074,0.0265,1.0,6.9042,0,0,2,,,,,,False,1.0,0.0,25.0,2.0,0.0,1.0,6.0,0.92,0.2203,"LINESTRING (-116.207642 43.628468, -116.207146 43.628467)"
3253,8223343142,8223343143,0,nan,footway,42.1,43.6285,-116.2079,0.0261,1.0,4.3634,0,0,2,,,,,,False,1.0,0.0,25.0,2.0,0.0,1.0,8.0,0.92,0.1794,"LINESTRING (-116.208165 43.628468, -116.207642 43.628468)"
3254,8223343143,8223343146,0,nan,footway,27.4,43.6285,-116.2083,0.2369,0.5,5.6684,0,0,2,,,,,,False,1.0,0.0,25.0,2.0,0.0,1.0,8.0,0.92,0.448,"LINESTRING (-116.208505 43.628468, -116.208444 43.628468, -116.208368 43.628468, -116.208252 43.628468, -116.208217 43.628468, -116.208165 43.628468)"
3255,8223343146,8223343147,0,nan,footway,39.6,43.6285,-116.2088,0.0075,1.0,5.6684,0,0,2,,,,,,False,1.0,0.0,25.0,2.0,0.0,1.0,8.0,0.92,0.195,"LINESTRING (-116.208996 43.628468, -116.208505 43.628468)"
3256,8223343147,8223343148,0,nan,footway,40.7,43.6285,-116.2092,0.0381,1.0,5.9601,0,0,2,,,,,,False,1.0,0.0,25.0,2.0,0.0,1.0,7.0,0.92,0.2115,"LINESTRING (-116.209502 43.628468, -116.208996 43.628468)"
3257,8223343150,8223343151,0,nan,footway,39.1,43.6285,-116.2099,0.0066,1.0,4.7564,0,0,2,,,,,,False,1.0,0.0,25.0,2.0,0.0,1.0,6.0,0.92,0.1793,"LINESTRING (-116.210182 43.628468, -116.209697 43.628468)"
3258,8223343151,8223343152,0,nan,footway,44.1,43.6285,-116.2105,0.0324,1.0,4.8553,0,0,2,,,,,,False,1.0,0.0,25.0,2.0,0.0,1.0,7.0,0.92,0.1911,"LINESTRING (-116.21073 43.628469, -116.210182 43.628468)"
3259,8223343154,8223343155,0,nan,footway,42.1,43.6285,-116.2113,0.0027,1.0,5.3829,0,0,0,,,,,,False,1.0,0.0,25.0,2.0,0.0,1.0,6.0,0.92,0.0821,"LINESTRING (-116.21152 43.628469, -116.210997 43.628469)"
3260,8223343155,8223343156,0,nan,footway,41.9,43.6285,-116.2118,0.032,1.0,7.5862,0,0,1,,,,,,False,1.0,0.0,25.0,2.0,0.0,1.0,6.0,0.92,0.1779,"LINESTRING (-116.212041 43.628469, -116.21152 43.628469)"
3261,8223343158,8223343159,0,nan,footway,39.1,43.6285,-116.2125,0.0412,1.0,5.5305,0,0,1,,,,,,False,1.0,0.0,25.0,2.0,0.0,1.0,6.0,0.92,0.1528,"LINESTRING (-116.212713 43.628469, -116.212227 43.628469)"
3262,8223343159,8223343160,0,nan,footway,43.3,43.6285,-116.213,0.0115,1.0,6.5987,0,0,3,,,,,,False,1.0,0.0,25.0,2.0,0.0,1.0,7.0,0.92,0.2636,"LINESTRING (-116.213251 43.628469, -116.212713 43.628469)"
3263,8223343162,8223343163,0,nan,footway,40.8,43.6285,-116.2137,0.0296,1.0,5.7094,0,0,3,,,,,,False,1.0,0.0,25.0,2.0,0.0,1.0,6.0,0.92,0.2575,"LINESTRING (-116.213932 43.62847, -116.213425 43.62847)"
3264,8223343171,8223343172,0,nan,footway,82.2,43.6288,-116.1975,0.0149,1.0,4.7811,0,0,0,,,,,,False,1.0,0.0,25.0,2.0,0.0,1.0,12.0,0.92,0.0765,"LINESTRING (-116.197458 43.628464, -116.197454 43.629203)"
3265,8223343174,9545454387,0,nan,footway,82.0,43.628,-116.1975,0.0483,1.0,5.0944,1,0,0,,,,,,False,1.0,0.0,25.0,2.0,0.0,1.0,12.0,0.92,0.0464,"LINESTRING (-116.197447 43.627587, -116.197454 43.627593, -116.197459 43.628322)"
3266,8223343177,8223343178,0,nan,footway,81.7,43.6271,-116.1975,0.0073,1.0,3.9894,5,0,0,,,,,,False,1.0,0.0,25.0,2.0,0.0,1.0,12.0,0.92,0.0,"LINESTRING (-116.197468 43.626707, -116.197451 43.627441)"
3267,8223343180,8223343181,0,nan,footway,82.7,43.6262,-116.1975,0.0097,1.0,3.8529,4,0,0,,,,,,False,1.0,0.0,25.0,2.0,0.0,1.0,11.0,0.92,0.0,"LINESTRING (-116.197473 43.625823, -116.197455 43.626567)"
3268,8223343183,8223343184,0,nan,footway,82.2,43.6253,-116.1975,0.0144,1.0,4.4723,0,0,1,,,,,,False,1.0,0.0,25.0,2.0,0.0,1.0,9.0,0.92,0.1237,"LINESTRING (-116.197478 43.624934, -116.197473 43.625673)"
3269,8223343186,8223343187,0,nan,footway,82.0,43.6244,-116.1975,0.0235,1.0,5.5324,2,0,2,,,,,,False,1.0,0.0,25.0,2.0,0.0,1.0,9.0,0.92,0.1219,"LINESTRING (-116.197482 43.624042, -116.197478 43.62478)"
3270,8223343189,8223343190,0,nan,footway,82.4,43.6235,-116.1975,0.0348,1.0,4.9176,5,0,2,,,,,,False,1.0,0.0,25.0,2.0,0.0,1.0,13.0,0.92,0.0673,"LINESTRING (-116.19747 43.62315, -116.197483 43.623891)"
3271,8223343192,8223343193,0,nan,footway,100.5,43.6225,-116.1975,0.0043,1.0,5.169,13,10,2,,,,,,False,1.0,0.0,25.0,2.0,0.0,1.0,12.0,0.92,0.3511,"LINESTRING (-116.197492 43.622094, -116.197471 43.622998)"
3272,8223343196,8225216589,0,nan,footway,144.5,43.6214,-116.1953,0.0487,0.1111,5.6654,2,0,2,,,,,,False,1.0,0.0,25.0,2.0,0.0,1.0,2.0,0.92,0.4247,"LINESTRING (-116.195194 43.622087, -116.195206 43.621986, -116.195237 43.621756, -116.195277 43.621551, -116.195361 43.621184, -116.195439 43.620944, -116.19549 43.620808)"
3273,8223343196,8223343224,0,nan,footway,38.1,43.6207,-116.1954,0.3753,0.0,0.0,1,0,2,,,,,,False,1.0,0.0,25.0,2.0,0.0,1.0,6.0,0.92,0.4177,"LINESTRING (-116.195318 43.620489, -116.195449 43.620752, -116.19549 43.620808)"
3274,8223343196,8223343198,0,nan,footway,35.3,43.6208,-116.1953,0.067,0.0,0.0,2,0,2,,,,,,False,1.0,0.0,25.0,2.0,0.0,1.0,3.0,0.92,0.269,"LINESTRING (-116.195071 43.620718, -116.195415 43.620782, -116.19549 43.620808)"
3275,8223343199,8223343200,0,nan,footway,92.1,43.6211,-116.196,0.0138,1.0,5.7986,6,0,2,,,,,,False,1.0,0.0,25.0,2.0,0.0,1.0,5.0,0.92,0.0629,"LINESTRING (-116.196502 43.621298, -116.195699 43.62089, -116.195612 43.620854, -116.195557 43.620833)"
3276,8223343200,12483966356,0,nan,footway,49.2,43.6214,-116.1968,0.0073,1.0,3.0256,7,1,2,,,,,,False,1.0,0.0,25.0,2.0,0.0,1.0,2.0,0.92,0.0974,"LINESTRING (-116.197002 43.621552, -116.196502 43.621298)"
3277,8223343204,8223343266,0,nan,footway,85.0,43.6188,-116.1944,0.2234,0.6,0.0,1,0,3,,,,,,False,1.0,0.0,25.0,2.0,0.0,1.0,9.0,0.92,0.2154,"LINESTRING (-116.194237 43.618481, -116.194622 43.619163, -116.194651 43.61918)"
3278,8223343206,8223343266,0,nan,footway,82.5,43.6181,-116.194,0.0,0.0,0.0,3,0,4,,,,,,False,1.0,0.0,25.0,2.0,0.0,1.0,7.0,0.92,0.3291,"LINESTRING (-116.194237 43.618481, -116.19385 43.617793)"
3279,8223343206,8444326663,0,nan,footway,40.9,43.6179,-116.1936,0.0,0.0,0.0,2,0,4,,,,,,False,1.0,0.0,25.0,2.0,0.0,1.0,5.0,0.92,0.3493,"LINESTRING (-116.193365 43.617896, -116.193463 43.617869, -116.193652 43.617848, -116.19385 43.617793)"
3280,8223343210,8444326659,0,nan,footway,33.1,43.618,-116.1923,0.0,0.5,4.5252,0,0,4,,,,,,False,1.0,0.0,25.0,2.0,0.0,1.0,2.0,0.92,0.4424,"LINESTRING (-116.192276 43.617823, -116.192361 43.618067, -116.192383 43.61811)"
3281,8223343210,8444326663,0,nan,footway,88.6,43.618,-116.1929,0.0,0.0,0.0,0,0,4,,,,,,False,1.0,0.0,25.0,2.0,0.0,1.0,6.0,0.92,0.4265,"LINESTRING (-116.193365 43.617896, -116.192411 43.618163, -116.192383 43.61811)"
3282,8223343211,8223343212,0,nan,footway,27.4,43.6193,-116.1949,0.7391,0.5,5.3952,2,0,2,,,,,,False,1.0,0.0,25.0,2.0,0.0,1.0,7.0,0.92,0.5623,"LINESTRING (-116.194982 43.619192, -116.194921 43.619248, -116.194865 43.619299, -116.194771 43.619385)"
3283,8223343211,8444326766,0,nan,footway,58.7,43.6195,-116.1945,0.1078,0.0,0.0,1,0,2,,,,,,False,1.0,0.0,25.0,2.0,0.0,1.0,7.0,0.92,0.3134,"LINESTRING (-116.194309 43.619759, -116.19466 43.619399, -116.194694 43.619383, -116.194727 43.619377, -116.194771 43.619385)"
3284,8223343211,11836069325,0,nan,footway,113.9,43.6199,-116.195,0.1438,0.0,0.0,6,1,2,,,,,,False,1.0,0.0,25.0,2.0,0.0,1.0,10.0,0.92,0.3409,"LINESTRING (-116.195247 43.620346, -116.194792 43.619496, -116.194785 43.619409, -116.194771 43.619385)"
3285,8223343213,8223397285,0,nan,footway,70.7,43.6188,-116.1946,0.1278,1.0,4.6326,3,0,3,,,,,,False,1.0,0.0,25.0,2.0,0.0,1.0,10.0,0.92,0.1801,"LINESTRING (-116.194481 43.618472, -116.194785 43.619018, -116.194839 43.619044)"
3286,8223343227,11836069325,0,nan,footway,25.0,43.6203,-116.1954,0.4917,0.0,0.0,1,0,2,,,,,,False,1.0,0.0,25.0,2.0,0.0,1.0,6.0,0.92,0.4631,"LINESTRING (-116.195247 43.620346, -116.195301 43.62033, -116.195375 43.620282, -116.195474 43.620198)"
3287,8223343228,12753799651,0,nan,footway,50.7,43.62,-116.1956,0.4346,0.6667,5.9972,8,0,3,,,,,,False,1.0,0.0,25.0,2.0,0.0,1.0,9.0,0.92,0.3745,"LINESTRING (-116.195456 43.620189, -116.195825 43.619818)"
3288,8223343230,8225202782,0,nan,footway,40.3,43.6192,-116.1964,0.0186,1.0,6.9643,6,0,3,,,,,,False,1.0,0.0,25.0,2.0,0.0,1.0,9.0,0.92,0.1346,"LINESTRING (-116.196563 43.619057, -116.196281 43.619356)"
3289,8223343230,8223397390,0,nan,footway,42.1,43.6195,-116.1961,0.3862,1.0,6.1572,6,0,3,,,,,,False,1.0,0.0,25.0,2.0,0.0,1.0,7.0,0.92,0.2667,"LINESTRING (-116.195967 43.619659, -116.196281 43.619356)"
3290,8223343232,8225202794,0,nan,footway,42.1,43.6187,-116.1969,0.0024,1.0,6.9079,8,0,2,,,,,,False,1.0,0.0,25.0,2.0,0.0,1.0,10.0,0.92,0.0566,"LINESTRING (-116.19671 43.618901, -116.197005 43.618589)"
3291,8223343238,8223397231,0,nan,footway,65.2,43.6145,-116.1965,0.2282,0.75,7.5621,8,2,6,,,,,,False,1.0,0.0,25.0,2.0,0.0,1.0,11.0,0.92,0.6085,"LINESTRING (-116.196191 43.614306, -116.196854 43.614642)"
3292,8223343238,8223397270,0,nan,footway,28.9,43.6147,-116.197,0.0045,1.0,5.6078,5,2,6,,,,,,False,1.0,0.0,25.0,2.0,0.0,1.0,11.0,0.92,0.4408,"LINESTRING (-116.197148 43.614791, -116.196854 43.614642)"
3293,8223343241,8223343242,0,nan,footway,31.8,43.6157,-116.1931,0.0041,1.0,5.5783,23,0,4,,,,,,False,1.0,0.0,25.0,2.0,0.0,1.0,3.0,0.92,0.0755,"LINESTRING (-116.193243 43.615553, -116.193017 43.615788)"
3294,8223343241,8223397359,0,nan,footway,25.6,43.6157,-116.193,0.0203,0.5,7.6986,14,0,4,0.0069,0.1683,0.3004,0.0084,0.0042,True,1.0,0.0,25.0,2.0,0.0,1.0,3.0,0.92,0.3077,"LINESTRING (-116.192892 43.615576, -116.192908 43.615601, -116.192948 43.615667, -116.192994 43.615745, -116.193017 43.615788)"
3295,8223343242,8223397348,0,nan,footway,41.2,43.6154,-116.1934,0.0119,1.0,6.4795,29,0,5,0.012,0.2876,0.1379,0.0974,0.0075,True,1.0,0.0,25.0,2.0,0.0,1.0,7.0,0.92,0.1296,"LINESTRING (-116.193536 43.615248, -116.193243 43.615553)"
3296,8223343244,8225202738,0,nan,footway,39.9,43.6146,-116.1941,0.0141,1.0,6.3134,3,0,7,,,,,,False,1.0,0.0,25.0,2.0,0.0,1.0,6.0,0.92,0.3761,"LINESTRING (-116.194274 43.614481, -116.193991 43.614775)"
3297,8223343244,8223397340,0,nan,footway,42.1,43.6149,-116.1938,0.0027,1.0,0.0,15,1,5,,,,,,False,1.0,0.0,25.0,2.0,0.0,1.0,6.0,0.92,0.0604,"LINESTRING (-116.193692 43.615086, -116.193991 43.614775)"
3298,8223343246,8223343247,0,nan,footway,41.0,43.6139,-116.1949,0.0627,1.0,6.6136,3,0,6,,,,,,False,1.0,0.0,25.0,2.0,0.0,1.0,6.0,0.92,0.346,"LINESTRING (-116.195017 43.61371, -116.194725 43.614013)"
3299,8223343246,8225202747,0,nan,footway,41.9,43.6142,-116.1946,0.0427,1.0,6.9187,20,0,6,,,,,,False,1.0,0.0,25.0,2.0,0.0,1.0,6.0,0.92,0.2259,"LINESTRING (-116.194427 43.614322, -116.194725 43.614013)"
3300,8223343247,8223343264,0,nan,footway,93.7,43.614,-116.1955,0.0542,1.0,6.6647,19,0,6,,,,,,False,1.0,0.0,25.0,2.0,0.0,1.0,12.0,0.92,0.2304,"LINESTRING (-116.19597 43.614194, -116.195017 43.61371)"
3301,8223343247,8223397386,0,nan,footway,116.8,43.6134,-116.1944,0.0228,1.0,10.6766,67,1,6,0.0027,0.1843,0.1118,0.2193,0.0028,True,1.0,0.0,25.0,2.0,0.0,1.0,9.0,0.92,0.2778,"LINESTRING (-116.193822 43.613114, -116.194798 43.6136, -116.194855 43.613629, -116.194898 43.613651, -116.194977 43.61369, -116.195017 43.61371)"
3302,8223343250,8223343251,0,nan,footway,93.8,43.6126,-116.195,0.0201,0.6667,15.3558,49,1,8,0.0088,0.6246,0.1002,0.057,0.0031,True,1.0,0.0,25.0,2.0,0.0,1.0,14.0,0.92,0.5492,"LINESTRING (-116.195515 43.612839, -116.194564 43.612352)"
3303,8223343250,8223397329,0,nan,footway,87.2,43.6126,-116.1942,0.026,1.0,15.3558,198,1,7,0.0603,0.0001,0.0,0.5859,0.0,True,1.0,0.0,25.0,2.0,0.0,1.0,12.0,0.92,0.2922,"LINESTRING (-116.193954 43.612977, -116.193952 43.612949, -116.194505 43.612358, -116.194564 43.612352)"
3304,8223343252,8223397311,0,nan,footway,84.5,43.6133,-116.1955,0.0147,0.0,0.0,26,1,6,,,,,,False,1.0,0.0,25.0,2.0,0.0,1.0,10.0,0.92,0.4086,"LINESTRING (-116.195159 43.613563, -116.195759 43.61294)"
3305,8223343254,8223343270,0,nan,footway,35.7,43.613,-116.196,0.0169,0.0,0.0,4,0,8,0.0,0.5942,0.0662,0.055,0.0002,True,1.0,0.0,25.0,2.0,0.0,1.0,5.0,0.92,0.533,"LINESTRING (-116.196132 43.613114, -116.195769 43.61293)"
3306,8223343259,8223397350,0,nan,footway,40.5,43.6159,-116.1943,0.0535,1.0,6.1944,11,1,4,0.0266,0.3951,0.0799,0.0584,0.0149,True,1.0,0.0,25.0,2.0,0.0,1.0,7.0,0.92,0.2543,"LINESTRING (-116.194481 43.615726, -116.194191 43.616024)"
3307,8223343261,8225202739,0,nan,footway,40.2,43.6151,-116.1951,0.0475,1.0,7.0674,22,1,6,,,,,,False,1.0,0.0,25.0,2.0,0.0,1.0,5.0,0.92,0.3247,"LINESTRING (-116.195223 43.614962, -116.194936 43.615258)"
3308,8223343261,8223397341,0,nan,footway,43.2,43.6154,-116.1948,0.2183,1.0,5.849,12,1,6,,,,,,False,1.0,0.0,25.0,2.0,0.0,1.0,6.0,0.92,0.4142,"LINESTRING (-116.194627 43.615575, -116.194936 43.615258)"
3309,8223343263,8223343264,0,nan,footway,41.4,43.6143,-116.1958,0.473,1.0,0.0,16,0,7,,,,,,False,1.0,0.0,25.0,2.0,0.0,1.0,9.0,0.92,0.2445,"LINESTRING (-116.19597 43.614194, -116.195674 43.614498)"
3310,8223343263,8225202749,0,nan,footway,41.8,43.6147,-116.1955,0.6304,1.0,7.0133,19,0,7,,,,,,False,1.0,0.0,25.0,2.0,0.0,1.0,10.0,0.92,0.5129,"LINESTRING (-116.195375 43.614806, -116.195674 43.614498)"
3311,8223343265,8223397314,0,nan,footway,70.4,43.6138,-116.1964,0.4538,0.75,0.0,8,0,6,,,,,,False,1.0,0.0,25.0,2.0,0.0,1.0,13.0,0.92,0.3102,"LINESTRING (-116.196114 43.614045, -116.19661 43.613524)"
3312,8223397218,8223397219,0,nan,footway,40.0,43.6145,-116.1989,0.2954,1.0,5.7146,43,7,3,0.0202,0.2028,0.1698,0.1952,0.0119,True,1.0,0.0,25.0,2.0,0.0,1.0,12.0,0.92,0.3997,"LINESTRING (-116.199061 43.614622, -116.198654 43.614416)"
3313,8223397220,8223397221,0,nan,footway,25.5,43.6149,-116.1997,1.1808,1.0,4.5297,34,11,5,0.0061,0.0167,0.4319,0.3333,0.0129,True,1.0,0.0,25.0,2.0,0.0,1.0,7.0,0.92,0.9064,"LINESTRING (-116.199795 43.614993, -116.199535 43.614861)"
3314,8223397221,11902434862,0,nan,footway,44.0,43.6151,-116.2,2.3884,1.0,10.6008,60,10,6,0.0096,0.0119,0.3532,0.4116,0.0163,True,1.0,0.0,25.0,2.0,0.0,1.0,9.0,0.92,1.0,"LINESTRING (-116.200236 43.615226, -116.199795 43.614993)"
3315,8223397224,8225202741,0,nan,footway,82.3,43.6154,-116.1952,0.1233,1.0,6.8844,16,1,5,,,,,,False,1.0,0.0,25.0,2.0,0.0,1.0,10.0,0.92,0.3199,"LINESTRING (-116.195446 43.615076, -116.194909 43.615636, -116.19486 43.615682)"
3316,8223397224,8223397335,0,nan,footway,94.8,43.6159,-116.1953,0.1706,0.5,6.8844,10,2,3,,,,,,False,1.0,0.0,25.0,2.0,0.0,1.0,11.0,0.92,0.4853,"LINESTRING (-116.195824 43.616172, -116.195254 43.615883, -116.19486 43.615682)"
3317,8223397226,8223397227,0,nan,footway,40.5,43.616,-116.1946,0.0548,1.0,10.9739,4,0,4,0.0156,0.4499,0.0793,0.031,0.0145,True,1.0,0.0,25.0,2.0,0.0,1.0,7.0,0.92,0.2684,"LINESTRING (-116.194427 43.616143, -116.19471 43.615842)"
3318,8223397226,11170194840,0,nan,footway,67.4,43.616,-116.1951,0.0232,0.75,9.9793,5,1,4,0.0216,0.4193,0.095,0.0397,0.0094,True,1.0,0.0,25.0,2.0,0.0,1.0,7.0,0.92,0.4173,"LINESTRING (-116.195397 43.616189, -116.19471 43.615842)"
3319,8223397230,8223397231,0,nan,footway,41.3,43.6145,-116.196,0.9565,1.0,7.6413,4,0,7,,,,,,False,1.0,0.0,25.0,2.0,0.0,1.0,7.0,0.92,0.7453,"LINESTRING (-116.196191 43.614306, -116.195899 43.614612)"
3320,8223397230,8225202751,0,nan,footway,42.0,43.6148,-116.1958,0.6243,1.0,5.0375,17,0,7,,,,,,False,1.0,0.0,25.0,2.0,0.0,1.0,8.0,0.92,0.4882,"LINESTRING (-116.195602 43.614922, -116.195899 43.614612)"
3321,8223397233,8223397316,0,nan,footway,41.7,43.614,-116.1965,0.4903,1.0,6.7021,9,0,6,,,,,,False,1.0,0.0,25.0,2.0,0.0,1.0,9.0,0.92,0.4496,"LINESTRING (-116.196334 43.614156, -116.196629 43.613848)"
3322,8223397236,8225202743,0,nan,footway,94.1,43.6159,-116.1971,0.1686,0.6667,9.7379,5,0,4,0.0869,0.1269,0.2481,0.1407,0.004,True,1.0,0.0,25.0,2.0,0.0,1.0,13.0,0.92,0.3975,"LINESTRING (-116.197585 43.616152, -116.196668 43.615688, -116.196645 43.615679, -116.196634 43.615675, -116.196623 43.615672)"
3323,8223397237,8223397246,0,nan,footway,25.1,43.6162,-116.1961,0.0243,0.0,0.0,7,3,3,,,,,,False,1.0,0.0,25.0,2.0,0.0,1.0,7.0,0.92,0.4395,"LINESTRING (-116.196218 43.61607, -116.196039 43.616256)"
3324,8223397239,8225202777,0,nan,footway,96.2,43.6182,-116.1949,0.0093,0.8333,5.1034,7,1,5,,,,,,False,1.0,0.0,25.0,2.0,0.0,1.0,13.0,0.92,0.356,"LINESTRING (-116.195397 43.618459, -116.194422 43.61796)"
3325,8223397240,8225202786,0,nan,footway,42.3,43.6176,-116.1947,0.0449,1.0,4.997,4,0,3,,,,,,False,1.0,0.0,25.0,2.0,0.0,1.0,9.0,0.92,0.1387,"LINESTRING (-116.194564 43.617806, -116.194856 43.617491)"
3326,8223397240,8223397241,0,nan,footway,43.4,43.6173,-116.195,0.0942,1.0,5.7904,4,1,4,0.0462,0.4642,0.1671,0.1313,0.0071,True,1.0,0.0,25.0,2.0,0.0,1.0,12.0,0.92,0.3256,"LINESTRING (-116.19517 43.617173, -116.194856 43.617491)"
3327,8223397243,8223397244,0,nan,footway,36.7,43.6169,-116.1954,0.0062,0.3333,0.0,4,3,4,,,,,,False,1.0,0.0,25.0,2.0,0.0,1.0,9.0,0.92,0.4097,"LINESTRING (-116.195569 43.616771, -116.195309 43.617042)"
3328,8223397244,8223397355,0,nan,footway,45.2,43.6166,-116.1957,0.0053,0.6667,0.0,8,4,3,0.0202,0.2861,0.181,0.0384,0.0025,True,1.0,0.0,25.0,2.0,0.0,1.0,10.0,0.92,0.2385,"LINESTRING (-116.195889 43.616437, -116.195569 43.616771)"
3329,8223397246,8223397247,0,nan,footway,48.1,43.6159,-116.1964,0.004,0.0,0.0,3,0,6,,,,,,False,1.0,0.0,25.0,2.0,0.0,1.0,11.0,0.92,0.4372,"LINESTRING (-116.196561 43.615716, -116.196218 43.61607)"
3330,8223397249,8225202756,0,nan,footway,42.9,43.6154,-116.1969,0.1074,1.0,9.807,3,2,5,,,,,,False,1.0,0.0,25.0,2.0,0.0,1.0,8.0,0.92,0.5078,"LINESTRING (-116.196778 43.615522, -116.197083 43.615206)"
3331,8223397249,8223397250,0,nan,footway,40.8,43.6151,-116.1972,0.0113,0.0,0.0,5,2,5,,,,,,False,1.0,0.0,25.0,2.0,0.0,1.0,10.0,0.92,0.5191,"LINESTRING (-116.197372 43.614905, -116.197083 43.615206)"
3332,8223397250,8332771789,0,nan,footway,67.6,43.6151,-116.1977,0.0114,0.25,3.9714,15,2,3,,,,,,False,1.0,0.0,25.0,2.0,0.0,1.0,9.0,0.92,0.4303,"LINESTRING (-116.19806 43.615254, -116.197372 43.614905)"
3333,8223397252,8223397321,0,nan,footway,41.4,43.6146,-116.1977,0.0663,1.0,5.4144,17,1,5,,,,,,False,1.0,0.0,25.0,2.0,0.0,1.0,9.0,0.92,0.272,"LINESTRING (-116.197518 43.614753, -116.197812 43.614448)"
3334,8223397252,8223397253,0,nan,footway,41.7,43.6143,-116.198,0.1082,1.0,4.5518,15,0,5,0.0082,0.5591,0.0173,0.1534,0.0046,True,1.0,0.0,25.0,2.0,0.0,1.0,11.0,0.92,0.18,"LINESTRING (-116.198108 43.614141, -116.197812 43.614448)"
3335,8223397259,8223397260,0,nan,footway,36.3,43.6175,-116.1945,0.012,1.0,4.059,3,0,4,0.0181,0.3858,0.068,0.0684,0.0028,True,1.0,0.0,25.0,2.0,0.0,1.0,9.0,0.92,0.1769,"LINESTRING (-116.194641 43.617402, -116.194385 43.61767)"
3336,8223397259,8223397280,0,nan,footway,31.7,43.6178,-116.1943,0.0498,0.0,0.0,3,0,4,,,,,,False,1.0,0.0,25.0,2.0,0.0,1.0,9.0,0.92,0.3485,"LINESTRING (-116.194154 43.617842, -116.194202 43.617851, -116.194261 43.617842, -116.19429 43.617825, -116.194392 43.617718, -116.194385 43.61767)"
3337,8223397260,8223397261,0,nan,footway,31.0,43.6173,-116.1948,0.1807,1.0,3.7651,4,1,3,0.0344,0.3952,0.0137,0.1736,0.0017,True,1.0,0.0,25.0,2.0,0.0,1.0,10.0,0.92,0.2689,"LINESTRING (-116.194861 43.617173, -116.194641 43.617402)"
3338,8223397264,8223397265,0,nan,footway,41.8,43.6168,-116.1952,0.0056,1.0,16.1228,4,3,4,0.0382,0.3998,0.0278,0.1181,0.0025,True,1.0,0.0,25.0,2.0,0.0,1.0,12.0,0.92,0.4896,"LINESTRING (-116.195388 43.616625, -116.195105 43.61694)"
3339,8223397265,8223397353,0,nan,footway,40.2,43.6165,-116.1955,0.0239,1.0,7.9903,8,4,3,0.0127,0.3411,0.0708,0.1325,0.0021,True,1.0,0.0,25.0,2.0,0.0,1.0,7.0,0.92,0.3672,"LINESTRING (-116.195673 43.616328, -116.195388 43.616625)"
3340,8223397267,8225202742,0,nan,footway,70.8,43.6158,-116.1962,0.0169,0.0,0.0,7,1,6,,,,,,False,1.0,0.0,25.0,2.0,0.0,1.0,11.0,0.92,0.4949,"LINESTRING (-116.196408 43.615562, -116.195906 43.616086)"
3341,8223397269,8223397270,0,nan,footway,40.7,43.6149,-116.197,0.0178,1.0,5.6078,4,2,6,,,,,,False,1.0,0.0,25.0,2.0,0.0,1.0,10.0,0.92,0.4587,"LINESTRING (-116.197148 43.614791, -116.19686 43.615091)"
3342,8223397269,8225202754,0,nan,footway,43.0,43.6153,-116.1967,0.6216,1.0,23.0,4,2,5,,,,,,False,1.0,0.0,25.0,2.0,0.0,1.0,9.0,0.92,0.7763,"LINESTRING (-116.196555 43.615409, -116.19686 43.615091)"
3343,8223397272,8223397273,0,nan,footway,41.6,43.6142,-116.1977,0.0408,0.0,0.0,17,0,6,0.0293,0.517,0.0959,0.171,0.0231,True,1.0,0.0,25.0,2.0,0.0,1.0,12.0,0.92,0.3458,"LINESTRING (-116.197882 43.614026, -116.197587 43.614334)"
3344,8223397272,8223397320,0,nan,footway,41.5,43.6145,-116.1974,0.0204,0.0,0.0,11,2,5,,,,,,False,1.0,0.0,25.0,2.0,0.0,1.0,11.0,0.92,0.4739,"LINESTRING (-116.197294 43.61464, -116.197587 43.614334)"
3345,8223397280,8223397283,0,nan,footway,64.0,43.6176,-116.194,0.0031,0.5,4.206,3,0,4,0.102,0.4614,0.0768,0.0573,0.0051,True,1.0,0.0,25.0,2.0,0.0,1.0,7.0,0.92,0.34,"LINESTRING (-116.193852 43.617313, -116.194102 43.617799, -116.194154 43.617842)"
3346,8223397285,11836069287,0,nan,footway,52.8,43.6183,-116.1944,0.0021,1.0,0.0,2,0,4,,,,,,False,1.0,0.0,25.0,2.0,0.0,1.0,7.0,0.92,0.0231,"LINESTRING (-116.194251 43.61803, -116.194252 43.618061, -116.19428 43.618112, -116.194481 43.618472)"
3347,8223397286,8223397390,0,nan,footway,94.1,43.6194,-116.1955,0.2716,1.0,5.8242,5,0,1,,,,,,False,1.0,0.0,25.0,2.0,0.0,1.0,13.0,0.92,0.1214,"LINESTRING (-116.195967 43.619659, -116.195012 43.619171)"
3348,8223397286,8223397292,0,nan,footway,41.6,43.619,-116.1952,0.15,1.0,5.1933,2,0,3,,,,,,False,1.0,0.0,25.0,2.0,0.0,1.0,8.0,0.92,0.2189,"LINESTRING (-116.195307 43.618864, -116.195012 43.619171)"
3349,8223397287,8225202775,0,nan,footway,45.5,43.6164,-116.198,0.1198,0.0,0.0,6,0,2,,,,,,False,1.0,0.0,25.0,2.0,0.0,1.0,8.0,0.92,0.2301,"LINESTRING (-116.198281 43.616512, -116.197859 43.616299, -116.197847 43.616294, -116.197833 43.616288, -116.197813 43.616285)"
3350,8223397287,8225202764,0,nan,footway,42.9,43.6164,-116.1976,0.128,0.0,0.0,7,0,2,0.0264,0.3408,0.1111,0.0551,0.0038,True,1.0,0.0,25.0,2.0,0.0,1.0,8.0,0.92,0.2239,"LINESTRING (-116.197496 43.616589, -116.197771 43.6163, -116.197783 43.616292, -116.197797 43.616287, -116.197813 43.616285)"
3351,8223397291,8223397300,0,nan,footway,42.3,43.6157,-116.1984,0.2087,1.0,6.896,16,1,3,0.0782,0.2081,0.1844,0.1143,0.0254,True,1.0,0.0,25.0,2.0,0.0,1.0,7.0,0.92,0.2469,"LINESTRING (-116.198239 43.615809, -116.198541 43.615498)"
3352,8223397292,8225202779,0,nan,footway,40.9,43.6187,-116.1955,0.0076,1.0,6.7057,6,0,2,,,,,,False,1.0,0.0,25.0,2.0,0.0,1.0,9.0,0.92,0.0736,"LINESTRING (-116.195596 43.618561, -116.195307 43.618864)"
3353,8223397294,8223397295,0,nan,footway,41.8,43.6179,-116.1962,0.0815,1.0,5.9476,8,1,2,,,,,,False,1.0,0.0,25.0,2.0,0.0,1.0,11.0,0.92,0.1753,"LINESTRING (-116.196337 43.617789, -116.196042 43.618098)"
3354,8223397294,8225202790,0,nan,footway,42.0,43.6183,-116.1959,0.0826,1.0,6.8226,9,0,2,,,,,,False,1.0,0.0,25.0,2.0,0.0,1.0,10.0,0.92,0.0794,"LINESTRING (-116.195743 43.618408, -116.196042 43.618098)"
3355,8223397297,8987039929,0,nan,footway,44.9,43.6178,-116.1967,0.006,1.0,12.1048,7,0,2,,,,,,False,1.0,0.0,25.0,2.0,0.0,1.0,13.0,0.92,0.1193,"LINESTRING (-116.196897 43.617893, -116.196858 43.617873, -116.196833 43.617813, -116.196485 43.617639)"
3356,8223397298,8225202764,0,nan,footway,30.5,43.6167,-116.1974,0.0561,0.0,0.0,7,0,2,0.0242,0.1636,0.2144,0.1161,0.0094,True,1.0,0.0,25.0,2.0,0.0,1.0,6.0,0.92,0.1959,"LINESTRING (-116.197496 43.616589, -116.197278 43.616813)"
3357,8223397300,8225202760,0,nan,footway,42.6,43.616,-116.1981,0.3474,1.0,7.0909,3,0,3,0.0596,0.231,0.071,0.2669,0.0055,True,1.0,0.0,25.0,2.0,0.0,1.0,11.0,0.92,0.3037,"LINESTRING (-116.197958 43.616125, -116.19795 43.616107, -116.198239 43.615809)"
3358,8223397302,8223397303,0,nan,footway,41.9,43.6149,-116.1991,1.9136,1.0,6.4895,31,6,4,0.0526,0.1156,0.147,0.3193,0.0123,True,1.0,0.0,25.0,2.0,0.0,1.0,10.0,0.92,1.0,"LINESTRING (-116.199282 43.614734, -116.199003 43.615021, -116.198983 43.615042)"
3359,8223397302,8223397324,0,nan,footway,41.7,43.6152,-116.1988,0.2589,0.3333,6.4895,32,6,4,0.0448,0.1306,0.243,0.134,0.0142,True,1.0,0.0,25.0,2.0,0.0,1.0,6.0,0.92,0.6689,"LINESTRING (-116.198686 43.615349, -116.198958 43.615068, -116.198983 43.615042)"
3360,8223397305,8223397307,0,nan,footway,37.8,43.6152,-116.1983,0.0617,1.0,5.0861,18,3,3,0.0618,0.2039,0.2626,0.1032,0.0168,True,1.0,0.0,25.0,2.0,0.0,1.0,6.0,0.92,0.2559,"LINESTRING (-116.198076 43.61507, -116.198405 43.615239, -116.198471 43.61524)"
3361,8223397307,8223397322,0,nan,footway,50.1,43.6149,-116.1979,0.0156,1.0,5.8458,12,0,2,,,,,,False,1.0,0.0,25.0,2.0,0.0,1.0,9.0,0.92,0.0208,"LINESTRING (-116.197597 43.614793, -116.198043 43.615018, -116.198076 43.61507)"
3362,8223397311,8912633188,0,nan,footway,35.8,43.6137,-116.1953,0.0036,0.0,0.0,13,1,6,,,,,,False,1.0,0.0,25.0,2.0,0.0,1.0,7.0,0.92,0.4504,"LINESTRING (-116.195523 43.613747, -116.195159 43.613563)"
3363,8223397311,8223397329,0,nan,footway,117.9,43.6133,-116.1946,0.0039,1.0,13.4834,69,1,5,0.0023,0.119,0.128,0.2536,0.0012,True,1.0,0.0,25.0,2.0,0.0,1.0,10.0,0.92,0.2378,"LINESTRING (-116.193954 43.612977, -116.194899 43.61346, -116.194943 43.613454, -116.194991 43.613478, -116.19504 43.613503, -116.195122 43.613544, -116.195159 43.613563)"
3364,8223397316,8223397320,0,nan,footway,94.1,43.6144,-116.1968,0.0239,0.5,7.325,16,2,6,,,,,,False,1.0,0.0,25.0,2.0,0.0,1.0,18.0,0.92,0.5629,"LINESTRING (-116.197294 43.61464, -116.197167 43.614576, -116.196965 43.614474, -116.196771 43.614376, -116.196334 43.614156)"
3365,8223397336,8985010333,0,nan,footway,93.2,43.6165,-116.1965,0.0608,0.5,9.7379,11,3,3,0.0276,0.3097,0.1266,0.0635,0.0173,True,1.0,0.0,25.0,2.0,0.0,1.0,12.0,0.92,0.5109,"LINESTRING (-116.196059 43.616266, -116.197009 43.616746)"
3366,8223397337,8223397344,0,nan,footway,46.9,43.617,-116.1975,0.1024,1.0,13.2324,6,0,1,0.0459,0.2642,0.1456,0.0814,0.0108,True,1.0,0.0,25.0,2.0,0.0,1.0,8.0,0.92,0.1217,"LINESTRING (-116.197696 43.617119, -116.197218 43.616878)"
3367,8223397340,8223397341,0,nan,footway,92.9,43.6153,-116.1942,0.1106,1.0,5.3093,25,1,5,,,,,,False,1.0,0.0,25.0,2.0,0.0,1.0,11.0,0.92,0.2617,"LINESTRING (-116.194627 43.615575, -116.193692 43.615086)"
3368,8223397340,8223397361,0,nan,footway,42.3,43.615,-116.1935,0.0989,0.6667,13.3361,24,0,5,0.001,0.2118,0.2014,0.0774,0.0072,True,1.0,0.0,25.0,2.0,0.0,1.0,6.0,0.92,0.3537,"LINESTRING (-116.193318 43.615139, -116.193354 43.615104, -116.193403 43.615057, -116.193444 43.615019, -116.193485 43.614981, -116.193539 43.615008, -116.193579 43.615027, -116.193643 43.615061, -116.193692 43.615086)"
3369,8223397344,8223397345,0,nan,footway,47.5,43.6172,-116.1979,0.3623,0.0,0.0,5,0,3,0.01,0.2618,0.1462,0.0681,0.0018,True,1.0,0.0,25.0,2.0,0.0,1.0,7.0,0.92,0.3887,"LINESTRING (-116.198181 43.617362, -116.197696 43.617119)"
3370,8223397347,8223397361,0,nan,footway,86.6,43.6149,-116.1929,0.2599,0.8,7.3233,25,0,5,0.0196,0.305,0.0934,0.1751,0.0057,True,1.0,0.0,25.0,2.0,0.0,1.0,12.0,0.92,0.313,"LINESTRING (-116.193318 43.615139, -116.192436 43.614693)"
3371,8223397347,8223397359,0,nan,footway,111.9,43.6151,-116.1926,0.1808,0.7143,7.1366,28,0,5,0.0167,0.4134,0.1292,0.0029,0.0088,True,1.0,0.0,25.0,2.0,0.0,1.0,10.0,0.92,0.3001,"LINESTRING (-116.192892 43.615576, -116.192847 43.615558, -116.192706 43.615307, -116.192447 43.614962, -116.192417 43.6149, -116.192403 43.614846, -116.192374 43.614713, -116.192436 43.614693)"
3372,8223397348,8223397350,0,nan,footway,92.8,43.6155,-116.194,0.0312,1.0,6.7718,30,1,5,0.0133,0.3317,0.1257,0.0721,0.009,True,1.0,0.0,25.0,2.0,0.0,1.0,12.0,0.92,0.2403,"LINESTRING (-116.194481 43.615726, -116.193536 43.615248)"
3373,8223397353,11170194840,0,nan,footway,27.1,43.6163,-116.1955,0.053,1.0,7.9903,7,3,3,0.0184,0.3796,0.1418,0.0253,0.003,True,1.0,0.0,25.0,2.0,0.0,1.0,6.0,0.92,0.3542,"LINESTRING (-116.195397 43.616189, -116.195673 43.616328)"
3374,8223397355,11170194623,0,nan,footway,34.0,43.6165,-116.1961,0.0,1.0,0.0,8,3,3,0.0246,0.3223,0.1623,0.033,0.0024,True,1.0,0.0,25.0,2.0,0.0,1.0,6.0,0.92,0.0947,"LINESTRING (-116.196235 43.616613, -116.195889 43.616437)"
3375,8223397356,11170194621,0,nan,footway,28.0,43.617,-116.1967,0.3401,0.0,0.0,6,1,3,0.0214,0.281,0.1852,0.045,0.0119,True,1.0,0.0,25.0,2.0,0.0,1.0,7.0,0.92,0.4706,"LINESTRING (-116.196648 43.617128, -116.196847 43.616922)"
3376,8223397357,8223397358,0,nan,footway,94.3,43.6173,-116.1975,0.2108,0.0,0.0,6,0,1,0.0454,0.333,0.0572,0.1327,0.0097,True,1.0,0.0,25.0,2.0,0.0,1.0,15.0,0.92,0.2123,"LINESTRING (-116.198028 43.617521, -116.197068 43.617035)"
3377,8223397357,8987039945,0,nan,footway,33.0,43.6172,-116.197,0.2066,1.0,12.1048,3,1,1,0.0151,0.2391,0.0565,0.2043,0.0015,True,1.0,0.0,25.0,2.0,0.0,1.0,9.0,0.92,0.2944,"LINESTRING (-116.196834 43.617278, -116.197068 43.617035)"
3378,8223397358,8987039937,0,nan,footway,32.8,43.6176,-116.1979,0.14,1.0,12.1048,5,0,4,,,,,,False,1.0,0.0,25.0,2.0,0.0,1.0,10.0,0.92,0.2983,"LINESTRING (-116.197794 43.617763, -116.198028 43.617521)"
3379,8223397359,8223397360,0,nan,footway,30.9,43.6155,-116.193,0.0057,0.0,0.0,27,0,5,0.0042,0.228,0.2622,0.0396,0.0138,True,1.0,0.0,25.0,2.0,0.0,1.0,6.0,0.92,0.2479,"LINESTRING (-116.193114 43.615349, -116.192892 43.615576)"
3380,8223397360,8223397361,0,nan,footway,28.6,43.6152,-116.1932,0.107,0.0,0.0,24,0,5,0.006,0.215,0.2269,0.0608,0.0116,True,1.0,0.0,25.0,2.0,0.0,1.0,7.0,0.92,0.2954,"LINESTRING (-116.193318 43.615139, -116.193114 43.615349)"
3381,8223397386,8235235611,0,nan,footway,82.1,43.6134,-116.1935,0.1991,1.0,12.3006,46,0,6,0.0042,0.068,0.2007,0.2319,0.0006,True,1.0,0.0,25.0,2.0,0.0,1.0,8.0,0.92,0.2847,"LINESTRING (-116.193239 43.613719, -116.193822 43.613114)"
3382,8223397388,8235235617,0,nan,footway,40.3,43.6115,-116.1881,0.0,1.0,3.095,1,0,0,0.0435,0.4074,0.1317,0.0346,0.0025,True,1.0,0.0,25.0,2.0,0.0,1.0,4.0,0.92,0.0,"LINESTRING (-116.187818 43.611534, -116.188319 43.611529)"
3383,8223397388,8235235552,0,nan,footway,121.8,43.6116,-116.189,0.0193,0.1429,1.6897,2,0,1,0.0407,0.3204,0.1592,0.0362,0.0016,True,1.0,0.0,25.0,2.0,0.0,1.0,7.0,0.92,0.2543,"LINESTRING (-116.189674 43.611902, -116.188914 43.611531, -116.188819 43.611524, -116.188319 43.611529)"
3384,8223397397,8228573517,0,nan,footway,56.3,43.627,-116.2137,0.0031,0.75,4.8576,0,0,4,,,,,,False,1.0,0.0,25.0,2.0,0.0,1.0,5.0,0.92,0.3679,"LINESTRING (-116.213934 43.627141, -116.213425 43.626794)"
3385,8225202738,8225202739,0,nan,footway,93.3,43.6147,-116.1947,0.0322,1.0,6.7002,26,1,6,,,,,,False,1.0,0.0,25.0,2.0,0.0,1.0,12.0,0.92,0.3026,"LINESTRING (-116.195223 43.614962, -116.194274 43.614481)"
3386,8225202738,11783921696,0,nan,footway,115.9,43.6142,-116.1937,0.0203,1.0,12.3329,22,0,7,0.0022,0.0138,0.2823,0.198,0.0034,True,1.0,0.0,25.0,2.0,0.0,1.0,10.0,0.92,0.3187,"LINESTRING (-116.193101 43.613876, -116.194066 43.614376, -116.194111 43.6144, -116.194158 43.614423, -116.194228 43.614457, -116.194274 43.614481)"
3387,8225202741,8225202742,0,nan,footway,94.4,43.6153,-116.1959,0.1077,0.5,6.8844,12,2,6,,,,,,False,1.0,0.0,25.0,2.0,0.0,1.0,12.0,0.92,0.6088,"LINESTRING (-116.196408 43.615562, -116.195446 43.615076)"
3388,8225202745,8225202771,0,nan,footway,52.5,43.617,-116.1986,0.2053,0.0,0.0,5,0,5,,,,,,False,1.0,0.0,25.0,2.0,0.0,1.0,10.0,0.92,0.4339,"LINESTRING (-116.198378 43.617147, -116.198737 43.616776, -116.198741 43.616766, -116.198743 43.616757)"
3389,8225202745,8225202775,0,nan,footway,46.3,43.6166,-116.1985,0.1219,0.0,0.0,6,0,2,,,,,,False,1.0,0.0,25.0,2.0,0.0,1.0,11.0,0.92,0.2309,"LINESTRING (-116.198281 43.616512, -116.198727 43.616739, -116.198738 43.616748, -116.198743 43.616757)"
3390,8225202747,8225202748,0,nan,footway,51.6,43.6145,-116.1947,0.0239,1.0,7.0504,15,0,6,,,,,,False,1.0,0.0,25.0,2.0,0.0,1.0,8.0,0.92,0.2394,"LINESTRING (-116.194951 43.614589, -116.194427 43.614322)"
3391,8225202747,8235235611,0,nan,footway,116.8,43.614,-116.1938,0.1546,1.0,10.7202,33,0,6,0.0015,0.0293,0.2722,0.2089,0.0009,True,1.0,0.0,25.0,2.0,0.0,1.0,11.0,0.92,0.2769,"LINESTRING (-116.193239 43.613719, -116.194202 43.61421, -116.194262 43.61424, -116.194311 43.614264, -116.194379 43.614297, -116.194427 43.614322)"
3392,8225202748,8225202749,0,nan,footway,41.8,43.6147,-116.1952,0.2306,1.0,7.0133,19,0,6,,,,,,False,1.0,0.0,25.0,2.0,0.0,1.0,6.0,0.92,0.3038,"LINESTRING (-116.195375 43.614806, -116.194951 43.614589)"
3393,8225202751,8225202752,0,nan,footway,28.5,43.615,-116.1957,0.2238,1.0,5.0375,17,0,7,,,,,,False,1.0,0.0,25.0,2.0,0.0,1.0,7.0,0.92,0.3321,"LINESTRING (-116.195891 43.615069, -116.195602 43.614922)"
3394,8225202753,8225202754,0,nan,footway,46.2,43.6153,-116.1963,0.4538,1.0,23.0,7,2,6,,,,,,False,1.0,0.0,25.0,2.0,0.0,1.0,8.0,0.92,0.7311,"LINESTRING (-116.196555 43.615409, -116.196086 43.615169)"
3395,8225202756,8225202757,0,nan,footway,68.7,43.6157,-116.1971,0.0382,1.0,8.7687,2,0,4,,,,,,False,1.0,0.0,25.0,2.0,0.0,1.0,12.0,0.92,0.2764,"LINESTRING (-116.197475 43.615878, -116.196778 43.615522)"
3396,8225202757,8225202758,0,nan,footway,25.6,43.6159,-116.1976,0.867,1.0,8.8772,3,0,3,0.0231,0.1381,0.2654,0.1066,0.0132,True,1.0,0.0,25.0,2.0,0.0,1.0,7.0,0.92,0.5272,"LINESTRING (-116.197734 43.616011, -116.197475 43.615878)"
3397,8225202760,8225202761,0,nan,footway,34.4,43.6162,-116.1981,0.1528,1.0,7.0909,2,0,2,,,,,,False,1.0,0.0,25.0,2.0,0.0,1.0,10.0,0.92,0.1948,"LINESTRING (-116.198306 43.616303, -116.197958 43.616125)"
3398,8225202762,8225202763,0,nan,footway,46.0,43.6165,-116.1987,0.37,0.0,0.0,7,0,2,,,,,,False,1.0,0.0,25.0,2.0,0.0,1.0,10.0,0.92,0.3182,"LINESTRING (-116.198913 43.616601, -116.198438 43.616371)"
3399,8225202779,8225202780,0,nan,footway,36.3,43.6187,-116.1958,0.0108,1.0,6.0887,8,0,2,,,,,,False,1.0,0.0,25.0,2.0,0.0,1.0,11.0,0.92,0.0484,"LINESTRING (-116.195965 43.61875, -116.195596 43.618561)"
3400,8225202781,8225202782,0,nan,footway,37.4,43.619,-116.1964,0.0109,1.0,7.5243,6,0,2,,,,,,False,1.0,0.0,25.0,2.0,0.0,1.0,12.0,0.92,0.0855,"LINESTRING (-116.196563 43.619057, -116.196184 43.618863)"
3401,8225202787,8225202788,0,nan,footway,78.7,43.6181,-116.1951,0.0089,1.0,4.6371,7,1,4,,,,,,False,1.0,0.0,25.0,2.0,0.0,1.0,12.0,0.92,0.2398,"LINESTRING (-116.195543 43.618306, -116.194744 43.617898)"
3402,8225202793,8225202794,0,nan,footway,43.0,43.6188,-116.1965,0.0024,1.0,6.9079,10,0,1,,,,,,False,1.0,0.0,25.0,2.0,0.0,1.0,11.0,0.92,0.0,"LINESTRING (-116.19671 43.618901, -116.196273 43.618678)"
3403,8225202799,8225202801,0,nan,footway,45.2,43.6185,-116.1889,0.0,1.0,7.1113,2,1,3,,,,,,False,1.0,0.0,25.0,2.0,0.0,1.0,3.0,0.92,0.2902,"LINESTRING (-116.188661 43.618457, -116.189146 43.618472, -116.189148 43.618526)"
3404,8225202799,8444326698,0,nan,footway,110.3,43.6183,-116.1894,0.0,0.8571,6.7166,1,1,3,,,,,,False,1.0,0.0,25.0,2.0,0.0,1.0,2.0,0.92,0.3601,"LINESTRING (-116.189382 43.617863, -116.189379 43.617873, -116.189319 43.61791, -116.189347 43.618135, -116.189431 43.618165, -116.189456 43.618363, -116.189427 43.618362, -116.189433 43.618409, -116.189466 43.618433, -116.189471 43.618508, -116.189451 43.618535, -116.189422 43.618546, -116.189288 43.618543, -116.189275 43.618536, -116.189148 43.618526)"
3405,8225202808,8225216482,0,nan,footway,48.2,43.6196,-116.1901,0.0,1.0,0.0,1,0,3,,,,,,False,1.0,0.0,25.0,2.0,0.0,1.0,3.0,0.92,0.0,"LINESTRING (-116.189848 43.619704, -116.190002 43.619669, -116.19005 43.61964, -116.190111 43.619623, -116.190196 43.619616, -116.190239 43.619613, -116.190273 43.619609, -116.190406 43.619567)"
3406,8225216343,8225216360,0,nan,footway,121.7,43.6193,-116.1876,0.0,1.0,8.2002,1,0,2,,,,,,False,1.0,0.0,25.0,2.0,0.0,1.0,5.0,0.92,0.1772,"LINESTRING (-116.187904 43.61979, -116.187774 43.61957, -116.187573 43.619272, -116.187414 43.619029, -116.18732 43.618817, -116.187302 43.618788)"
3407,8225216344,8225216431,0,Officer Row,unclassified,65.8,43.6217,-116.1886,0.0,0.25,0.0,0,0,1,,,,,,False,0.0,2.0,25.0,2.0,0.179,0.5,2.0,0.881,0.185,"LINESTRING (-116.188389 43.621484, -116.188431 43.621538, -116.188538 43.621657, -116.188641 43.621721, -116.18873 43.621724, -116.18883 43.621702, -116.189009 43.621629)"
3408,8225216344,8225216419,0,nan,footway,39.4,43.6215,-116.1889,0.0,0.3333,0.0,0,0,1,,,,,,False,1.0,0.0,25.0,2.0,0.0,1.0,2.0,0.92,0.1578,"LINESTRING (-116.188815 43.621318, -116.188891 43.621412, -116.188959 43.621489, -116.188962 43.621529, -116.188954 43.621578, -116.189009 43.621629)"
3409,8225216344,8225216345,0,nan,footway,165.3,43.6221,-116.1898,0.0,0.2,7.9609,0,0,1,,,,,,False,1.0,0.0,25.0,2.0,0.0,1.0,7.0,0.92,0.4316,"LINESTRING (-116.190799 43.622269, -116.190742 43.622268, -116.190715 43.622244, -116.190602 43.622238, -116.190434 43.62222, -116.190295 43.622192, -116.190175 43.622163, -116.189993 43.622113, -116.189799 43.622043, -116.189663 43.621987, -116.189522 43.621915, -116.189345 43.621812, -116.189212 43.621729, -116.189088 43.621702, -116.189009 43.621629)"
3410,8225216345,9529570126,0,nan,footway,48.8,43.6222,-116.1911,0.0,1.0,5.7637,0,0,1,,,,,,False,1.0,0.0,25.0,2.0,0.0,1.0,3.0,0.92,0.1404,"LINESTRING (-116.191381 43.622224, -116.191308 43.622244, -116.191251 43.622228, -116.190908 43.622253, -116.190888 43.622271, -116.190799 43.622269)"
3411,8225216346,9529570126,0,nan,footway,38.5,43.6222,-116.1916,0.0,1.0,5.2887,0,0,1,,,,,,False,1.0,0.0,25.0,2.0,0.0,1.0,2.0,0.92,0.1327,"LINESTRING (-116.191381 43.622224, -116.191828 43.6221)"
3412,8225216346,8225216513,0,nan,footway,42.4,43.622,-116.1921,0.0,1.0,6.7991,0,0,1,,,,,,False,1.0,0.0,25.0,2.0,0.0,1.0,3.0,0.92,0.1553,"LINESTRING (-116.192242 43.621903, -116.192223 43.621935, -116.191945 43.622095, -116.191886 43.622083, -116.191828 43.6221)"
3413,8225216349,8225216452,0,East VA Hospital Loop,unclassified,53.2,43.6187,-116.1879,0.0,0.6667,8.4562,1,0,2,,,,,,False,0.0,2.0,25.0,2.0,0.179,0.5,3.0,0.881,0.2891,"LINESTRING (-116.188199 43.618728, -116.187623 43.618709, -116.187541 43.618722)"
3414,8225216357,8225216420,0,East VA Hospital Loop,unclassified,125.6,43.6208,-116.1885,0.0,1.0,7.8071,0,0,1,,,,,,False,0.0,2.0,25.0,2.0,0.179,0.5,5.0,0.881,0.1681,"LINESTRING (-116.188842 43.621306, -116.188755 43.621187, -116.188225 43.620269)"
3415,8225216360,13231789118,0,nan,footway,49.2,43.62,-116.188,0.0,1.0,6.1987,0,0,2,,,,,,False,1.0,0.0,25.0,2.0,0.0,1.0,3.0,0.92,0.2002,"LINESTRING (-116.188144 43.620198, -116.187904 43.61979)"
3416,8225216361,13231789120,0,East VA Hospital Loop,unclassified,47.8,43.62,-116.1881,0.0,1.0,6.1987,0,0,2,,,,,,False,0.0,2.0,25.0,2.0,0.179,0.5,3.0,0.881,0.2002,"LINESTRING (-116.188177 43.620187, -116.187947 43.61979)"
3417,8225216377,8225216473,0,Access Road,unclassified,41.6,43.6199,-116.1892,0.0,1.0,0.0,1,0,2,,,,,,False,0.0,2.0,25.0,2.0,0.179,0.5,5.0,0.881,0.0,"LINESTRING (-116.18924 43.619753, -116.189199 43.619856, -116.189177 43.619994, -116.189195 43.620121)"
3418,8225216378,8225216379,0,nan,footway,55.9,43.6204,-116.1892,0.0,1.0,0.0,2,0,2,,,,,,False,1.0,0.0,25.0,2.0,0.0,1.0,3.0,0.92,0.0,"LINESTRING (-116.189207 43.620626, -116.189145 43.620125)"
3419,8225216380,8444326633,0,nan,footway,39.7,43.6194,-116.1902,0.0,1.0,0.0,0,0,3,,,,,,False,1.0,0.0,25.0,2.0,0.0,1.0,3.0,0.92,0.0462,"LINESTRING (-116.19037 43.619513, -116.190273 43.619441, -116.190199 43.619363, -116.190031 43.619255)"
3420,8225216380,8225216474,0,nan,footway,41.7,43.6193,-116.1898,0.0,1.0,0.0,0,0,3,,,,,,False,1.0,0.0,25.0,2.0,0.0,1.0,7.0,0.92,0.0462,"LINESTRING (-116.189648 43.61948, -116.189666 43.619471, -116.189923 43.619265, -116.189969 43.619252, -116.190031 43.619255)"
3421,8225216384,8225216467,0,nan,footway,27.8,43.6197,-116.1894,0.0,1.0,0.0,1,0,2,,,,,,False,1.0,0.0,25.0,2.0,0.0,1.0,4.0,0.92,0.0,"LINESTRING (-116.189292 43.619772, -116.189362 43.619666, -116.189482 43.619566)"
3422,8225216391,8225216412,0,nan,footway,98.5,43.6211,-116.1895,0.0,1.0,0.0,3,0,1,,,,,,False,1.0,0.0,25.0,2.0,0.0,1.0,5.0,0.92,0.0,"LINESTRING (-116.189743 43.621523, -116.189729 43.621525, -116.189699 43.621515, -116.18953 43.621175, -116.189424 43.620909, -116.189429 43.620877, -116.189461 43.620848, -116.189514 43.62083, -116.189558 43.620813, -116.189608 43.620757)"
3423,8225216392,12800230207,0,nan,footway,40.3,43.6205,-116.1893,0.0,1.0,0.0,2,0,1,,,,,,False,1.0,0.0,25.0,2.0,0.0,1.0,3.0,0.92,0.0,"LINESTRING (-116.189421 43.620644, -116.189399 43.620586, -116.189288 43.620372, -116.189279 43.620298)"
3424,8225216413,8225216420,0,nan,footway,85.1,43.6215,-116.1893,0.0,0.2,0.0,1,0,1,,,,,,False,1.0,0.0,25.0,2.0,0.0,1.0,5.0,0.92,0.1527,"LINESTRING (-116.188842 43.621306, -116.188897 43.621283, -116.188931 43.621278, -116.188966 43.621285, -116.189475 43.621638, -116.189584 43.621691, -116.18967 43.621678)"
3425,8225216419,13231789118,0,nan,footway,135.9,43.6208,-116.1885,0.0,1.0,7.6335,0,0,1,,,,,,False,1.0,0.0,25.0,2.0,0.0,1.0,5.0,0.92,0.166,"LINESTRING (-116.188144 43.620198, -116.188459 43.620733, -116.188716 43.621176, -116.188794 43.621292, -116.188815 43.621318)"
3426,8225216428,8225216429,1,nan,footway,33.2,43.6217,-116.1901,0.0,1.0,6.9294,1,0,1,,,,,,False,1.0,0.0,25.0,2.0,0.0,1.0,4.0,0.92,0.1084,"LINESTRING (-116.190065 43.62157, -116.190113 43.621673, -116.190036 43.621684, -116.189891 43.621633, -116.189876 43.621621)"
3427,8225216429,8225216430,0,nan,footway,46.2,43.6215,-116.1903,0.0,1.0,5.8979,1,0,1,,,,,,False,1.0,0.0,25.0,2.0,0.0,1.0,4.0,0.92,0.0938,"LINESTRING (-116.190403 43.621305, -116.19041 43.621343, -116.190356 43.62149, -116.190065 43.62157)"
3428,8225216431,8225216439,0,Officer Row,unclassified,175.9,43.6208,-116.1879,0.0,1.0,7.6686,0,0,1,,,,,,False,0.0,2.0,25.0,2.0,0.179,0.5,4.0,0.881,0.1664,"LINESTRING (-116.187458 43.620055, -116.187637 43.620364, -116.188025 43.620997, -116.188389 43.621484)"
3429,8225216439,8225216446,0,Officer Row,unclassified,44.4,43.6199,-116.1874,0.0,1.0,11.2968,0,0,1,,,,,,False,0.0,2.0,25.0,2.0,0.179,0.5,1.0,0.881,0.2031,"LINESTRING (-116.187244 43.619686, -116.187458 43.620055)"
3430,8225216454,8225216455,0,nan,footway,25.8,43.6189,-116.1882,0.0,1.0,8.4562,1,0,2,,,,,,False,1.0,0.0,25.0,2.0,0.0,1.0,1.0,0.92,0.1801,"LINESTRING (-116.188196 43.61879, -116.188193 43.618901, -116.18836 43.618894)"
3431,8225216454,8225216459,0,nan,footway,31.7,43.619,-116.1885,0.0,1.0,4.8984,0,0,3,,,,,,False,1.0,0.0,25.0,2.0,0.0,1.0,4.0,0.92,0.2325,"LINESTRING (-116.188721 43.618984, -116.188561 43.618976, -116.188443 43.618939, -116.18836 43.618894)"
3432,8225216459,8225216473,0,nan,footway,97.8,43.6194,-116.1889,0.0,0.5,4.8984,1,0,2,,,,,,False,1.0,0.0,25.0,2.0,0.0,1.0,7.0,0.92,0.2941,"LINESTRING (-116.18924 43.619753, -116.189119 43.619712, -116.188721 43.618984)"
3433,8225216460,8444326638,0,nan,footway,37.6,43.619,-116.1897,0.0,0.3333,0.0,1,1,3,,,,,,False,1.0,0.0,25.0,2.0,0.0,1.0,6.0,0.92,0.317,"LINESTRING (-116.189841 43.619133, -116.189492 43.618908)"
3434,8225216467,8225216470,1,nan,footway,28.1,43.6199,-116.1894,0.0,1.0,0.0,1,0,2,,,,,,False,1.0,0.0,25.0,2.0,0.0,1.0,4.0,0.92,0.0,"LINESTRING (-116.189243 43.619928, -116.189392 43.619875, -116.18935 43.619801, -116.189292 43.619772)"
3435,8225216474,8225216482,0,nan,footway,30.5,43.6196,-116.1898,0.0,1.0,0.0,1,0,3,,,,,,False,1.0,0.0,25.0,2.0,0.0,1.0,4.0,0.92,0.0,"LINESTRING (-116.189848 43.619704, -116.189769 43.61956, -116.18967 43.619505, -116.189648 43.61948)"
3436,8225216486,8444319012,0,nan,footway,40.0,43.6199,-116.1906,0.0,1.0,0.0,0,0,3,,,,,,False,1.0,0.0,25.0,2.0,0.0,1.0,0.0,0.92,0.0462,"LINESTRING (-116.190728 43.62011, -116.190544 43.619776)"
3437,8225216486,8444326618,0,nan,footway,27.6,43.6198,-116.1907,0.0,0.5,0.0,0,0,3,,,,,,False,1.0,0.0,25.0,2.0,0.0,1.0,0.0,0.92,0.2097,"LINESTRING (-116.190866 43.61982, -116.190802 43.619832, -116.190709 43.619831, -116.190616 43.61981, -116.190544 43.619776)"
3438,8225216496,8444326618,0,nan,footway,101.9,43.6197,-116.1915,0.0,0.0,0.0,0,0,3,,,,,,False,1.0,0.0,25.0,2.0,0.0,1.0,2.0,0.92,0.3733,"LINESTRING (-116.190866 43.61982, -116.190937 43.619807, -116.191104 43.619768, -116.191294 43.619741, -116.191458 43.619735, -116.19171 43.61975, -116.191878 43.619772, -116.192108 43.619811)"
3439,8225216509,8444326766,0,nan,footway,52.5,43.62,-116.1941,0.0,0.0,0.0,3,1,1,,,,,,False,1.0,0.0,25.0,2.0,0.0,1.0,4.0,0.92,0.2709,"LINESTRING (-116.194309 43.619759, -116.193933 43.620144)"
3440,8225216509,8225216518,0,nan,footway,88.3,43.6205,-116.1937,0.0,0.0,0.0,6,2,1,,,,,,False,1.0,0.0,25.0,2.0,0.0,1.0,4.0,0.92,0.2909,"LINESTRING (-116.193383 43.62079, -116.193966 43.6202, -116.193974 43.620174, -116.193933 43.620144)"
3441,8225216512,8225216547,0,nan,footway,25.5,43.6217,-116.1924,0.0,1.0,5.3717,0,0,1,,,,,,False,1.0,0.0,25.0,2.0,0.0,1.0,2.0,0.92,0.1341,"LINESTRING (-116.192536 43.621647, -116.192352 43.621833)"
3442,8225216518,8225216523,0,nan,footway,75.9,43.6211,-116.1931,0.0,0.2,0.0,0,0,1,,,,,,False,1.0,0.0,25.0,2.0,0.0,1.0,3.0,0.92,0.2014,"LINESTRING (-116.192834 43.621345, -116.193383 43.62079)"
3443,8225216519,8225216537,0,South VA Hospital Loop,unclassified,27.3,43.62,-116.194,0.0,0.0,0.0,2,1,1,,,,,,False,0.0,2.0,25.0,2.0,0.179,0.5,4.0,0.881,0.2911,"LINESTRING (-116.193805 43.620009, -116.19397 43.620014, -116.193871 43.620118)"
3444,8225216522,8225216544,0,nan,footway,29.7,43.6221,-116.1925,0.0,1.0,6.2528,0,0,1,,,,,,False,1.0,0.0,25.0,2.0,0.0,1.0,0.0,0.92,0.1477,"LINESTRING (-116.192369 43.622008, -116.19239 43.622025, -116.192466 43.62207, -116.192613 43.622207)"
3445,8225216538,8225216542,0,nan,footway,31.7,43.6207,-116.191,0.0,1.0,0.0,1,0,1,,,,,,False,1.0,0.0,25.0,2.0,0.0,1.0,0.0,0.92,0.0,"LINESTRING (-116.191121 43.620821, -116.190975 43.620557)"
3446,8225216538,8444319012,0,nan,footway,53.5,43.6203,-116.1909,0.0,1.0,0.0,2,0,2,,,,,,False,1.0,0.0,25.0,2.0,0.0,1.0,0.0,0.92,0.0,"LINESTRING (-116.190728 43.62011, -116.190975 43.620557)"
3447,8225216541,8225216542,0,nan,footway,27.4,43.6209,-116.191,0.0,1.0,0.0,2,0,1,,,,,,False,1.0,0.0,25.0,2.0,0.0,1.0,0.0,0.92,0.0,"LINESTRING (-116.191121 43.620821, -116.190804 43.62091)"
3448,8225216542,8225216554,0,nan,footway,38.0,43.621,-116.1912,0.0,1.0,0.0,1,0,1,,,,,,False,1.0,0.0,25.0,2.0,0.0,1.0,0.0,0.92,0.0,"LINESTRING (-116.191297 43.621138, -116.191121 43.620821)"
3449,8225216547,8225216556,0,nan,footway,41.7,43.6218,-116.1927,0.0,1.0,5.2601,0,0,1,,,,,,False,1.0,0.0,25.0,2.0,0.0,1.0,2.0,0.92,0.1323,"LINESTRING (-116.192548 43.621909, -116.192722 43.621738, -116.192536 43.621647)"
3450,8225216554,8225216555,0,nan,footway,33.1,43.6212,-116.1911,0.0,1.0,0.0,2,0,1,,,,,,False,1.0,0.0,25.0,2.0,0.0,1.0,0.0,0.92,0.0,"LINESTRING (-116.190915 43.62125, -116.191297 43.621138)"
3451,8225216570,8225216571,0,nan,footway,82.1,43.628,-116.1951,0.018,1.0,5.3884,0,0,0,,,,,,False,1.0,0.0,25.0,2.0,0.0,1.0,12.0,0.92,0.0882,"LINESTRING (-116.195101 43.627581, -116.195098 43.62832)"
3452,8225216573,8225216574,0,nan,footway,81.9,43.6271,-116.1951,0.0305,1.0,4.9723,0,0,0,,,,,,False,1.0,0.0,25.0,2.0,0.0,1.0,12.0,0.92,0.086,"LINESTRING (-116.195104 43.626705, -116.195102 43.627442)"
3453,8225216576,8225216577,0,nan,footway,82.6,43.6262,-116.1951,0.0151,1.0,4.783,0,0,0,,,,,,False,1.0,0.0,25.0,2.0,0.0,1.0,12.0,0.92,0.0766,"LINESTRING (-116.195107 43.625823, -116.195105 43.626566)"
3454,8225216579,8225216580,0,nan,footway,82.2,43.6253,-116.1951,0.0125,1.0,4.9034,1,0,0,,,,,,False,1.0,0.0,25.0,2.0,0.0,1.0,12.0,0.92,0.0291,"LINESTRING (-116.19511 43.624932, -116.195108 43.625671)"
3455,8225216582,8225216583,0,nan,footway,82.0,43.6244,-116.1951,0.0154,1.0,4.4658,1,0,1,,,,,,False,1.0,0.0,25.0,2.0,0.0,1.0,12.0,0.92,0.0753,"LINESTRING (-116.195113 43.62404, -116.195111 43.624777)"
3456,8225216585,8225216586,0,nan,footway,83.8,43.6235,-116.1951,0.0144,1.0,4.5081,0,0,1,,,,,,False,1.0,0.0,25.0,2.0,0.0,1.0,11.0,0.92,0.1245,"LINESTRING (-116.195116 43.62314, -116.195114 43.623894)"
3457,8225216588,8225216589,0,nan,footway,101.9,43.6225,-116.1951,0.0302,0.5,4.6642,1,0,2,,,,,,False,1.0,0.0,25.0,2.0,0.0,1.0,5.0,0.92,0.3016,"LINESTRING (-116.195194 43.622087, -116.195186 43.62215, -116.195165 43.622359, -116.195142 43.622623, -116.195118 43.62265, -116.195117 43.622997)"
3458,8225216589,8225216594,0,nan,footway,48.1,43.6221,-116.1949,0.0423,0.0,0.0,1,0,2,,,,,,False,1.0,0.0,25.0,2.0,0.0,1.0,0.0,0.92,0.2878,"LINESTRING (-116.194646 43.622222, -116.194705 43.62222, -116.194749 43.622208, -116.194909 43.62212, -116.19499 43.6221, -116.195194 43.622087)"
3459,8225216598,8225216600,0,nan,footway,41.0,43.6233,-116.1939,0.0248,1.0,4.1343,1,0,1,,,,,,False,1.0,0.0,25.0,2.0,0.0,1.0,4.0,0.92,0.0724,"LINESTRING (-116.193949 43.62351, -116.193948 43.6235, -116.193951 43.623141)"
3460,8225216600,8225216601,0,nan,footway,42.9,43.6237,-116.1939,0.0121,1.0,4.9626,1,0,0,,,,,,False,1.0,0.0,25.0,2.0,0.0,1.0,5.0,0.92,0.0299,"LINESTRING (-116.193933 43.623896, -116.19395 43.623531, -116.193949 43.62351)"
3461,8225216603,8225216604,0,nan,footway,40.9,43.6242,-116.1939,0.0612,1.0,4.845,1,0,0,,,,,,False,1.0,0.0,25.0,2.0,0.0,1.0,5.0,0.92,0.047,"LINESTRING (-116.193945 43.624407, -116.193933 43.624039)"
3462,8225216604,8225216605,0,nan,footway,41.1,43.6246,-116.1939,0.0533,1.0,4.4092,1,0,0,,,,,,False,1.0,0.0,25.0,2.0,0.0,1.0,5.0,0.92,0.0358,"LINESTRING (-116.193934 43.624776, -116.193945 43.624407)"
3463,8225216606,8225216607,0,nan,footway,40.0,43.6251,-116.1939,0.0141,1.0,4.5764,1,0,0,,,,,,False,1.0,0.0,25.0,2.0,0.0,1.0,5.0,0.92,0.0237,"LINESTRING (-116.193934 43.625291, -116.193934 43.625286, -116.193934 43.624931)"
3464,8225216607,8225216608,0,nan,footway,42.2,43.6255,-116.1939,0.0245,1.0,4.8609,1,0,0,,,,,,False,1.0,0.0,25.0,2.0,0.0,1.0,5.0,0.92,0.033,"LINESTRING (-116.193935 43.62567, -116.193934 43.625318, -116.193934 43.625291)"
3465,8225216610,8225216611,0,nan,footway,82.5,43.6262,-116.1939,0.0141,1.0,4.7092,0,0,0,,,,,,False,1.0,0.0,25.0,2.0,0.0,1.0,8.0,0.92,0.0748,"LINESTRING (-116.193936 43.626565, -116.193935 43.625823)"
3466,8228573506,8228573511,0,nan,footway,54.3,43.6216,-116.2127,0.0997,1.0,4.53,5,0,9,,,,,,False,1.0,0.0,25.0,2.0,0.0,1.0,9.0,0.92,0.4581,"LINESTRING (-116.213017 43.621696, -116.21246 43.62142)"
3467,8228573517,8228573518,0,nan,footway,56.2,43.6273,-116.2142,0.0224,1.0,4.6333,4,0,4,,,,,,False,1.0,0.0,25.0,2.0,0.0,1.0,5.0,0.92,0.1766,"LINESTRING (-116.214442 43.627488, -116.213934 43.627141)"
3468,8228573521,8228573522,0,nan,footway,57.3,43.6286,-116.2161,0.0044,1.0,6.2602,0,0,2,,,,,,False,1.0,0.0,25.0,2.0,0.0,1.0,4.0,0.92,0.2028,"LINESTRING (-116.216324 43.628758, -116.21581 43.628402)"
3469,8235223502,8235235586,0,nan,footway,79.9,43.6116,-116.19,0.1364,1.0,7.779,137,1,3,0.001,0.3319,0.0698,0.0494,0.0036,True,1.0,0.0,25.0,2.0,0.0,1.0,7.0,0.92,0.0828,"LINESTRING (-116.190277 43.61133, -116.189709 43.611919)"
3470,8235223510,8235223511,0,nan,footway,118.0,43.6117,-116.1868,0.0392,1.0,5.0307,1,0,0,0.0208,0.3716,0.035,0.0399,0.0031,True,1.0,0.0,25.0,2.0,0.0,1.0,6.0,0.92,0.0417,"LINESTRING (-116.187519 43.611722, -116.18625 43.611725, -116.186182 43.611704, -116.1861 43.611715, -116.186061 43.611721)"
3471,8235223512,8235235553,0,nan,footway,63.8,43.6119,-116.1892,0.0507,1.0,4.7272,1,0,1,0.0188,0.3712,0.0184,0.0608,0.0046,True,1.0,0.0,25.0,2.0,0.0,1.0,6.0,0.92,0.094,"LINESTRING (-116.189527 43.612054, -116.188916 43.611736, -116.188878 43.61173)"
3472,8235223512,8235235618,0,nan,footway,103.0,43.6117,-116.1882,0.0478,1.0,5.0062,1,0,0,0.0045,0.3148,0.0325,0.0716,0.0014,True,1.0,0.0,25.0,2.0,0.0,1.0,5.0,0.92,0.0446,"LINESTRING (-116.1876 43.611721, -116.18878 43.611715, -116.188878 43.61173)"
3473,8235223516,8235235418,0,East McKinley Street,residential,36.6,43.6116,-116.1855,0.0127,1.0,4.9112,1,0,0,0.0082,0.3146,0.1339,0.0363,0.0029,True,0.0,2.0,25.0,2.0,0.179,0.5,4.0,0.881,0.0293,"LINESTRING (-116.18569 43.611636, -116.185235 43.61164)"
3474,8235235469,8235235642,0,nan,footway,40.1,43.6097,-116.1855,0.2162,1.0,3.7398,2,0,0,,,,,,False,1.0,0.0,25.0,2.0,0.0,1.0,7.0,0.92,0.057,"LINESTRING (-116.185625 43.609577, -116.185368 43.609886)"
3475,8235235469,8235235841,0,nan,footway,41.8,43.61,-116.1852,0.0376,1.0,3.7398,1,1,0,,,,,,False,1.0,0.0,25.0,2.0,0.0,1.0,8.0,0.92,0.1172,"LINESTRING (-116.185101 43.610208, -116.185368 43.609886)"
3476,8235235471,8235235819,0,nan,footway,43.3,43.6092,-116.1859,0.035,1.0,4.7881,17,1,0,,,,,,False,1.0,0.0,25.0,2.0,0.0,1.0,8.0,0.92,0.0,"LINESTRING (-116.185761 43.609414, -116.186038 43.60908)"
3477,8235235471,8645975029,0,nan,footway,44.9,43.6089,-116.1862,0.0731,0.3333,4.7597,17,1,0,,,,,,False,1.0,0.0,25.0,2.0,0.0,1.0,7.0,0.92,0.2153,"LINESTRING (-116.186309 43.608733, -116.186316 43.608741, -116.186038 43.60908)"
3478,8235235473,8235373052,0,East Warm Springs Avenue,tertiary,109.7,43.6084,-116.1858,0.2841,0.8571,5.8464,1,0,0,0.0103,0.3512,0.1096,0.0234,0.0084,True,0.0,3.0,30.0,2.0,0.321,0.5,7.0,0.773,0.1972,"LINESTRING (-116.185207 43.608166, -116.186378 43.608671)"
3479,8235235518,8235235529,0,nan,footway,26.0,43.6134,-116.19,0.0819,0.5,2.8733,0,0,5,0.0074,0.0707,0.2719,0.0257,0.0091,True,1.0,0.0,25.0,2.0,0.0,1.0,2.0,0.92,0.4903,"LINESTRING (-116.190009 43.613284, -116.19003 43.613306, -116.190032 43.613331, -116.190021 43.613356, -116.190021 43.613382, -116.190032 43.613406, -116.190054 43.613427, -116.190083 43.613441, -116.190118 43.613449, -116.190153 43.613448)"
3480,8235235518,8235235531,0,nan,footway,29.7,43.6133,-116.1902,0.1893,1.0,7.5004,0,0,5,0.1237,0.052,0.3505,0.0313,0.0131,True,1.0,0.0,25.0,2.0,0.0,1.0,2.0,0.92,0.4511,"LINESTRING (-116.190103 43.613263, -116.190123 43.613279, -116.190153 43.613289, -116.190188 43.613299, -116.190217 43.613317, -116.190236 43.613341, -116.190243 43.613368, -116.190237 43.613395, -116.190218 43.61342, -116.190189 43.613438, -116.190153 43.613448)"
3481,8235235542,8235235543,0,nan,footway,50.0,43.6123,-116.1888,0.0066,1.0,3.8272,0,0,1,,,,,,False,1.0,0.0,25.0,2.0,0.0,1.0,2.0,0.92,0.1075,"LINESTRING (-116.188776 43.61252, -116.18877 43.612484, -116.188767 43.612071)"
3482,8235235544,8235236550,1,nan,footway,86.7,43.6126,-116.1889,0.0672,1.0,5.1425,1,0,1,,,,,,False,1.0,0.0,25.0,2.0,0.0,1.0,7.0,0.92,0.1078,"LINESTRING (-116.189264 43.612385, -116.189024 43.612636, -116.189001 43.612642, -116.188981 43.612642, -116.188961 43.612635, -116.188945 43.612625, -116.188937 43.612603, -116.18893 43.612215)"
3483,8235235551,8235236550,0,nan,footway,42.2,43.6122,-116.1894,0.0468,1.0,4.9762,3,0,1,0.0003,0.2006,0.0846,0.1112,0.0065,True,1.0,0.0,25.0,2.0,0.0,1.0,8.0,0.92,0.0483,"LINESTRING (-116.189264 43.612385, -116.189563 43.612073)"
3484,8235235556,8235235559,0,nan,footway,41.0,43.6123,-116.1895,0.0312,1.0,4.9762,4,0,1,0.0168,0.191,0.1063,0.1193,0.0035,True,1.0,0.0,25.0,2.0,0.0,1.0,7.0,0.92,0.0265,"LINESTRING (-116.189374 43.61244, -116.189639 43.612164, -116.189673 43.612144)"
3485,8235235559,12677637365,0,nan,footway,50.8,43.6126,-116.1892,0.0261,1.0,5.1425,1,0,1,0.0035,0.3348,0.0639,0.014,0.0042,True,1.0,0.0,25.0,2.0,0.0,1.0,4.0,0.92,0.0918,"LINESTRING (-116.189015 43.612817, -116.189046 43.612782, -116.189374 43.61244)"
3486,8235235561,8235235562,0,nan,footway,41.7,43.6118,-116.19,0.362,1.0,8.1906,135,0,3,0.0014,0.3488,0.0964,0.028,0.0053,True,1.0,0.0,25.0,2.0,0.0,1.0,6.0,0.92,0.0751,"LINESTRING (-116.190133 43.611687, -116.189836 43.611994)"
3487,8235235562,8235235585,0,nan,footway,39.2,43.6115,-116.1903,0.0361,1.0,7.1618,3,0,3,,,,,,False,1.0,0.0,25.0,2.0,0.0,1.0,4.0,0.92,0.1833,"LINESTRING (-116.190412 43.611398, -116.190133 43.611687)"
3488,8235235563,8235235571,0,East Bannock Street,unclassified,67.6,43.6115,-116.1908,0.0154,1.0,13.5468,6,0,4,,,,,,False,0.0,2.0,25.0,2.0,0.179,0.5,6.0,0.881,0.2498,"LINESTRING (-116.191186 43.611658, -116.1905 43.611308)"
3489,8235235564,12677636567,0,nan,footway,40.7,43.6111,-116.1907,0.1014,1.0,5.6581,2,0,3,,,,,,False,1.0,0.0,25.0,2.0,0.0,1.0,5.0,0.92,0.2076,"LINESTRING (-116.190579 43.611225, -116.190869 43.610925)"
3490,8235235565,8235235566,0,nan,footway,38.6,43.6128,-116.1888,0.0209,1.0,3.6048,0,0,1,0.2257,0.2898,0.0172,0.075,0.0012,True,1.0,0.0,25.0,2.0,0.0,1.0,2.0,0.92,0.1082,"LINESTRING (-116.188807 43.61302, -116.188802 43.612674)"
3491,8235235568,8235236549,0,nan,footway,109.6,43.6134,-116.1882,0.0381,1.0,5.3854,0,0,0,0.035,0.1938,0.1924,0.0438,0.0056,True,1.0,0.0,25.0,2.0,0.0,1.0,3.0,0.92,0.096,"LINESTRING (-116.188867 43.613379, -116.187505 43.613384)"
3492,8235235570,8235235581,0,nan,footway,40.5,43.6119,-116.191,0.0526,1.0,9.6406,141,0,4,,,,,,False,1.0,0.0,25.0,2.0,0.0,1.0,4.0,0.92,0.0201,"LINESTRING (-116.191111 43.611734, -116.190821 43.612032)"
3493,8235235580,8235235581,0,nan,footway,67.5,43.6116,-116.1908,0.0178,1.0,14.2835,6,0,4,,,,,,False,1.0,0.0,25.0,2.0,0.0,1.0,6.0,0.92,0.2559,"LINESTRING (-116.191111 43.611734, -116.190423 43.611387)"
3494,8235235581,8235235582,0,nan,footway,26.5,43.6118,-116.1912,0.5162,1.0,10.1084,134,0,4,,,,,,False,1.0,0.0,25.0,2.0,0.0,1.0,6.0,0.92,0.2089,"LINESTRING (-116.191381 43.611871, -116.191111 43.611734)"
3495,8235235582,8235235584,0,nan,footway,34.6,43.612,-116.1915,0.5853,0.5,18.6306,7,2,5,0.0025,0.135,0.2412,0.098,0.0081,True,1.0,0.0,25.0,2.0,0.0,1.0,6.0,0.92,0.8716,"LINESTRING (-116.191636 43.612057, -116.191535 43.612008, -116.191486 43.611984, -116.191527 43.611935, -116.19147 43.61191, -116.191381 43.611871)"
3496,8235235592,8235235593,0,nan,footway,41.9,43.612,-116.192,0.0106,1.0,0.0,67,3,5,0.0238,0.0983,0.2368,0.1624,0.0045,True,1.0,0.0,25.0,2.0,0.0,1.0,9.0,0.92,0.0633,"LINESTRING (-116.192227 43.612108, -116.191801 43.611892)"
3497,8235235595,8235235596,0,nan,footway,35.6,43.6123,-116.1929,0.0,1.0,16.9932,331,1,6,,,,,,False,1.0,0.0,25.0,2.0,0.0,1.0,5.0,0.92,0.2029,"LINESTRING (-116.19273 43.61244, -116.192986 43.612179)"
3498,8235235600,8235235603,0,nan,footway,50.0,43.6118,-116.193,0.1023,1.0,0.0,183,1,7,0.0106,0.2636,0.106,0.1178,0.0129,True,1.0,0.0,25.0,2.0,0.0,1.0,6.0,0.92,0.0341,"LINESTRING (-116.192863 43.612021, -116.193219 43.611652)"
3499,8235235606,8235235609,0,nan,footway,34.6,43.6129,-116.1934,0.0,1.0,18.6306,47,0,6,0.0098,0.0718,0.1276,0.2607,0.0161,True,1.0,0.0,25.0,2.0,0.0,1.0,4.0,0.92,0.2465,"LINESTRING (-116.193613 43.613009, -116.193387 43.612896, -116.193396 43.612784)"
3500,8235235609,11783921589,0,nan,footway,83.3,43.6133,-116.1933,0.0198,1.0,18.6306,70,0,6,0.0069,0.0867,0.1539,0.1811,0.0076,True,1.0,0.0,25.0,2.0,0.0,1.0,8.0,0.92,0.2267,"LINESTRING (-116.193018 43.613623, -116.193613 43.613009)"
3501,8235235616,8235235617,0,nan,footway,119.7,43.611,-116.1878,0.0015,1.0,4.5985,1,0,0,0.0522,0.4758,0.1027,0.0328,0.0026,True,1.0,0.0,25.0,2.0,0.0,1.0,4.0,0.92,0.0192,"LINESTRING (-116.187818 43.611534, -116.187823 43.610458)"
3502,8235235619,8235235621,0,nan,footway,50.0,43.6113,-116.1876,0.0026,1.0,4.2187,1,0,0,0.0984,0.4058,0.0947,0.0362,0.0045,True,1.0,0.0,25.0,2.0,0.0,1.0,4.0,0.92,0.0123,"LINESTRING (-116.187622 43.611088, -116.187633 43.611123, -116.187644 43.611158, -116.187637 43.611536)"
3503,8235235621,8235235622,0,nan,footway,60.9,43.6108,-116.1876,0.0082,1.0,4.0619,1,0,0,,,,,,False,1.0,0.0,25.0,2.0,0.0,1.0,1.0,0.92,0.0112,"LINESTRING (-116.187623 43.610541, -116.187622 43.611038, -116.187622 43.611088)"
3504,8235235628,8235235632,0,nan,footway,45.9,43.6104,-116.1895,0.3682,0.0,0.0,0,0,1,,,,,,False,1.0,0.0,25.0,2.0,0.0,1.0,1.0,0.92,0.4104,"LINESTRING (-116.189817 43.61034, -116.189738 43.610359, -116.189644 43.610362, -116.189533 43.610354, -116.189258 43.610312)"
3505,8235235644,8235235660,0,nan,footway,117.2,43.6099,-116.1864,0.0059,1.0,4.8075,18,1,0,,,,,,False,1.0,0.0,25.0,2.0,0.0,1.0,9.0,0.92,0.0,"LINESTRING (-116.187028 43.610181, -116.185777 43.609642)"
3506,8235235644,8235235827,0,nan,footway,40.1,43.6098,-116.1856,0.0577,1.0,4.7264,6,0,0,,,,,,False,1.0,0.0,25.0,2.0,0.0,1.0,8.0,0.92,0.0,"LINESTRING (-116.185519 43.609951, -116.185777 43.609642)"
3507,8235235652,9529570114,0,nan,footway,38.8,43.6095,-116.1876,0.3105,1.0,0.0,1,0,0,,,,,,False,1.0,0.0,25.0,2.0,0.0,1.0,2.0,0.92,0.0,"LINESTRING (-116.187483 43.609637, -116.187721 43.609334)"
3508,8235235652,8235235830,0,nan,footway,117.4,43.6091,-116.1871,0.3913,0.5714,0.0,19,1,0,0.1068,0.389,0.0205,0.0843,0.0051,True,1.0,0.0,25.0,2.0,0.0,1.0,8.0,0.92,0.0702,"LINESTRING (-116.186467 43.608795, -116.18704 43.60904, -116.187721 43.609334)"
3509,8235235653,8235235656,0,nan,footway,33.7,43.6114,-116.186,0.0208,1.0,5.4851,1,0,0,0.0187,0.4234,0.0413,0.0764,0.0261,True,1.0,0.0,25.0,2.0,0.0,1.0,4.0,0.92,0.0421,"LINESTRING (-116.186097 43.61129, -116.18588 43.611549)"
3510,8235235656,8235235761,0,nan,footway,40.9,43.6111,-116.1862,0.0118,1.0,0.0,1,0,0,,,,,,False,1.0,0.0,25.0,2.0,0.0,1.0,4.0,0.92,0.0,"LINESTRING (-116.186361 43.610976, -116.186097 43.61129)"
3511,8235235657,8235235825,0,East Jefferson Street,residential,116.9,43.6106,-116.1858,0.0398,1.0,4.9826,2,1,0,,,,,,False,0.0,2.0,25.0,2.0,0.179,0.5,6.0,0.881,0.1141,"LINESTRING (-116.185176 43.610364, -116.186423 43.610901)"
3512,8235235658,8235235659,0,nan,footway,41.8,43.6107,-116.1866,0.0332,1.0,5.6219,1,0,0,,,,,,False,1.0,0.0,25.0,2.0,0.0,1.0,2.0,0.92,0.0492,"LINESTRING (-116.186769 43.610489, -116.186499 43.610811)"
3513,8235235658,8235235826,0,nan,footway,116.9,43.6105,-116.1859,0.0811,1.0,5.4284,2,1,0,,,,,,False,1.0,0.0,25.0,2.0,0.0,1.0,7.0,0.92,0.1377,"LINESTRING (-116.185251 43.610273, -116.186499 43.610811)"
3514,8235235659,8235235660,0,nan,footway,40.2,43.6103,-116.1869,0.0,1.0,5.3411,1,0,0,,,,,,False,1.0,0.0,25.0,2.0,0.0,1.0,2.0,0.92,0.0317,"LINESTRING (-116.187028 43.610181, -116.186769 43.610489)"
3515,8235235661,8235235683,0,East Bannock Street,residential,62.1,43.61,-116.1868,0.0,1.0,4.0734,14,1,0,,,,,,False,0.0,2.0,25.0,2.0,0.179,0.5,2.0,0.881,0.0,"LINESTRING (-116.18643 43.609817, -116.187093 43.610102)"
3516,8235235671,8235235676,0,nan,path,100.0,43.6101,-116.1873,0.0204,1.0,4.178,2,0,0,,,,,,False,1.0,0.0,25.0,2.0,0.0,1.0,2.0,0.92,0.0,"LINESTRING (-116.187855 43.610372, -116.187795 43.610345, -116.187741 43.610338, -116.187709 43.610298, -116.187305 43.61012, -116.187293 43.610108, -116.18729 43.61009, -116.187566 43.609758)"
3517,8235235683,8235235828,0,East Bannock Street,residential,55.1,43.6097,-116.1861,0.0343,1.0,4.5911,18,1,0,,,,,,False,0.0,2.0,25.0,2.0,0.179,0.5,6.0,0.881,0.0,"LINESTRING (-116.185841 43.609565, -116.18643 43.609817)"
3518,8235235685,8235235686,0,nan,footway,27.1,43.6096,-116.1864,0.0,1.0,5.5318,17,1,0,,,,,,False,1.0,0.0,25.0,2.0,0.0,1.0,2.0,0.92,0.0,"LINESTRING (-116.186289 43.60952, -116.186579 43.609643)"
3519,8235235687,9529570112,0,North Bruce Avenue,residential,49.4,43.6099,-116.1874,0.0,1.0,5.0338,3,0,0,,,,,,False,0.0,2.0,25.0,2.0,0.179,0.5,3.0,0.881,0.0,"LINESTRING (-116.18755 43.609667, -116.187232 43.610048)"
3520,8235235760,8235235761,0,nan,footway,116.9,43.6107,-116.1857,0.0114,1.0,5.3705,3,1,0,,,,,,False,1.0,0.0,25.0,2.0,0.0,1.0,7.0,0.92,0.0894,"LINESTRING (-116.186361 43.610976, -116.185113 43.610438)"
3521,8235235821,8235235829,0,nan,footway,55.9,43.6093,-116.1861,0.0081,0.75,0.0,18,1,0,,,,,,False,1.0,0.0,25.0,2.0,0.0,1.0,8.0,0.92,0.0,"LINESTRING (-116.186272 43.609048, -116.185913 43.609479)"
3522,8235235821,8235235822,0,nan,footway,55.2,43.6096,-116.1862,0.0075,1.0,5.6552,18,1,0,,,,,,False,1.0,0.0,25.0,2.0,0.0,1.0,5.0,0.92,0.0,"LINESTRING (-116.186502 43.609733, -116.185956 43.609498, -116.185913 43.609479)"
3523,8235235822,8235235823,0,nan,footway,62.0,43.6099,-116.1868,0.0,1.0,5.7785,17,1,0,,,,,,False,1.0,0.0,25.0,2.0,0.0,1.0,2.0,0.92,0.0,"LINESTRING (-116.187164 43.610018, -116.186502 43.609733)"
3524,8235235823,9529570114,0,nan,footway,49.5,43.6098,-116.1873,0.0,1.0,0.0,8,1,0,,,,,,False,1.0,0.0,25.0,2.0,0.0,1.0,3.0,0.92,0.0,"LINESTRING (-116.187483 43.609637, -116.187164 43.610018)"
3525,8235235826,8235235827,0,nan,footway,41.8,43.6101,-116.1854,0.0614,1.0,4.7264,1,1,0,,,,,,False,1.0,0.0,25.0,2.0,0.0,1.0,7.0,0.92,0.1464,"LINESTRING (-116.185519 43.609951, -116.185251 43.610273)"
3526,8235235829,8235235830,0,nan,footway,32.2,43.6089,-116.1864,0.6692,0.0,0.0,15,1,0,0.1002,0.4918,0.0399,0.0033,0.0073,True,1.0,0.0,25.0,2.0,0.0,1.0,6.0,0.92,0.3812,"LINESTRING (-116.186467 43.608795, -116.186272 43.609048)"
3527,8235391794,8645975029,0,nan,footway,108.6,43.6085,-116.1857,0.9148,0.8571,6.8696,2,0,0,0.0282,0.4286,0.0912,0.0115,0.0036,True,1.0,0.0,25.0,2.0,0.0,1.0,9.0,0.92,0.4292,"LINESTRING (-116.186309 43.608733, -116.1863 43.608723, -116.185156 43.608229)"
3528,8270974413,8271477518,0,nan,path,46.7,43.605,-116.2108,0.0245,1.0,7.8283,0,0,3,,,,,,False,1.0,0.0,25.0,2.0,0.0,1.0,10.0,0.92,0.2844,"LINESTRING (-116.210484 43.604879, -116.211025 43.605028)"
3529,8270974413,8270974416,0,nan,path,31.0,43.605,-116.2111,0.167,1.0,6.1761,1,1,3,,,,,,False,1.0,0.0,25.0,2.0,0.0,1.0,8.0,0.92,0.3709,"LINESTRING (-116.211309 43.60501, -116.211066 43.604943, -116.211025 43.605028)"
3530,8271477526,8271477528,0,nan,path,29.2,43.6091,-116.2109,0.0041,1.0,4.9338,5,1,5,,,,,,False,1.0,0.0,25.0,2.0,0.0,1.0,2.0,0.92,0.3167,"LINESTRING (-116.210725 43.609064, -116.211062 43.60916)"
3531,8271477528,8271477531,0,nan,footway,43.7,43.609,-116.2105,0.0032,1.0,4.9338,5,1,5,,,,,,False,1.0,0.0,25.0,2.0,0.0,1.0,2.0,0.92,0.3164,"LINESTRING (-116.210217 43.608926, -116.210725 43.609064)"
3532,8271477528,8271477529,0,nan,footway,39.9,43.6092,-116.2106,0.0,1.0,9.2892,5,1,5,0.0346,0.3096,0.0,0.0618,0.0048,True,1.0,0.0,25.0,2.0,0.0,1.0,0.0,0.92,0.3729,"LINESTRING (-116.210548 43.609398, -116.210725 43.609064)"
3533,8271477531,8271477532,0,nan,footway,33.8,43.6088,-116.2103,0.0168,1.0,4.9338,2,0,5,,,,,,False,1.0,0.0,25.0,2.0,0.0,1.0,4.0,0.92,0.269,"LINESTRING (-116.210365 43.608641, -116.210217 43.608926)"
3534,8271477538,8271477549,0,nan,footway,95.9,43.6042,-116.2156,0.0,1.0,11.4833,2,0,2,,,,,,False,1.0,0.0,25.0,2.0,0.0,1.0,1.0,0.92,0.1808,"LINESTRING (-116.2151 43.603908, -116.215104 43.603925, -116.215116 43.603939, -116.215202 43.603985, -116.215208 43.603995, -116.215223 43.604004, -116.215242 43.604008, -116.215546 43.604172, -116.215587 43.604178, -116.215617 43.604169, -116.215895 43.603905, -116.21584 43.603872)"
3535,8271477557,8271477559,0,nan,footway,165.6,43.6045,-116.2144,0.0,0.4,11.1964,6,2,2,,,,,,False,1.0,0.0,25.0,2.0,0.0,1.0,6.0,0.92,0.4758,"LINESTRING (-116.213805 43.605141, -116.213834 43.605113, -116.213907 43.605043, -116.214974 43.604016, -116.215014 43.603992, -116.215047 43.603955)"
3536,8271477571,8271477577,0,nan,footway,42.5,43.6055,-116.2137,0.0,1.0,5.8915,0,0,2,,,,,,False,1.0,0.0,25.0,2.0,0.0,1.0,4.0,0.92,0.1956,"LINESTRING (-116.213819 43.605648, -116.213673 43.605567, -116.213738 43.605503, -116.213691 43.605474, -116.213716 43.605459, -116.213736 43.60544, -116.213803 43.60538)"
3537,8271477571,8271477598,0,nan,footway,43.1,43.6053,-116.214,0.0,1.0,6.6344,1,1,2,,,,,,False,1.0,0.0,25.0,2.0,0.0,1.0,4.0,0.92,0.2591,"LINESTRING (-116.214134 43.605123, -116.213928 43.605323, -116.213908 43.605311, -116.213887 43.605303, -116.213869 43.605304, -116.213857 43.605314, -116.213839 43.605343, -116.213803 43.60538)"
3538,8271477577,8271477588,0,nan,path,125.6,43.6055,-116.2132,0.0,1.0,6.6434,3,1,3,,,,,,False,1.0,0.0,25.0,2.0,0.0,1.0,7.0,0.92,0.2637,"LINESTRING (-116.213385 43.605882, -116.213152 43.605764, -116.21305 43.605709, -116.213031 43.605694, -116.213027 43.605679, -116.213036 43.605662, -116.213077 43.605614, -116.213186 43.605518, -116.213653 43.605769, -116.21374 43.605678, -116.213764 43.605664, -116.213819 43.605648)"
3539,8271477577,8271477612,0,nan,path,94.7,43.6056,-116.2143,0.0,1.0,6.9479,1,1,2,,,,,,False,1.0,0.0,25.0,2.0,0.0,1.0,4.0,0.92,0.2633,"LINESTRING (-116.214655 43.605246, -116.21464 43.605274, -116.214615 43.605309, -116.214458 43.605459, -116.214316 43.605596, -116.214296 43.605611, -116.214276 43.605635, -116.214227 43.605649, -116.21419 43.60565, -116.214124 43.605612, -116.214094 43.605595, -116.214035 43.605623, -116.213993 43.605604, -116.213819 43.605648)"
3540,8271477598,8271477636,0,nan,footway,36.4,43.6052,-116.2143,0.0,1.0,8.1898,1,1,2,,,,,,False,1.0,0.0,25.0,2.0,0.0,1.0,2.0,0.92,0.2785,"LINESTRING (-116.21446 43.605145, -116.214352 43.605246, -116.214333 43.605235, -116.214134 43.605123)"
3541,8271477612,8271477619,0,nan,path,52.1,43.6051,-116.2149,0.0,1.0,7.3121,1,1,2,,,,,,False,1.0,0.0,25.0,2.0,0.0,1.0,0.0,0.92,0.268,"LINESTRING (-116.215047 43.604876, -116.214978 43.60496, -116.214927 43.605005, -116.214852 43.605062, -116.214833 43.605089, -116.21479 43.605138, -116.214696 43.605223, -116.214655 43.605246)"
3542,8271477619,8271477642,0,nan,path,65.6,43.6046,-116.2153,0.0,1.0,5.8817,1,1,2,,,,,,False,1.0,0.0,25.0,2.0,0.0,1.0,0.0,0.92,0.2482,"LINESTRING (-116.215097 43.604448, -116.215281 43.604548, -116.215341 43.604581, -116.21534 43.604606, -116.215318 43.604633, -116.215209 43.604737, -116.215114 43.60482, -116.215047 43.604876)"
3543,8271477630,8271477642,0,nan,footway,65.1,43.6045,-116.2148,0.0,0.5,5.8817,1,0,2,,,,,,False,1.0,0.0,25.0,2.0,0.0,1.0,0.0,0.92,0.3103,"LINESTRING (-116.215097 43.604448, -116.214938 43.604362, -116.214893 43.604402, -116.214868 43.604391, -116.214729 43.604527, -116.214946 43.604649)"
3544,8271477630,8271477642,1,nan,path,27.6,43.6046,-116.215,0.0,1.0,5.8817,0,0,2,,,,,,False,1.0,0.0,25.0,2.0,0.0,1.0,0.0,0.92,0.1954,"LINESTRING (-116.215097 43.604448, -116.215026 43.604588, -116.215019 43.604612, -116.215017 43.604634, -116.214946 43.604649)"
3545,8271477631,8271477636,0,nan,footway,94.1,43.6048,-116.2144,0.0,1.0,8.0274,3,2,2,,,,,,False,1.0,0.0,25.0,2.0,0.0,1.0,2.0,0.92,0.2873,"LINESTRING (-116.21446 43.605145, -116.214469 43.605136, -116.214252 43.605013, -116.214631 43.604652, -116.214831 43.604761)"
3546,8324061595,9955624989,0,West River Street,secondary,44.4,43.6173,-116.2163,0.243,1.0,7.1053,4,0,1,0.0348,0.166,0.2883,0.0707,0.0053,True,0.0,4.0,30.0,5.0,1.0,0.5,5.0,0.705,0.1411,"LINESTRING (-116.216184 43.617086, -116.216429 43.617444)"
3547,8324061599,9955624998,0,nan,footway,65.6,43.618,-116.2162,0.2661,1.0,0.0,11,1,4,,,,,,False,1.0,0.0,25.0,2.0,0.0,1.0,5.0,0.92,0.1301,"LINESTRING (-116.216542 43.617875, -116.216494 43.61789, -116.215976 43.618067, -116.215805 43.618126)"
3548,8339775411,9353771663,0,nan,footway,54.4,43.6015,-116.212,0.2244,0.0,0.0,3,0,2,0.208,0.4099,0.1468,0.0204,0.0115,True,1.0,0.0,25.0,2.0,0.0,1.0,5.0,0.92,0.3102,"LINESTRING (-116.211851 43.601303, -116.211872 43.601343, -116.212089 43.60176)"
3549,8339775411,9353771656,0,West Parkview Place,residential,28.8,43.6019,-116.212,0.1371,1.0,0.0,0,0,3,0.0421,0.2326,0.32,0.0502,0.0235,True,0.0,2.0,25.0,2.0,0.179,0.5,3.0,0.881,0.0996,"LINESTRING (-116.211924 43.601977, -116.211935 43.60192, -116.212018 43.601792, -116.212031 43.601785, -116.212089 43.60176)"
3550,8375020733,9130539410,0,South 24th Street,residential,92.4,43.6201,-116.2198,0.4804,1.0,8.152,0,0,4,,,,,,False,0.0,2.0,25.0,2.0,0.179,0.5,2.0,0.881,0.5191,"LINESTRING (-116.219754 43.620564, -116.219756 43.619733)"
3551,8444319012,8444326618,0,nan,footway,35.2,43.62,-116.1908,0.0,0.5,0.0,0,0,3,,,,,,False,1.0,0.0,25.0,2.0,0.0,1.0,0.0,0.92,0.2097,"LINESTRING (-116.190866 43.61982, -116.190793 43.619893, -116.190767 43.619942, -116.190745 43.620013, -116.19074 43.620062, -116.19074 43.620105, -116.190728 43.62011)"
3552,8444326637,8444326772,0,nan,footway,27.1,43.6193,-116.1905,0.0,0.5,0.0,0,0,3,,,,,,False,1.0,0.0,25.0,2.0,0.0,1.0,2.0,0.92,0.2097,"LINESTRING (-116.190474 43.619407, -116.190483 43.619373, -116.190516 43.619353, -116.190418 43.61919)"
3553,8444326656,8444326659,0,nan,footway,126.3,43.6173,-116.192,0.0078,0.75,4.9944,1,0,4,,,,,,False,1.0,0.0,25.0,2.0,0.0,1.0,6.0,0.92,0.3235,"LINESTRING (-116.192276 43.617823, -116.191998 43.617285, -116.191865 43.617151, -116.191667 43.616781)"
3554,8444326656,8444326687,0,nan,footway,195.4,43.6171,-116.1905,0.0322,0.4545,0.0,4,0,4,,,,,,False,1.0,0.0,25.0,2.0,0.0,1.0,3.0,0.92,0.1773,"LINESTRING (-116.189422 43.61743, -116.189444 43.617407, -116.189472 43.617388, -116.191667 43.616781)"
3555,8444326665,11836038367,0,nan,footway,87.4,43.6173,-116.1932,0.0089,1.0,5.4637,1,0,4,,,,,,False,1.0,0.0,25.0,2.0,0.0,1.0,8.0,0.92,0.2501,"LINESTRING (-116.193002 43.616887, -116.193293 43.617409, -116.193129 43.61746, -116.193176 43.617547)"
3556,8444326675,8444326682,0,nan,footway,59.0,43.6167,-116.1925,0.1787,1.0,5.4637,2,0,4,,,,,,False,1.0,0.0,25.0,2.0,0.0,1.0,9.0,0.92,0.2878,"LINESTRING (-116.192179 43.616796, -116.192673 43.61666, -116.19277 43.616647, -116.192825 43.616649, -116.192872 43.616663)"
3557,8444326675,11836038367,0,nan,footway,28.6,43.6168,-116.193,0.1669,1.0,5.4637,2,0,4,,,,,,False,1.0,0.0,25.0,2.0,0.0,1.0,6.0,0.92,0.2832,"LINESTRING (-116.193002 43.616887, -116.19299 43.616865, -116.192987 43.616829, -116.192996 43.616801, -116.192986 43.616775, -116.192955 43.616722, -116.192913 43.616688, -116.192872 43.616663)"
3558,8444326681,8444326682,0,nan,footway,31.5,43.6168,-116.192,0.0171,1.0,5.4637,1,0,4,,,,,,False,1.0,0.0,25.0,2.0,0.0,1.0,4.0,0.92,0.2533,"LINESTRING (-116.192179 43.616796, -116.191891 43.616875, -116.191869 43.616891, -116.191877 43.616928)"
3559,8444326766,11836069316,0,nan,path,100.7,43.6201,-116.1947,0.015,0.5,0.0,4,1,2,,,,,,False,1.0,0.0,25.0,2.0,0.0,1.0,6.0,0.92,0.1507,"LINESTRING (-116.195165 43.620368, -116.194974 43.620269, -116.194905 43.620208, -116.194724 43.620105, -116.194718 43.619991, -116.194309 43.619759)"
3560,8444326766,8444326770,0,nan,footway,25.2,43.6197,-116.1942,0.0,0.0,0.0,1,1,2,,,,,,False,1.0,0.0,25.0,2.0,0.0,1.0,2.0,0.92,0.3728,"LINESTRING (-116.194024 43.619695, -116.194132 43.619691, -116.194174 43.619693, -116.194197 43.6197, -116.194249 43.619725, -116.194309 43.619759)"
3561,8490831759,8490831762,0,nan,footway,43.4,43.6174,-116.2184,0.0608,0.3333,6.1652,16,0,1,0.0311,0.1506,0.4531,0.173,0.0096,True,1.0,0.0,25.0,2.0,0.0,1.0,3.0,0.92,0.1892,"LINESTRING (-116.218151 43.617527, -116.218231 43.617502, -116.218258 43.617485, -116.218528 43.617389, -116.218572 43.61738, -116.218636 43.617359)"
3562,8490831762,8490831763,0,nan,footway,49.9,43.6176,-116.2179,0.1098,1.0,6.1122,8,1,1,,,,,,False,1.0,0.0,25.0,2.0,0.0,1.0,6.0,0.92,0.1356,"LINESTRING (-116.217591 43.617719, -116.218093 43.617545, -116.218151 43.617527)"
3563,8490831766,8490831773,0,nan,footway,36.1,43.6181,-116.217,0.6273,0.0,0.0,9,0,2,,,,,,False,1.0,0.0,25.0,2.0,0.0,1.0,8.0,0.92,0.4029,"LINESTRING (-116.217067 43.61825, -116.217047 43.618214, -116.217038 43.618192, -116.216937 43.617992, -116.21696 43.617945)"
3564,8490831766,8490831770,0,nan,footway,32.7,43.6179,-116.2171,0.3987,0.5,6.006,8,0,2,,,,,,False,1.0,0.0,25.0,2.0,0.0,1.0,8.0,0.92,0.362,"LINESTRING (-116.217322 43.617813, -116.217283 43.617827, -116.217009 43.617917, -116.21696 43.617945)"
3565,8582138731,10680909768,0,nan,footway,29.4,43.6263,-116.215,0.3528,1.0,5.2759,7,1,4,,,,,,False,1.0,0.0,25.0,2.0,0.0,1.0,6.0,0.92,0.3851,"LINESTRING (-116.215137 43.62643, -116.215088 43.626396, -116.215046 43.626346, -116.214885 43.626241)"
3566,8645969999,8645970002,0,nan,footway,29.2,43.6011,-116.1932,0.3567,1.0,6.8988,14,9,4,0.0426,0.0739,0.2747,0.1371,0.0223,True,1.0,0.0,25.0,2.0,0.0,1.0,6.0,0.92,0.6021,"LINESTRING (-116.193016 43.601063, -116.193284 43.601062, -116.193315 43.601049, -116.193372 43.601044)"
3567,8645970005,10993915291,0,nan,footway,46.1,43.6016,-116.1931,0.052,1.0,4.9731,10,7,3,0.0132,0.1889,0.3294,0.1198,0.0026,True,1.0,0.0,25.0,2.0,0.0,1.0,1.0,0.92,0.3899,"LINESTRING (-116.192884 43.601477, -116.193067 43.601611, -116.193243 43.601613, -116.19338 43.601614)"
3568,8670125464,8670125469,0,nan,footway,101.4,43.6046,-116.1917,0.2833,0.5,0.0,9,1,1,0.088,0.2377,0.0331,0.1317,0.0093,True,1.0,0.0,25.0,2.0,0.0,1.0,7.0,0.92,0.1534,"LINESTRING (-116.191272 43.604239, -116.191416 43.604345, -116.1915 43.604413, -116.191532 43.604461, -116.19188 43.604836, -116.192014 43.604972)"
3569,8670125469,8670125474,0,nan,footway,69.7,43.6041,-116.1909,0.2508,1.0,0.0,6,2,2,0.0372,0.1737,0.1072,0.147,0.0082,True,1.0,0.0,25.0,2.0,0.0,1.0,4.0,0.92,0.1148,"LINESTRING (-116.190558 43.603889, -116.190586 43.603904, -116.190653 43.603926, -116.190808 43.603997, -116.191153 43.604157, -116.191272 43.604239)"
3570,8670125469,8670125843,0,nan,footway,25.5,43.6043,-116.1912,0.4249,0.5,0.0,2,1,1,0.0261,0.1828,0.1397,0.1496,0.0024,True,1.0,0.0,25.0,2.0,0.0,1.0,3.0,0.92,0.2932,"LINESTRING (-116.191072 43.604417, -116.191081 43.60441, -116.191183 43.604313, -116.191251 43.604253, -116.191272 43.604239)"
3571,8670125474,12753799717,0,nan,footway,125.5,43.6034,-116.1909,0.403,0.8571,0.0,14,1,3,0.0005,0.3571,0.0,0.0258,0.0027,True,1.0,0.0,25.0,2.0,0.0,1.0,3.0,0.92,0.1613,"LINESTRING (-116.191369 43.602935, -116.191309 43.602993, -116.191232 43.603086, -116.191186 43.603126, -116.190559 43.603845, -116.190551 43.603864, -116.190558 43.603889)"
3572,8670125497,8670125822,0,nan,footway,80.8,43.6064,-116.1903,0.031,1.0,12.1882,1,0,1,,,,,,False,1.0,0.0,25.0,2.0,0.0,1.0,5.0,0.92,0.1739,"LINESTRING (-116.189848 43.606222, -116.189852 43.606234, -116.190262 43.606424, -116.19044 43.606508, -116.190599 43.606586, -116.190681 43.60662)"
3573,8670125497,8670125500,0,nan,footway,65.1,43.6064,-116.1909,0.0,1.0,7.37,1,0,1,,,,,,False,1.0,0.0,25.0,2.0,0.0,1.0,2.0,0.92,0.1141,"LINESTRING (-116.191166 43.606152, -116.19098 43.606329, -116.190788 43.6065, -116.190681 43.60662)"
3574,8670125500,8670125513,0,nan,path,226.2,43.6065,-116.1922,0.0011,0.7692,21.4007,3,0,2,,,,,,False,1.0,0.0,25.0,2.0,0.0,1.0,5.0,0.92,0.2979,"LINESTRING (-116.192508 43.606046, -116.192869 43.606254, -116.192478 43.606621, -116.191796 43.606243, -116.191596 43.606134, -116.191431 43.60629, -116.191166 43.606152)"
3575,8670125500,8670125829,0,nan,path,100.1,43.6059,-116.1907,0.0,1.0,12.1882,7,1,1,,,,,,False,1.0,0.0,25.0,2.0,0.0,1.0,2.0,0.92,0.1659,"LINESTRING (-116.190255 43.605956, -116.19048 43.605751, -116.191166 43.606152)"
3576,8670125510,8670125511,0,nan,path,97.9,43.6055,-116.1916,0.0,1.0,0.0,9,0,1,,,,,,False,1.0,0.0,25.0,2.0,0.0,1.0,4.0,0.92,0.0,"LINESTRING (-116.191883 43.605834, -116.191508 43.605625, -116.191642 43.605506, -116.191226 43.605267)"
3577,8670125511,8670125512,0,nan,path,25.5,43.6057,-116.192,0.0,0.5,0.0,3,1,1,,,,,,False,1.0,0.0,25.0,2.0,0.0,1.0,2.0,0.92,0.1073,"LINESTRING (-116.19207 43.605649, -116.191883 43.605834)"
3578,8670125511,8670125513,0,nan,path,66.9,43.6059,-116.1922,0.0,1.0,21.4007,7,2,1,,,,,,False,1.0,0.0,25.0,2.0,0.0,1.0,2.0,0.92,0.2808,"LINESTRING (-116.192508 43.606046, -116.192165 43.60585, -116.192073 43.60594, -116.191883 43.605834)"
3579,8670125512,12677636550,0,nan,footway,158.4,43.6052,-116.1914,0.0,0.8889,0.0,15,4,1,,,,,,False,1.0,0.0,25.0,2.0,0.0,1.0,8.0,0.92,0.0168,"LINESTRING (-116.190671 43.604796, -116.190795 43.604868, -116.190827 43.604998, -116.191108 43.605163, -116.191299 43.605145, -116.19156 43.605286, -116.191566 43.605362, -116.19207 43.605649)"
3580,8670125512,8670125514,0,nan,footway,55.9,43.6058,-116.1923,0.0,0.75,21.4007,8,3,1,,,,,,False,1.0,0.0,25.0,2.0,0.0,1.0,3.0,0.92,0.3964,"LINESTRING (-116.192593 43.605971, -116.192126 43.605705, -116.192115 43.605675, -116.19207 43.605649)"
3581,8670125817,9550908278,0,nan,footway,42.5,43.6057,-116.1926,0.037,0.0,0.0,11,6,1,0.0279,0.0869,0.3249,0.0546,0.0074,True,1.0,0.0,25.0,2.0,0.0,1.0,5.0,0.92,0.3914,"LINESTRING (-116.192806 43.605774, -116.192753 43.605746, -116.192653 43.605694, -116.192545 43.605636, -116.192456 43.605586, -116.192385 43.605544)"
3582,8670125822,8670125825,0,nan,footway,27.5,43.6061,-116.1899,0.0,1.0,12.1882,0,0,1,,,,,,False,1.0,0.0,25.0,2.0,0.0,1.0,3.0,0.92,0.2105,"LINESTRING (-116.190024 43.606016, -116.189937 43.606093, -116.189857 43.606182, -116.189848 43.606222)"
3583,8670125825,8670125829,0,nan,path,26.5,43.606,-116.1901,0.0,1.0,12.1882,0,0,1,,,,,,False,1.0,0.0,25.0,2.0,0.0,1.0,2.0,0.92,0.2105,"LINESTRING (-116.190255 43.605956, -116.190226 43.60594, -116.190094 43.606054, -116.190024 43.606016)"
3584,8670125829,8670125830,0,nan,path,26.6,43.6061,-116.1902,0.0,1.0,12.1882,0,0,1,,,,,,False,1.0,0.0,25.0,2.0,0.0,1.0,2.0,0.92,0.2105,"LINESTRING (-116.190052 43.606146, -116.190255 43.605956)"
3585,8670125832,8670125836,0,nan,footway,27.6,43.6061,-116.1898,0.0,0.0,0.0,0,0,1,,,,,,False,1.0,0.0,25.0,2.0,0.0,1.0,3.0,0.92,0.2668,"LINESTRING (-116.189918 43.605953, -116.189823 43.606044, -116.189727 43.606124, -116.189688 43.606127)"
3586,8670125842,8670125843,0,nan,footway,28.5,43.6045,-116.1912,0.0701,0.0,0.0,3,1,1,0.0018,0.2152,0.142,0.0504,0.0064,True,1.0,0.0,25.0,2.0,0.0,1.0,3.0,0.92,0.2982,"LINESTRING (-116.191072 43.604417, -116.191317 43.604602)"
3587,8670125843,8670125845,0,nan,footway,66.5,43.6042,-116.1907,0.056,0.0,0.0,3,2,1,0.0278,0.2314,0.1182,0.1206,0.0034,True,1.0,0.0,25.0,2.0,0.0,1.0,6.0,0.92,0.352,"LINESTRING (-116.190403 43.604075, -116.19045 43.604078, -116.190843 43.604277, -116.191072 43.604417)"
3588,8670125845,8670125874,0,nan,footway,41.8,43.6042,-116.1902,0.0276,0.0,0.0,2,1,1,,,,,,False,1.0,0.0,25.0,2.0,0.0,1.0,3.0,0.92,0.3018,"LINESTRING (-116.190063 43.604353, -116.190107 43.604315, -116.190332 43.604102, -116.190403 43.604075)"
3589,8670125855,8670125859,0,nan,footway,97.6,43.6051,-116.1918,0.0319,0.0,0.0,10,3,1,0.0213,0.2912,0.1776,0.0282,0.0124,True,1.0,0.0,25.0,2.0,0.0,1.0,9.0,0.92,0.3137,"LINESTRING (-116.191445 43.604731, -116.191472 43.604761, -116.191471 43.604772, -116.191501 43.604776, -116.191805 43.605096, -116.192125 43.605373, -116.192185 43.605413)"
3590,8670125861,8670125869,0,nan,footway,105.0,43.6041,-116.1894,0.0,1.0,19.3355,14,2,0,,,,,,False,1.0,0.0,25.0,2.0,0.0,1.0,6.0,0.92,0.1733,"LINESTRING (-116.188947 43.603835, -116.18898 43.603832, -116.189013 43.603838, -116.189121 43.603897, -116.18915 43.60396, -116.189365 43.60408, -116.189429 43.604084, -116.189876 43.604334, -116.189976 43.604367)"
3591,8670125869,8670125873,0,nan,footway,50.9,43.604,-116.1888,0.0,1.0,19.3355,11,1,0,,,,,,False,1.0,0.0,25.0,2.0,0.0,1.0,2.0,0.92,0.1296,"LINESTRING (-116.18859 43.604208, -116.188825 43.603939, -116.188904 43.603854, -116.188947 43.603835)"
3592,8670125873,13583136592,0,nan,footway,111.5,43.6046,-116.1882,0.0053,1.0,19.3355,0,0,0,,,,,,False,1.0,0.0,25.0,2.0,0.0,1.0,2.0,0.92,0.2048,"LINESTRING (-116.187851 43.605055, -116.188332 43.604502, -116.18859 43.604208)"
3593,8822877248,8822877250,0,nan,footway,35.0,43.6002,-116.1993,0.0,1.0,12.798,3,0,0,,,,,,False,1.0,0.0,25.0,2.0,0.0,1.0,0.0,0.92,0.0646,"LINESTRING (-116.19927 43.600373, -116.19927 43.600058)"
3594,8910149453,11272175815,0,nan,path,426.6,43.6273,-116.1854,0.0,0.0417,0.0,0,0,0,,,,,,False,1.0,0.0,25.0,2.0,0.0,1.0,0.0,0.92,0.2,"LINESTRING (-116.187887 43.626819, -116.187734 43.626875, -116.187509 43.626884, -116.187405 43.626916, -116.187123 43.626932, -116.187061 43.626949, -116.186799 43.626982, -116.186655 43.627019, -116.18638 43.627039, -116.186059 43.627025, -116.185855 43.627055, -116.185562 43.62724, -116.185422 43.627347, -116.185242 43.627554, -116.185177 43.627577, -116.184998 43.627762, -116.184922 43.627841, -116.184789 43.627989, -116.184793 43.628168, -116.184776 43.628205, -116.184827 43.628272, -116.184834 43.628326, -116.184825 43.628359, -116.184923 43.628406, -116.185085 43.628539, -116.18519 43.628557, -116.185254 43.628599, -116.185299 43.628605, -116.185567 43.628815)"
3595,8981685606,8981685611,0,nan,footway,29.3,43.6172,-116.2017,0.2918,1.0,14.904,87,16,8,,,,,,False,1.0,0.0,25.0,2.0,0.0,1.0,4.0,0.92,0.8166,"LINESTRING (-116.201589 43.617165, -116.201591 43.617162, -116.201595 43.617157, -116.201706 43.617213, -116.201717 43.617201, -116.201564 43.617124, -116.20157 43.617118)"
3596,8982376217,8982376319,0,nan,footway,27.3,43.6173,-116.1999,0.03,0.0,0.0,10,5,8,0.3859,0.0888,0.1512,0.2403,0.0021,True,1.0,0.0,25.0,2.0,0.0,1.0,4.0,0.92,0.7449,"LINESTRING (-116.199996 43.617367, -116.199757 43.617246, -116.199715 43.61723)"
3597,8982376218,8982376320,0,nan,footway,29.0,43.6175,-116.2003,0.0349,0.0,0.0,10,5,7,0.3594,0.0983,0.15,0.2277,0.0003,True,1.0,0.0,25.0,2.0,0.0,1.0,6.0,0.92,0.6936,"LINESTRING (-116.200125 43.617432, -116.200376 43.617558, -116.200415 43.617585)"
3598,8982376310,8982376312,0,nan,footway,29.6,43.6183,-116.2008,0.0993,1.0,0.0,3,0,9,,,,,,False,1.0,0.0,25.0,2.0,0.0,1.0,7.0,0.92,0.3069,"LINESTRING (-116.200666 43.618428, -116.20087 43.618213, -116.200874 43.618209)"
3599,8987039933,8987039937,0,nan,footway,35.1,43.6179,-116.1977,0.0202,1.0,12.1048,5,1,4,,,,,,False,1.0,0.0,25.0,2.0,0.0,1.0,13.0,0.92,0.353,"LINESTRING (-116.197794 43.617763, -116.197543 43.618021)"
3600,8987039945,8987039949,0,nan,footway,34.8,43.6174,-116.1967,0.0,1.0,12.1048,2,0,2,0.0258,0.0836,0.0653,0.4502,0.0008,True,1.0,0.0,25.0,2.0,0.0,1.0,11.0,0.92,0.1859,"LINESTRING (-116.196586 43.617535, -116.196834 43.617278)"
3601,8987039980,8987039981,0,nan,footway,70.2,43.6186,-116.198,0.0161,1.0,9.9329,13,2,5,,,,,,False,1.0,0.0,25.0,2.0,0.0,1.0,13.0,0.92,0.3854,"LINESTRING (-116.198354 43.618829, -116.198325 43.618808, -116.198216 43.618752, -116.197645 43.618463)"
3602,9130539397,9130539398,0,nan,footway,85.5,43.6202,-116.2199,0.3415,1.0,10.3585,0,0,4,,,,,,False,1.0,0.0,25.0,2.0,0.0,1.0,2.0,0.92,0.4876,"LINESTRING (-116.219921 43.620548, -116.219918 43.619779)"
3603,9220046968,10687435975,0,#8 Heroes Trail,path,36.8,43.6235,-116.1913,0.0,1.0,4.7566,1,0,0,,,,,,False,1.0,0.0,25.0,2.0,0.0,1.0,0.0,0.92,0.0215,"LINESTRING (-116.191543 43.623488, -116.191106 43.623585)"
3604,9262348092,9262348105,0,nan,footway,36.2,43.619,-116.2014,0.3921,1.0,5.6355,10,1,8,,,,,,False,1.0,0.0,25.0,2.0,0.0,1.0,11.0,0.92,0.5969,"LINESTRING (-116.20163 43.619104, -116.201596 43.619086, -116.201287 43.618934, -116.20126 43.61892)"
3605,9262348100,11733513803,0,North 10th Street,residential,29.9,43.6174,-116.2053,0.3235,0.0,0.0,33,10,12,0.0195,0.3232,0.16,0.067,0.0009,True,0.0,2.0,25.0,2.0,0.179,0.5,6.0,0.881,1.0,"LINESTRING (-116.205179 43.617507, -116.205389 43.617286)"
3606,9289431020,10810534164,0,nan,footway,47.7,43.6167,-116.2132,0.0037,0.0,0.0,1,0,3,,,,,,False,1.0,0.0,25.0,2.0,0.0,1.0,4.0,0.92,0.326,"LINESTRING (-116.212968 43.616797, -116.2135 43.616607)"
3607,9289431022,9289431024,0,nan,footway,36.0,43.6146,-116.2138,0.0857,1.0,6.5332,9,0,1,,,,,,False,1.0,0.0,25.0,2.0,0.0,1.0,3.0,0.92,0.0234,"LINESTRING (-116.213688 43.614458, -116.213886 43.614748)"
3608,9289431033,9289431037,0,nan,footway,35.4,43.6139,-116.2137,0.054,1.0,7.4297,7,1,1,,,,,,False,1.0,0.0,25.0,2.0,0.0,1.0,4.0,0.92,0.1399,"LINESTRING (-116.213734 43.614057, -116.213644 43.613922, -116.213771 43.613833, -116.213802 43.613819, -116.213821 43.613817)"
3609,9289431039,9289431040,0,nan,footway,70.0,43.6125,-116.2147,0.0,1.0,9.5616,17,0,1,,,,,,False,1.0,0.0,25.0,2.0,0.0,1.0,0.0,0.92,0.0,"LINESTRING (-116.214305 43.612332, -116.215096 43.612594)"
3610,9289431043,9289431057,0,nan,footway,43.6,43.615,-116.2125,0.6326,1.0,7.9969,3,0,1,,,,,,False,1.0,0.0,25.0,2.0,0.0,1.0,3.0,0.92,0.3196,"LINESTRING (-116.212584 43.615196, -116.212337 43.614846)"
3611,9289431043,9289431057,1,nan,footway,171.7,43.6152,-116.2118,0.0862,1.0,6.352,14,0,2,,,,,,False,1.0,0.0,25.0,2.0,0.0,1.0,5.0,0.92,0.0458,"LINESTRING (-116.212584 43.615196, -116.211919 43.615433, -116.211853 43.615329, -116.211799 43.615277, -116.211748 43.61517, -116.211729 43.615147, -116.211689 43.615117, -116.211669 43.615057, -116.211766 43.615015, -116.211882 43.614973, -116.211946 43.614956, -116.211938 43.614889, -116.212191 43.614872, -116.21222 43.614864, -116.212337 43.614846)"
3612,9319991159,9955625011,0,nan,footway,37.0,43.6201,-116.2173,0.6178,1.0,4.1643,3,1,4,,,,,,False,1.0,0.0,25.0,2.0,0.0,1.0,4.0,0.92,0.5167,"LINESTRING (-116.217098 43.620168, -116.217368 43.62006, -116.217469 43.620039, -116.21751 43.620023)"
3613,9319991161,9955626736,0,nan,footway,75.4,43.6204,-116.2165,0.3187,0.2,4.1643,4,1,5,,,,,,False,1.0,0.0,25.0,2.0,0.0,1.0,4.0,0.92,0.6993,"LINESTRING (-116.216097 43.620456, -116.216337 43.620373, -116.216363 43.620369, -116.216439 43.620369, -116.216483 43.620364, -116.216539 43.620353, -116.216606 43.620332, -116.216821 43.620252, -116.216907 43.620234, -116.216962 43.620216)"
3614,9319991162,9955626736,0,nan,footway,71.7,43.6205,-116.2165,0.8382,0.0,0.0,4,1,5,,,,,,False,1.0,0.0,25.0,2.0,0.0,1.0,4.0,0.92,0.7949,"LINESTRING (-116.216097 43.620456, -116.216927 43.620475, -116.216987 43.620478)"
3615,9320010851,11135182649,0,nan,footway,61.4,43.6088,-116.2016,0.0,0.75,5.7917,1,0,2,,,,,,False,1.0,0.0,25.0,2.0,0.0,1.0,2.0,0.92,0.2271,"LINESTRING (-116.201449 43.608565, -116.201583 43.608749, -116.201629 43.60882, -116.201653 43.608888, -116.20166 43.608943, -116.201659 43.608992, -116.20165 43.609038, -116.201651 43.609061, -116.201663 43.609081)"
3616,9424629127,9424629173,0,nan,footway,42.0,43.6114,-116.2087,0.9366,1.0,18.5077,3,0,5,0.0718,0.1885,0.1021,0.2797,0.0137,True,1.0,0.0,25.0,2.0,0.0,1.0,6.0,0.92,0.7323,"LINESTRING (-116.208445 43.611398, -116.208521 43.611417, -116.20863 43.611434, -116.208726 43.611442, -116.208808 43.611444, -116.208905 43.61144, -116.208931 43.611441, -116.208954 43.611453)"
3617,9424629127,9424629166,0,nan,footway,80.8,43.6118,-116.2088,1.3769,1.0,18.5077,11,2,5,,,,,,False,1.0,0.0,25.0,2.0,0.0,1.0,9.0,0.92,0.9875,"LINESTRING (-116.208493 43.612077, -116.208864 43.61169, -116.208879 43.611672, -116.208967 43.611495, -116.208972 43.611482, -116.208969 43.611467, -116.208954 43.611453)"
3618,9424629137,9424629138,0,nan,footway,82.8,43.6115,-116.2076,1.4219,0.8,0.0,22,2,5,0.0607,0.0839,0.0819,0.2642,0.0157,True,1.0,0.0,25.0,2.0,0.0,1.0,13.0,0.92,0.7129,"LINESTRING (-116.207342 43.61178, -116.207932 43.61117)"
3619,9424629137,9424629173,0,nan,footway,48.7,43.6113,-116.2082,1.5317,1.0,0.0,7,0,5,0.0993,0.1034,0.118,0.2743,0.0072,True,1.0,0.0,25.0,2.0,0.0,1.0,6.0,0.92,0.6037,"LINESTRING (-116.208445 43.611398, -116.208403 43.611388, -116.208317 43.61136, -116.208248 43.61133, -116.207967 43.611188, -116.207932 43.61117)"
3620,9424629144,9424629166,0,nan,footway,25.0,43.6122,-116.2084,0.9532,1.0,18.5077,10,2,4,0.0401,0.1644,0.275,0.0924,0.0052,True,1.0,0.0,25.0,2.0,0.0,1.0,6.0,0.92,0.7752,"LINESTRING (-116.208493 43.612077, -116.208333 43.612244, -116.208311 43.612259)"
3621,9424629165,9424629167,0,nan,footway,30.0,43.6122,-116.2081,0.6528,1.0,0.0,12,1,4,0.0743,0.2122,0.228,0.113,0.0037,True,1.0,0.0,25.0,2.0,0.0,1.0,8.0,0.92,0.2752,"LINESTRING (-116.208245 43.612235, -116.207939 43.612081)"
3622,9424629172,9424629173,0,nan,footway,49.6,43.6116,-116.2083,0.1662,1.0,18.5077,10,2,5,,,,,,False,1.0,0.0,25.0,2.0,0.0,1.0,6.0,0.92,0.5216,"LINESTRING (-116.208445 43.611398, -116.208096 43.611766)"
3623,9451654278,13879774720,0,nan,footway,74.2,43.6072,-116.2042,0.0,0.0,0.0,1,0,1,,,,,,False,1.0,0.0,25.0,2.0,0.0,1.0,0.0,0.92,0.2181,"LINESTRING (-116.204033 43.607529, -116.204362 43.607009, -116.204244 43.606967)"
3624,9523768513,9523775919,0,South 13th Street,tertiary,95.5,43.6166,-116.2113,0.3481,0.3333,8.0919,14,4,4,0.0108,0.1053,0.3433,0.0654,0.0092,True,0.0,3.0,25.0,2.0,0.268,0.5,12.0,0.881,0.7302,"LINESTRING (-116.210989 43.616997, -116.211058 43.61693, -116.211197 43.616787, -116.211267 43.616713, -116.211424 43.616548, -116.21166 43.61635, -116.211708 43.616316)"
3625,9537637942,9537637947,0,nan,footway,37.4,43.6029,-116.1892,0.1101,1.0,5.4602,4,0,0,0.003,0.3186,0.0554,0.0257,0.0054,True,1.0,0.0,25.0,2.0,0.0,1.0,5.0,0.92,0.0122,"LINESTRING (-116.188966 43.603018, -116.188991 43.602994, -116.189144 43.602945, -116.189229 43.602897, -116.189261 43.602869, -116.189316 43.602811)"
3626,9537637947,9537637965,0,nan,footway,57.2,43.6032,-116.1891,0.0483,1.0,5.4602,6,0,0,0.1136,0.369,0.1315,0.0908,0.0108,True,1.0,0.0,25.0,2.0,0.0,1.0,8.0,0.92,0.0,"LINESTRING (-116.189426 43.603377, -116.189257 43.603294, -116.189115 43.603208, -116.189047 43.603158, -116.188963 43.603083, -116.188956 43.60305, -116.188966 43.603018)"
3627,9537637955,9537637961,0,nan,footway,52.6,43.6036,-116.1906,0.1777,1.0,13.0366,13,1,3,,,,,,False,1.0,0.0,25.0,2.0,0.0,1.0,3.0,0.92,0.3088,"LINESTRING (-116.190783 43.603446, -116.190747 43.603487, -116.190481 43.60379, -116.190455 43.603812, -116.190408 43.603826)"
3628,9537637955,9537637965,0,nan,footway,93.7,43.6036,-116.1899,0.2009,0.6667,11.1425,15,1,0,0.1756,0.4884,0.0374,0.0272,0.0117,True,1.0,0.0,25.0,2.0,0.0,1.0,7.0,0.92,0.2426,"LINESTRING (-116.189426 43.603377, -116.189481 43.603404, -116.18965 43.603483, -116.19037 43.603818, -116.190408 43.603826)"
3629,9537637959,12753799722,0,nan,footway,57.9,43.6031,-116.1911,0.1845,0.5,0.0,3,0,2,0.0,0.4176,0.003,0.0084,0.0144,True,1.0,0.0,25.0,2.0,0.0,1.0,1.0,0.92,0.131,"LINESTRING (-116.19091 43.603299, -116.191291 43.602857)"
3630,9537637967,9537637972,0,nan,footway,94.9,43.6037,-116.1897,0.3291,0.0,0.0,19,2,0,0.0052,0.2242,0.1907,0.0812,0.0085,True,1.0,0.0,25.0,2.0,0.0,1.0,8.0,0.92,0.2922,"LINESTRING (-116.190211 43.603998, -116.1902 43.603973, -116.190181 43.603947, -116.190029 43.603876, -116.189287 43.603539, -116.189244 43.603528)"
3631,9537637967,11552944616,0,nan,footway,35.1,43.6036,-116.1891,0.0247,0.0,0.0,4,0,0,0.0219,0.1661,0.2147,0.091,0.0056,True,1.0,0.0,25.0,2.0,0.0,1.0,5.0,0.92,0.1102,"LINESTRING (-116.188982 43.603767, -116.189019 43.603712, -116.189191 43.603537, -116.189244 43.603528)"
3632,9537637984,9537681119,0,nan,footway,30.1,43.6012,-116.1909,0.1986,1.0,7.6361,0,0,3,,,,,,False,1.0,0.0,25.0,2.0,0.0,1.0,0.0,0.92,0.3499,"LINESTRING (-116.190884 43.601075, -116.190887 43.601296, -116.19093 43.601335)"
3633,9537637985,9537681119,0,nan,footway,41.8,43.6009,-116.1909,0.0291,1.0,0.0,1,0,3,,,,,,False,1.0,0.0,25.0,2.0,0.0,1.0,0.0,0.92,0.0088,"LINESTRING (-116.190884 43.601075, -116.190877 43.600698)"
3634,9537638014,9537681119,0,nan,path,33.1,43.6011,-116.1907,0.0224,1.0,0.0,1,0,3,,,,,,False,1.0,0.0,25.0,2.0,0.0,1.0,0.0,0.92,0.0062,"LINESTRING (-116.190884 43.601075, -116.190803 43.601066, -116.190701 43.60106, -116.190657 43.601055, -116.190612 43.601018, -116.190546 43.60095)"
3635,9592909213,9592909215,0,nan,footway,29.6,43.612,-116.2191,0.0,0.0,0.0,0,0,0,,,,,,False,1.0,0.0,25.0,2.0,0.0,1.0,1.0,0.92,0.2136,"LINESTRING (-116.219226 43.612008, -116.219116 43.611982, -116.218884 43.611912)"
3636,9592909216,9592940823,0,nan,footway,47.0,43.6122,-116.2194,0.0,0.0,0.0,0,0,0,,,,,,False,1.0,0.0,25.0,2.0,0.0,1.0,1.0,0.92,0.2136,"LINESTRING (-116.219653 43.612214, -116.219524 43.612225, -116.219455 43.612168, -116.21922 43.612185, -116.219195 43.612179, -116.219173 43.612166, -116.219165 43.612149, -116.219175 43.612125)"
3637,9832084771,9832084776,0,nan,footway,46.0,43.6191,-116.2062,0.0789,0.0,0.0,8,2,10,,,,,,False,1.0,0.0,25.0,2.0,0.0,1.0,7.0,0.92,0.7831,"LINESTRING (-116.205974 43.619049, -116.206185 43.619065, -116.206221 43.619097, -116.206357 43.619107, -116.206354 43.619125, -116.206494 43.619136)"
3638,9955624976,9955624990,0,nan,footway,40.9,43.6172,-116.2164,0.1965,0.3333,5.433,3,0,1,0.0218,0.5145,0.0197,0.0138,0.0048,True,1.0,0.0,25.0,2.0,0.0,1.0,6.0,0.92,0.3324,"LINESTRING (-116.216551 43.617407, -116.216341 43.61709, -116.216341 43.617074)"
3639,9955624976,9955624984,0,nan,footway,78.4,43.6171,-116.2168,0.0932,0.4,4.9275,4,0,0,0.0474,0.1171,0.3814,0.0161,0.004,True,1.0,0.0,25.0,2.0,0.0,1.0,7.0,0.92,0.1928,"LINESTRING (-116.217282 43.617196, -116.217095 43.617141, -116.216934 43.617104, -116.216768 43.617078, -116.216629 43.617065, -116.216462 43.617061, -116.216348 43.617067, -116.216341 43.617074)"
3640,9955624979,9955624990,0,nan,footway,46.5,43.6176,-116.2167,0.1978,0.6667,5.433,8,1,1,0.1611,0.2458,0.1626,0.0927,0.013,True,1.0,0.0,25.0,2.0,0.0,1.0,8.0,0.92,0.2683,"LINESTRING (-116.216551 43.617407, -116.216786 43.617762, -116.216812 43.617777)"
3641,9955624984,9955624992,0,nan,footway,106.2,43.6174,-116.2179,0.0391,1.0,4.4221,8,0,1,,,,,,False,1.0,0.0,25.0,2.0,0.0,1.0,7.0,0.92,0.0,"LINESTRING (-116.217321 43.617601, -116.217873 43.617405, -116.217884 43.617388, -116.217864 43.617368, -116.217758 43.617293, -116.217549 43.617266, -116.217351 43.617216, -116.217282 43.617196)"
3642,9955625011,9955625015,0,nan,path,29.5,43.6203,-116.2172,0.4284,1.0,4.1643,2,1,4,,,,,,False,1.0,0.0,25.0,2.0,0.0,1.0,4.0,0.92,0.463,"LINESTRING (-116.217275 43.620384, -116.217256 43.620379, -116.217148 43.620225, -116.217136 43.62023, -116.217098 43.620168)"
3643,10295338028,10295338030,0,nan,footway,63.8,43.6158,-116.2148,0.0605,1.0,7.3706,5,1,1,0.0372,0.2352,0.2112,0.1625,0.0051,True,1.0,0.0,25.0,2.0,0.0,1.0,7.0,0.92,0.1619,"LINESTRING (-116.215009 43.616093, -116.214811 43.615793, -116.215102 43.615693, -116.215112 43.615689)"
3644,10295338036,10295338037,0,nan,footway,45.2,43.6147,-116.2169,0.019,0.0,0.0,5,0,1,0.0403,0.1331,0.3478,0.0405,0.0099,True,1.0,0.0,25.0,2.0,0.0,1.0,5.0,0.92,0.1484,"LINESTRING (-116.217041 43.614862, -116.216796 43.614496)"
3645,10576661492,11902434863,0,nan,footway,84.0,43.6156,-116.1992,0.3009,1.0,0.0,32,7,5,,,,,,False,1.0,0.0,25.0,2.0,0.0,1.0,9.0,0.92,0.3286,"LINESTRING (-116.199639 43.615834, -116.198785 43.6154)"
3646,10649854539,13879774791,0,nan,footway,49.6,43.6066,-116.2025,0.0,0.0,0.0,0,0,0,0.0099,0.5055,0.0154,0.0,0.0094,True,1.0,0.0,25.0,2.0,0.0,1.0,1.0,0.92,0.2136,"LINESTRING (-116.202676 43.606416, -116.202518 43.606526, -116.202396 43.60663, -116.202277 43.606754)"
3647,10687436004,11272175859,0,nan,path,83.4,43.6295,-116.1945,0.0058,0.0,0.0,2,0,0,,,,,,False,1.0,0.0,25.0,2.0,0.0,1.0,2.0,0.92,0.1387,"LINESTRING (-116.194997 43.629541, -116.194705 43.629527, -116.194379 43.629449, -116.194148 43.629276, -116.194134 43.629228)"
3648,10994304091,11733513776,0,nan,footway,45.0,43.6137,-116.2101,0.3319,1.0,0.0,3,0,3,,,,,,False,1.0,0.0,25.0,2.0,0.0,1.0,8.0,0.92,0.0782,"LINESTRING (-116.210361 43.613778, -116.210312 43.613754, -116.209921 43.613558, -116.209903 43.613547)"
3649,11009464277,11009464293,0,nan,footway,32.7,43.6105,-116.2076,0.0036,1.0,8.1151,6,1,6,0.0002,0.0374,0.4819,0.0541,0.1038,True,1.0,0.0,25.0,2.0,0.0,1.0,8.0,0.92,0.404,"LINESTRING (-116.207701 43.610338, -116.207681 43.610359, -116.20747 43.610581)"
3650,11009464279,11009498172,0,nan,footway,30.8,43.6101,-116.2079,0.0,1.0,8.1151,6,0,6,,,,,,False,1.0,0.0,25.0,2.0,0.0,1.0,4.0,0.92,0.3012,"LINESTRING (-116.207824 43.61021, -116.208043 43.609983)"
3651,11009464279,11009464280,0,nan,footway,31.7,43.6101,-116.2082,0.0133,1.0,8.1151,6,0,6,,,,,,False,1.0,0.0,25.0,2.0,0.0,1.0,5.0,0.92,0.3064,"LINESTRING (-116.208366 43.610146, -116.208043 43.609983)"
3652,11009464281,11009464284,0,nan,footway,36.1,43.6101,-116.2075,0.3527,0.3333,8.1151,6,0,6,,,,,,False,1.0,0.0,25.0,2.0,0.0,1.0,6.0,0.92,0.6567,"LINESTRING (-116.207625 43.610246, -116.207603 43.610225, -116.207408 43.610123, -116.207268 43.610053)"
3653,11009464284,11009464288,0,nan,footway,36.0,43.6102,-116.2074,0.5165,0.3333,8.1151,6,0,6,0.0471,0.2347,0.2294,0.065,0.007,True,1.0,0.0,25.0,2.0,0.0,1.0,6.0,0.92,0.7206,"LINESTRING (-116.207256 43.610065, -116.207586 43.610234, -116.207625 43.610246)"
3654,11049572075,11547270491,0,nan,footway,47.9,43.6024,-116.1864,0.0925,1.0,6.6904,14,2,0,0.0846,0.2541,0.0428,0.0802,0.0054,True,1.0,0.0,25.0,2.0,0.0,1.0,4.0,0.92,0.1073,"LINESTRING (-116.186572 43.602243, -116.186573 43.602273, -116.186273 43.60261)"
3655,11135135737,13879774791,0,nan,footway,353.4,43.6069,-116.2043,0.0,0.35,4.8966,5,1,1,0.0032,0.5014,0.0034,0.0034,0.0094,True,1.0,0.0,25.0,2.0,0.0,1.0,2.0,0.92,0.3142,"LINESTRING (-116.202676 43.606416, -116.202708 43.606433, -116.202962 43.60639, -116.203113 43.606367, -116.20328 43.606357, -116.20342 43.606363, -116.203588 43.606379, -116.203731 43.606407, -116.203865 43.606443, -116.204054 43.606515, -116.204075 43.606509, -116.204368 43.606659, -116.204382 43.606678, -116.204379 43.606691, -116.204353 43.606711, -116.20432 43.606729, -116.20429 43.606759, -116.204269 43.6068, -116.204265 43.606847, -116.204268 43.606879, -116.203712 43.607705, -116.20365 43.607688, -116.203374 43.608118, -116.203403 43.608159, -116.203337 43.608273)"
3656,11135135745,11135143146,0,nan,footway,39.0,43.6078,-116.2023,0.0,1.0,2.3609,0,0,1,,,,,,False,1.0,0.0,25.0,2.0,0.0,1.0,0.0,0.92,0.067,"LINESTRING (-116.202312 43.607645, -116.202295 43.607699, -116.202287 43.607741, -116.202256 43.607805, -116.202257 43.607862, -116.202338 43.607976)"
3657,11135135745,11135143110,0,nan,footway,67.7,43.6083,-116.2022,0.0,1.0,4.3817,0,0,2,,,,,,False,1.0,0.0,25.0,2.0,0.0,1.0,0.0,0.92,0.1696,"LINESTRING (-116.20228 43.60855, -116.202233 43.608497, -116.202196 43.608426, -116.20219 43.608357, -116.202206 43.608298, -116.202339 43.608059, -116.202338 43.607976)"
3658,11135135770,11135143255,0,nan,footway,43.4,43.6081,-116.2028,0.0,1.0,5.6721,4,1,1,,,,,,False,1.0,0.0,25.0,2.0,0.0,1.0,1.0,0.92,0.1273,"LINESTRING (-116.203077 43.608193, -116.202577 43.608046)"
3659,11135135770,11135143251,0,nan,footway,71.5,43.6078,-116.2028,0.0,1.0,3.7017,4,1,1,,,,,,False,1.0,0.0,25.0,2.0,0.0,1.0,1.0,0.92,0.0906,"LINESTRING (-116.203228 43.607663, -116.203184 43.607671, -116.203012 43.60771, -116.202887 43.607761, -116.202791 43.607801, -116.202738 43.60784, -116.202716 43.607887, -116.202694 43.607924, -116.202656 43.60795, -116.202602 43.608, -116.202577 43.608046)"
3660,11135135781,11135143255,0,nan,footway,63.1,43.6079,-116.2032,0.0,1.0,4.0914,4,1,2,,,,,,False,1.0,0.0,25.0,2.0,0.0,1.0,1.0,0.92,0.1522,"LINESTRING (-116.203077 43.608193, -116.203124 43.608111, -116.203137 43.60805, -116.203198 43.607946, -116.203319 43.607809, -116.203353 43.607756, -116.203352 43.607715, -116.203322 43.607679)"
3661,11135135781,11135143219,0,nan,footway,40.2,43.6076,-116.2035,0.0,0.3333,2.9398,1,1,1,,,,,,False,1.0,0.0,25.0,2.0,0.0,1.0,0.0,0.92,0.3545,"LINESTRING (-116.203553 43.607416, -116.203581 43.607462, -116.203596 43.607488, -116.203566 43.607542, -116.203529 43.607575, -116.203322 43.607679)"
3662,11135135789,11135143255,0,nan,footway,29.5,43.6083,-116.203,0.0,1.0,6.3629,4,1,2,,,,,,False,1.0,0.0,25.0,2.0,0.0,1.0,1.0,0.92,0.1909,"LINESTRING (-116.203077 43.608193, -116.202984 43.608354, -116.203001 43.608444)"
3663,11135143110,11135143121,0,nan,footway,63.1,43.6085,-116.2026,0.0,1.0,0.0,4,1,3,,,,,,False,1.0,0.0,25.0,2.0,0.0,1.0,0.0,0.92,0.0346,"LINESTRING (-116.202888 43.608452, -116.202879 43.608425, -116.202862 43.608405, -116.2028 43.608377, -116.20272 43.608375, -116.202696 43.608392, -116.202648 43.608471, -116.202623 43.608497, -116.202549 43.608528, -116.202481 43.608551, -116.202382 43.608556, -116.202324 43.608548, -116.20228 43.60855)"
3664,11135143121,11135143130,0,nan,footway,50.5,43.6087,-116.2029,0.0,0.6667,6.3629,4,1,3,,,,,,False,1.0,0.0,25.0,2.0,0.0,1.0,1.0,0.92,0.3532,"LINESTRING (-116.20302 43.6085, -116.202928 43.608507, -116.202917 43.608527, -116.202895 43.608613, -116.202887 43.608638, -116.202874 43.608649, -116.202848 43.608654, -116.202827 43.608648, -116.202824 43.608634, -116.202888 43.608452)"
3665,11135143130,11135143131,0,nan,footway,96.8,43.6089,-116.203,0.0,0.6667,6.1545,4,1,3,,,,,,False,1.0,0.0,25.0,2.0,0.0,1.0,1.0,0.92,0.3502,"LINESTRING (-116.202449 43.608689, -116.202595 43.608781, -116.202707 43.608827, -116.20277 43.608842, -116.202819 43.608843, -116.202865 43.608831, -116.202898 43.608843, -116.202987 43.608879, -116.203023 43.608878, -116.203049 43.608863, -116.203063 43.608836, -116.203066 43.608799, -116.20306 43.608736, -116.203049 43.608608, -116.20302 43.6085)"
3666,11135143131,11135143136,0,nan,footway,37.7,43.6086,-116.2023,0.0,1.0,5.4593,0,0,2,,,,,,False,1.0,0.0,25.0,2.0,0.0,1.0,0.0,0.92,0.1888,"LINESTRING (-116.202069 43.60863, -116.202198 43.608619, -116.202239 43.608621, -116.202289 43.608648, -116.202393 43.608731, -116.202449 43.608689)"
3667,11135143146,11135143252,0,nan,footway,103.5,43.6073,-116.2027,0.0,0.6667,4.9196,0,0,0,,,,,,False,1.0,0.0,25.0,2.0,0.0,1.0,0.0,0.92,0.1822,"LINESTRING (-116.20323 43.607312, -116.203126 43.607335, -116.203015 43.607346, -116.20296 43.607348, -116.20292 43.607335, -116.202866 43.607287, -116.202789 43.607244, -116.202724 43.607345, -116.202603 43.607535, -116.202367 43.607594, -116.202312 43.607645)"
3668,11135143150,11135143157,0,nan,footway,86.6,43.6073,-116.2023,0.0,0.8,4.8508,0,0,0,,,,,,False,1.0,0.0,25.0,2.0,0.0,1.0,0.0,0.92,0.1373,"LINESTRING (-116.202657 43.606964, -116.202564 43.607121, -116.202462 43.607154, -116.202354 43.607222, -116.202217 43.607453, -116.202274 43.607572, -116.202268 43.607593, -116.202252 43.607615)"
3669,11135143160,11135143182,0,nan,footway,147.2,43.6081,-116.2014,0.0,0.6667,4.8384,1,0,1,,,,,,False,1.0,0.0,25.0,2.0,0.0,1.0,0.0,0.92,0.1853,"LINESTRING (-116.201314 43.607633, -116.201306 43.607686, -116.20131 43.607762, -116.201248 43.607905, -116.201249 43.607945, -116.201232 43.607991, -116.201235 43.608096, -116.201244 43.608118, -116.20127 43.608146, -116.20131 43.608158, -116.20135 43.60816, -116.201447 43.608132, -116.201471 43.60811, -116.201518 43.608011, -116.201563 43.607952, -116.201618 43.607913, -116.201682 43.607891, -116.20173 43.607868, -116.201785 43.607814, -116.20181 43.607775, -116.201883 43.607722, -116.201943 43.607693, -116.202023 43.607646)"
3670,11135143182,11135143187,0,nan,footway,47.2,43.6075,-116.2016,0.0,1.0,7.4349,1,0,0,,,,,,False,1.0,0.0,25.0,2.0,0.0,1.0,0.0,0.92,0.0616,"LINESTRING (-116.201851 43.607501, -116.201677 43.607509, -116.20155 43.607548, -116.201497 43.607593, -116.201374 43.607616, -116.201314 43.607633)"
3671,11135143199,11135143205,1,nan,footway,25.6,43.6073,-116.2011,0.0,1.0,6.2046,1,0,0,,,,,,False,1.0,0.0,25.0,2.0,0.0,1.0,0.0,0.92,0.0451,"LINESTRING (-116.201072 43.607447, -116.201038 43.60739, -116.201038 43.607366, -116.201056 43.607352, -116.201087 43.607346, -116.201124 43.607352, -116.201193 43.607407)"
3672,11135143224,11135143232,0,nan,footway,79.1,43.6066,-116.2035,0.0,1.0,5.1978,0,0,0,,,,,,False,1.0,0.0,25.0,2.0,0.0,1.0,0.0,0.92,0.078,"LINESTRING (-116.203392 43.606899, -116.203401 43.606796, -116.203382 43.60669, -116.203464 43.606682, -116.203512 43.606648, -116.203414 43.606621, -116.203168 43.606655, -116.203154 43.606688, -116.203083 43.606774)"
3673,11135143224,11135143232,1,nan,footway,30.7,43.6068,-116.2032,0.0,1.0,0.0,0,0,0,,,,,,False,1.0,0.0,25.0,2.0,0.0,1.0,0.0,0.92,0.0,"LINESTRING (-116.203392 43.606899, -116.203305 43.606898, -116.203256 43.606881, -116.203224 43.606829, -116.203083 43.606774)"
3674,11135143224,11135143256,0,nan,footway,41.0,43.6069,-116.2029,0.0,1.0,0.0,0,0,0,,,,,,False,1.0,0.0,25.0,2.0,0.0,1.0,0.0,0.92,0.0,"LINESTRING (-116.202808 43.607046, -116.202852 43.60697, -116.202848 43.60692, -116.202858 43.60688, -116.202907 43.606851, -116.203083 43.606774)"
3675,11135143239,11135143252,0,nan,footway,49.8,43.6071,-116.2034,0.0,0.6667,0.0,0,0,1,,,,,,False,1.0,0.0,25.0,2.0,0.0,1.0,0.0,0.92,0.0487,"LINESTRING (-116.20323 43.607312, -116.203259 43.607303, -116.20329 43.607288, -116.203319 43.607262, -116.203327 43.607166, -116.203437 43.607118, -116.203458 43.607013, -116.203547 43.606987)"
3676,11135143251,11135143252,0,nan,footway,39.0,43.6075,-116.2032,0.0,0.3333,2.9398,0,0,1,,,,,,False,1.0,0.0,25.0,2.0,0.0,1.0,0.0,0.92,0.3017,"LINESTRING (-116.20323 43.607312, -116.20323 43.607368, -116.203229 43.607558, -116.203228 43.607663)"
3677,11170194542,11170194621,0,nan,footway,31.7,43.6172,-116.1965,0.0201,0.0,0.0,8,2,3,0.0133,0.2282,0.2614,0.0421,0.0046,True,1.0,0.0,25.0,2.0,0.0,1.0,12.0,0.92,0.3875,"LINESTRING (-116.196648 43.617128, -116.196422 43.617361)"
3678,11170194543,11170194547,0,nan,footway,65.8,43.6171,-116.1959,0.0,1.0,0.0,9,3,3,,,,,,False,1.0,0.0,25.0,2.0,0.0,1.0,12.0,0.92,0.0873,"LINESTRING (-116.196255 43.617277, -116.195587 43.616937)"
3679,11170194623,11170194626,0,nan,footway,28.3,43.6167,-116.1964,0.0142,1.0,0.0,8,2,3,0.056,0.3045,0.0963,0.1159,0.0074,True,1.0,0.0,25.0,2.0,0.0,1.0,4.0,0.92,0.0582,"LINESTRING (-116.196524 43.616758, -116.196235 43.616613)"
3680,11170194623,11170194626,1,nan,footway,42.0,43.6167,-116.1963,0.0107,1.0,0.0,8,2,3,0.0731,0.2755,0.1072,0.1099,0.0103,True,1.0,0.0,25.0,2.0,0.0,1.0,4.0,0.92,0.0568,"LINESTRING (-116.196524 43.616758, -116.196367 43.616783, -116.196168 43.616684, -116.196235 43.616613)"
3681,11170194627,11170194628,0,nan,footway,28.4,43.6169,-116.1965,0.04,1.0,0.0,8,2,3,0.0738,0.3473,0.0892,0.0873,0.0078,True,1.0,0.0,25.0,2.0,0.0,1.0,5.0,0.92,0.0682,"LINESTRING (-116.196424 43.617019, -116.196625 43.61681)"
3682,11170194735,11170194737,0,nan,footway,55.3,43.6183,-116.1989,0.0052,1.0,13.4215,30,13,5,,,,,,False,1.0,0.0,25.0,2.0,0.0,1.0,3.0,0.92,0.5798,"LINESTRING (-116.198579 43.618147, -116.199143 43.61843)"
3683,11170194736,11170194737,0,nan,footway,55.8,43.618,-116.1983,0.0224,0.75,10.3845,12,2,4,,,,,,False,1.0,0.0,25.0,2.0,0.0,1.0,10.0,0.92,0.4258,"LINESTRING (-116.198579 43.618147, -116.198009 43.617861)"
3684,11272175815,13785785124,0,nan,path,257.8,43.6263,-116.1865,0.0,0.1333,0.0,1,1,0,,,,,,False,1.0,0.0,25.0,2.0,0.0,1.0,0.0,0.92,0.2227,"LINESTRING (-116.185249 43.625834, -116.185307 43.625974, -116.185384 43.626139, -116.185405 43.626147, -116.185525 43.626132, -116.185619 43.626131, -116.185682 43.626139, -116.185726 43.626141, -116.185789 43.626148, -116.18585 43.626165, -116.185883 43.626169, -116.185914 43.626166, -116.185958 43.626176, -116.186058 43.626222, -116.186107 43.626238, -116.18615 43.626238, -116.186196 43.626232, -116.186304 43.626226, -116.186357 43.626235, -116.186469 43.626273, -116.186528 43.626292, -116.186589 43.626303, -116.18663 43.626324, -116.186705 43.626359, -116.186758 43.626364, -116.186886 43.626403, -116.187029 43.626443, -116.187139 43.626471, -116.18722 43.626505, -116.18732 43.626529, -116.187487 43.626596, -116.187576 43.626643, -116.187682 43.626694, -116.187747 43.626743, -116.187816 43.626783, -116.187887 43.626819)"
3685,11272175857,11272175859,0,nan,path,30.3,43.6294,-116.195,0.0131,0.0,0.0,2,0,0,,,,,,False,1.0,0.0,25.0,2.0,0.0,1.0,2.0,0.92,0.1415,"LINESTRING (-116.194997 43.629541, -116.195001 43.629467, -116.195 43.629412, -116.195018 43.629269)"
3686,11547270491,11547270497,0,nan,footway,59.2,43.6021,-116.1863,0.0067,1.0,6.6904,14,2,0,,,,,,False,1.0,0.0,25.0,2.0,0.0,1.0,7.0,0.92,0.0738,"LINESTRING (-116.186314 43.601821, -116.186276 43.601977, -116.186269 43.602019, -116.186274 43.602064, -116.186304 43.602109, -116.18654 43.602221, -116.186572 43.602243)"
3687,11547270497,11547270501,0,nan,footway,33.3,43.6017,-116.1863,0.0,1.0,6.6904,7,2,0,,,,,,False,1.0,0.0,25.0,2.0,0.0,1.0,4.0,0.92,0.1153,"LINESTRING (-116.186332 43.601532, -116.18635 43.601547, -116.186364 43.60157, -116.186368 43.601593, -116.186314 43.601821)"
3688,11547270511,11547270526,0,nan,footway,35.3,43.6016,-116.1867,0.0147,0.0,0.0,34,2,0,,,,,,False,1.0,0.0,25.0,2.0,0.0,1.0,6.0,0.92,0.1304,"LINESTRING (-116.186886 43.601608, -116.186835 43.601595, -116.186516 43.601554, -116.186456 43.601547)"
3689,11629297189,12799049318,0,nan,path,31.5,43.616,-116.185,0.0,0.0,0.0,1,0,0,,,,,,False,1.0,0.0,25.0,2.0,0.0,1.0,0.0,0.92,0.1649,"LINESTRING (-116.185223 43.616062, -116.185172 43.616056, -116.185032 43.616027, -116.185015 43.616012, -116.184997 43.615969, -116.185004 43.615922, -116.185019 43.615895)"
3690,11629297192,12799049318,0,nan,path,39.6,43.616,-116.1854,0.0,0.3333,0.0,2,1,0,,,,,,False,1.0,0.0,25.0,2.0,0.0,1.0,1.0,0.92,0.1288,"LINESTRING (-116.185223 43.616062, -116.185335 43.616075, -116.185384 43.616075, -116.185431 43.616058, -116.185456 43.616014, -116.185463 43.615889, -116.185445 43.615864)"
3691,11629297192,11629297310,0,nan,path,30.2,43.6158,-116.1853,0.0,0.5,0.0,1,0,0,,,,,,False,1.0,0.0,25.0,2.0,0.0,1.0,1.0,0.92,0.0014,"LINESTRING (-116.185104 43.615873, -116.185352 43.615822, -116.185381 43.615822, -116.185434 43.615849, -116.185445 43.615864)"
3692,11629297196,11629297398,0,#21 The Ponds Loop,path,96.2,43.6154,-116.1858,0.0,0.1667,0.0,1,0,0,,,,,,False,1.0,0.0,25.0,2.0,0.0,1.0,2.0,0.92,0.1104,"LINESTRING (-116.185843 43.61501, -116.185844 43.615035, -116.185823 43.615196, -116.1858 43.615285, -116.18578 43.615327, -116.185746 43.615499, -116.185718 43.615701, -116.185715 43.615868)"
3693,11629297217,11629297310,0,nan,path,37.0,43.6158,-116.1853,0.0,0.6667,0.0,1,0,0,,,,,,False,1.0,0.0,25.0,2.0,0.0,1.0,0.0,0.92,0.0,"LINESTRING (-116.185104 43.615873, -116.185217 43.615792, -116.185307 43.61573, -116.185384 43.615616)"
3694,11629297313,11629297314,0,nan,path,29.8,43.6157,-116.1856,0.0,1.0,0.0,1,0,0,,,,,,False,1.0,0.0,25.0,2.0,0.0,1.0,2.0,0.92,0.0,"LINESTRING (-116.185496 43.615623, -116.185544 43.615668, -116.1856 43.615736, -116.18567 43.615858)"
3695,11629297314,11629297426,0,nan,path,32.3,43.6155,-116.1855,0.0,0.0,0.0,1,0,0,,,,,,False,1.0,0.0,25.0,2.0,0.0,1.0,0.0,0.92,0.1649,"LINESTRING (-116.185471 43.615333, -116.185484 43.615404, -116.185488 43.61551, -116.185496 43.615623)"
3696,11629297321,11629297426,0,nan,path,36.8,43.6152,-116.1856,0.0,0.0,0.0,0,0,0,,,,,,False,1.0,0.0,25.0,2.0,0.0,1.0,1.0,0.92,0.2136,"LINESTRING (-116.185471 43.615333, -116.185489 43.615294, -116.185526 43.615238, -116.185565 43.615149, -116.185539 43.615069, -116.18549 43.615031)"
3697,11639982689,11639982690,0,nan,footway,37.5,43.6016,-116.1876,0.0016,1.0,6.7478,36,0,0,0.0431,0.128,0.3082,0.0496,0.0,True,1.0,0.0,25.0,2.0,0.0,1.0,4.0,0.92,0.0,"LINESTRING (-116.187818 43.601709, -116.187426 43.601527)"
3698,11691276480,11691276493,0,nan,path,68.0,43.6021,-116.2144,0.5186,1.0,6.7313,3,0,2,,,,,,False,1.0,0.0,25.0,2.0,0.0,1.0,2.0,0.92,0.3124,"LINESTRING (-116.214429 43.601812, -116.214398 43.601846, -116.214276 43.602011, -116.214391 43.602075, -116.214731 43.602204)"
3699,11691276480,11691276496,0,nan,path,60.9,43.6023,-116.2151,0.1952,1.0,6.7313,3,0,2,,,,,,False,1.0,0.0,25.0,2.0,0.0,1.0,2.0,0.92,0.1864,"LINESTRING (-116.215259 43.602094, -116.215082 43.602323, -116.215026 43.602321, -116.214731 43.602204)"
3700,11691276488,11691276496,0,nan,path,242.9,43.6026,-116.2166,0.2172,0.0714,6.7313,5,0,2,,,,,,False,1.0,0.0,25.0,2.0,0.0,1.0,4.0,0.92,0.4702,"LINESTRING (-116.215259 43.602094, -116.215451 43.602173, -116.216423 43.602589, -116.217361 43.60299, -116.217866 43.603192)"
3701,11691276489,11691276493,0,nan,path,53.5,43.602,-116.2142,0.5083,1.0,6.7313,2,0,2,,,,,,False,1.0,0.0,25.0,2.0,0.0,1.0,2.0,0.92,0.3287,"LINESTRING (-116.214429 43.601812, -116.214397 43.601798, -116.214248 43.601984, -116.214221 43.601974, -116.214369 43.601785)"
3702,11691276493,11691276496,0,nan,path,79.1,43.6019,-116.2148,0.5215,1.0,6.7313,3,0,2,,,,,,False,1.0,0.0,25.0,2.0,0.0,1.0,2.0,0.92,0.3136,"LINESTRING (-116.215259 43.602094, -116.214469 43.601767, -116.214429 43.601812)"
3703,11733513733,11733513734,0,nan,footway,60.6,43.6024,-116.2052,0.1396,1.0,4.1974,4,0,0,,,,,,False,1.0,0.0,25.0,2.0,0.0,1.0,2.0,0.92,0.0009,"LINESTRING (-116.204941 43.602398, -116.204996 43.602317, -116.20501 43.60231, -116.205024 43.602311, -116.205555 43.602508)"
3704,11733513735,11733513748,0,nan,footway,309.2,43.6013,-116.2062,0.0502,1.0,4.051,3,0,0,,,,,,False,1.0,0.0,25.0,2.0,0.0,1.0,2.0,0.92,0.0,"LINESTRING (-116.206813 43.602168, -116.20697 43.60191, -116.207081 43.601782, -116.207147 43.601757, -116.207187 43.60172, -116.207185 43.601704, -116.207176 43.601693, -116.206241 43.601355, -116.206106 43.60131, -116.205977 43.601293, -116.205837 43.6013, -116.205677 43.601333, -116.205657 43.601349, -116.205062 43.602219, -116.205035 43.602259)"
3705,11733513774,11733513774,0,nan,footway,555.1,43.6006,-116.2038,0.0216,0.9677,4.1687,1,0,0,,,,,,False,1.0,0.0,25.0,2.0,0.0,1.0,1.0,0.92,0.0292,"LINESTRING (-116.20568 43.600496, -116.203719 43.599786, -116.203684 43.599781, -116.203659 43.5998, -116.20366 43.600465, -116.203666 43.600499, -116.203698 43.600537, -116.20374 43.600572, -116.205478 43.601204, -116.205576 43.601227, -116.205686 43.601228, -116.205785 43.60121, -116.20587 43.601177, -116.205949 43.601125, -116.206005 43.601066, -116.206046 43.600973, -116.206074 43.600894, -116.206065 43.6008, -116.206031 43.600706, -116.205962 43.600631, -116.205832 43.600551, -116.20568 43.600496)"
3706,11733513783,11733513787,0,nan,footway,78.4,43.6156,-116.2069,0.1414,1.0,12.6844,10,5,6,0.011,0.1048,0.2766,0.2323,0.0006,True,1.0,0.0,25.0,2.0,0.0,1.0,8.0,0.92,0.6294,"LINESTRING (-116.207135 43.615332, -116.207131 43.615352, -116.206596 43.615917)"
3707,11733513795,11733513806,0,nan,footway,92.9,43.6172,-116.2064,1.3212,1.0,0.0,113,31,7,0.0198,0.0503,0.0992,0.5256,0.0092,True,1.0,0.0,25.0,2.0,0.0,1.0,12.0,0.92,0.9487,"LINESTRING (-116.205897 43.616947, -116.206832 43.617436)"
3708,11733513795,11733513972,0,nan,footway,42.1,43.6176,-116.2067,2.0376,1.0,0.0,67,10,9,,,,,,False,1.0,0.0,25.0,2.0,0.0,1.0,11.0,0.92,1.0,"LINESTRING (-116.206546 43.61775, -116.206828 43.617454, -116.206832 43.617436)"
3709,11733513799,11733513981,0,nan,footway,29.8,43.6179,-116.2064,1.0321,0.5,0.0,40,4,11,,,,,,False,1.0,0.0,25.0,2.0,0.0,1.0,15.0,0.92,1.0,"LINESTRING (-116.206472 43.617831, -116.206275 43.618058)"
3710,11733513799,11733513980,0,nan,footway,38.3,43.618,-116.2061,1.3773,0.3333,18.0735,33,3,12,,,,,,False,1.0,0.0,25.0,2.0,0.0,1.0,14.0,0.92,1.0,"LINESTRING (-116.205881 43.617865, -116.206275 43.618058)"
3711,11733513802,11733513980,0,nan,footway,58.4,43.6177,-116.2056,1.7567,1.0,18.0735,54,8,12,,,,,,False,1.0,0.0,25.0,2.0,0.0,1.0,11.0,0.92,1.0,"LINESTRING (-116.205881 43.617865, -116.20528 43.617571)"
3712,11733513802,11733513979,0,nan,footway,31.2,43.6175,-116.2054,0.9945,1.0,18.0735,29,8,12,,,,,,False,1.0,0.0,25.0,2.0,0.0,1.0,5.0,0.92,1.0,"LINESTRING (-116.205502 43.617341, -116.20528 43.617571)"
3713,11733513806,11733513809,0,nan,footway,32.8,43.6168,-116.206,1.3943,1.0,0.0,77,24,8,0.0247,0.0282,0.0822,0.5557,0.0159,True,1.0,0.0,25.0,2.0,0.0,1.0,4.0,0.92,1.0,"LINESTRING (-116.205916 43.616733, -116.206042 43.616795, -116.205957 43.616883, -116.205897 43.616947)"
3714,11733513813,11733513971,0,nan,footway,43.3,43.6171,-116.2057,0.6827,1.0,0.0,83,20,9,,,,,,False,1.0,0.0,25.0,2.0,0.0,1.0,6.0,0.92,0.766,"LINESTRING (-116.205578 43.617261, -116.205885 43.616942)"
3715,11733513975,11902455617,0,nan,footway,33.9,43.6213,-116.2038,0.0285,1.0,7.9602,6,0,9,,,,,,False,1.0,0.0,25.0,2.0,0.0,1.0,7.0,0.92,0.4702,"LINESTRING (-116.203964 43.62143, -116.20362 43.621256)"
3716,11783921570,11783921696,0,nan,footway,83.7,43.6142,-116.1928,0.0829,1.0,13.3361,11,0,6,0.0032,0.0161,0.2854,0.2054,0.0031,True,1.0,0.0,25.0,2.0,0.0,1.0,9.0,0.92,0.3432,"LINESTRING (-116.193101 43.613876, -116.192516 43.614498)"
3717,11783921584,11783921589,0,nan,footway,191.6,43.6131,-116.192,0.0458,1.0,16.8824,400,3,6,0.0044,0.0769,0.1496,0.2247,0.0024,True,1.0,0.0,25.0,2.0,0.0,1.0,10.0,0.92,0.3083,"LINESTRING (-116.193018 43.613623, -116.192989 43.613614, -116.192648 43.613444, -116.191113 43.612674, -116.191062 43.612642)"
3718,11783921587,11783921588,0,nan,footway,80.3,43.6141,-116.1926,0.0955,0.6,1.0359,11,0,6,0.1045,0.0318,0.2665,0.1123,0.032,True,1.0,0.0,25.0,2.0,0.0,1.0,9.0,0.92,0.2741,"LINESTRING (-116.192874 43.613772, -116.192297 43.61436)"
3719,11783921627,11783921628,0,nan,footway,94.4,43.6094,-116.1999,0.7982,1.0,21.4624,16,2,3,0.0069,0.1361,0.4718,0.0816,0.0084,True,1.0,0.0,25.0,2.0,0.0,1.0,5.0,0.92,0.6458,"LINESTRING (-116.200349 43.609645, -116.199903 43.609418, -116.199819 43.609375, -116.199391 43.609156)"
3720,11783921627,11783921679,0,nan,footway,82.2,43.6095,-116.1991,0.5683,1.0,21.4624,9,2,4,0.0164,0.2526,0.4497,0.0437,0.0162,True,1.0,0.0,25.0,2.0,0.0,1.0,4.0,0.92,0.6467,"LINESTRING (-116.198817 43.609744, -116.198825 43.609695, -116.198897 43.609683, -116.19908 43.609483, -116.199186 43.609369, -116.199391 43.609156)"
3721,11783921628,11783921697,0,nan,footway,78.6,43.6099,-116.2001,0.9153,0.8,13.3696,19,2,4,0.0111,0.142,0.4478,0.1072,0.0084,True,1.0,0.0,25.0,2.0,0.0,1.0,9.0,0.92,0.7518,"LINESTRING (-116.199789 43.610224, -116.199863 43.610147, -116.200349 43.609645)"
3722,11783921634,11783921700,0,nan,footway,35.5,43.6097,-116.2009,1.7331,1.0,5.3757,14,0,3,0.2127,0.148,0.07,0.495,0.0102,True,1.0,0.0,25.0,2.0,0.0,1.0,5.0,0.92,0.7261,"LINESTRING (-116.201095 43.609748, -116.200733 43.609566)"
3723,11783921649,11783921661,0,nan,footway,82.2,43.6105,-116.2012,1.0633,1.0,14.5811,21,0,4,,,,,,False,1.0,0.0,25.0,2.0,0.0,1.0,9.0,0.92,0.5851,"LINESTRING (-116.200949 43.610838, -116.201536 43.610233)"
3724,11783921649,11783921654,0,nan,footway,50.6,43.6101,-116.2013,0.7196,1.0,14.5811,12,0,2,0.0321,0.0926,0.5268,0.124,0.0117,True,1.0,0.0,25.0,2.0,0.0,1.0,5.0,0.92,0.3816,"LINESTRING (-116.201048 43.609957, -116.201078 43.609973, -116.201094 43.610007, -116.201536 43.610233)"
3725,11783921654,11783921655,0,nan,footway,45.1,43.6098,-116.2008,0.2979,1.0,7.7019,17,0,4,0.0013,0.2007,0.2824,0.0388,0.0123,True,1.0,0.0,25.0,2.0,0.0,1.0,5.0,0.92,0.2396,"LINESTRING (-116.200591 43.609723, -116.201012 43.609939, -116.201048 43.609957)"
3726,11783921655,11783921657,0,nan,footway,37.6,43.6099,-116.2005,0.3898,1.0,7.7019,15,2,3,0.0134,0.1814,0.2877,0.0578,0.0092,True,1.0,0.0,25.0,2.0,0.0,1.0,6.0,0.92,0.3913,"LINESTRING (-116.200323 43.61, -116.200591 43.609723)"
3727,11783921657,11783921663,0,nan,footway,45.2,43.6102,-116.2002,0.09,0.6667,10.3274,16,2,4,0.0042,0.2669,0.2321,0.0778,0.0006,True,1.0,0.0,25.0,2.0,0.0,1.0,7.0,0.92,0.4601,"LINESTRING (-116.200001 43.610334, -116.200323 43.61)"
3728,11783921661,11783921665,0,nan,footway,48.2,43.6107,-116.2007,1.071,1.0,14.5811,21,0,5,,,,,,False,1.0,0.0,25.0,2.0,0.0,1.0,6.0,0.92,0.6413,"LINESTRING (-116.200475 43.610578, -116.200584 43.610634, -116.200603 43.610661, -116.200949 43.610838)"
3729,11783921664,11783921665,0,nan,footway,34.8,43.6105,-116.2003,0.6615,1.0,12.4542,16,2,5,,,,,,False,1.0,0.0,25.0,2.0,0.0,1.0,8.0,0.92,0.6451,"LINESTRING (-116.200475 43.610578, -116.200123 43.610397)"
3730,11783921668,11783921692,0,South 4th Street,unclassified,82.0,43.6106,-116.2013,0.5396,1.0,14.5811,18,0,4,0.0058,0.0711,0.512,0.0968,0.0142,True,0.0,2.0,25.0,2.0,0.179,0.5,9.0,0.881,0.3912,"LINESTRING (-116.201637 43.610258, -116.201055 43.610864)"
3731,11783921679,11783921697,0,nan,footway,94.7,43.61,-116.1993,1.2061,0.8333,14.9881,16,2,4,0.0388,0.2018,0.403,0.1456,0.0208,True,1.0,0.0,25.0,2.0,0.0,1.0,7.0,0.92,0.8769,"LINESTRING (-116.199789 43.610224, -116.198817 43.609744)"
3732,11783921693,11783921698,0,nan,footway,45.5,43.61,-116.2015,1.0365,1.0,4.3177,15,0,2,0.021,0.1442,0.3225,0.0816,0.0073,True,1.0,0.0,25.0,2.0,0.0,1.0,4.0,0.92,0.3777,"LINESTRING (-116.201296 43.609849, -116.201714 43.61006, -116.201732 43.610065, -116.201748 43.610061, -116.201759 43.610049)"
3733,11836069316,11836069323,0,nan,footway,173.6,43.6209,-116.1945,0.004,0.9,0.0,6,2,2,,,,,,False,1.0,0.0,25.0,2.0,0.0,1.0,9.0,0.92,0.0513,"LINESTRING (-116.193663 43.620784, -116.194244 43.621088, -116.194467 43.620873, -116.194886 43.620679, -116.194905 43.620536, -116.194929 43.620474, -116.195017 43.620413, -116.195165 43.620368)"
3734,11902434862,11902434865,0,nan,footway,41.1,43.6154,-116.2001,1.3957,1.0,10.6008,39,8,6,0.0101,0.0107,0.2865,0.4777,0.0132,True,1.0,0.0,25.0,2.0,0.0,1.0,8.0,0.92,1.0,"LINESTRING (-116.19994 43.615528, -116.200236 43.615226)"
3735,11902434863,11902434864,0,nan,footway,28.3,43.6157,-116.1997,0.2982,1.0,0.0,27,4,5,,,,,,False,1.0,0.0,25.0,2.0,0.0,1.0,6.0,0.92,0.2704,"LINESTRING (-116.199842 43.615627, -116.199639 43.615834)"
3736,12200682039,12200682047,0,nan,path,54.8,43.6063,-116.2092,0.0,1.0,10.4565,1,0,4,,,,,,False,1.0,0.0,25.0,2.0,0.0,1.0,2.0,0.92,0.3067,"LINESTRING (-116.209566 43.60635, -116.20955 43.60637, -116.208908 43.606303)"
3737,12200682047,12200682048,0,nan,path,51.0,43.6062,-116.2093,0.0,0.6667,10.4565,1,0,4,,,,,,False,1.0,0.0,25.0,2.0,0.0,1.0,3.0,0.92,0.4157,"LINESTRING (-116.209001 43.606142, -116.209566 43.60635)"
3738,12677636536,12677636538,0,nan,footway,69.7,43.6068,-116.1889,0.0,1.0,7.5075,1,0,1,,,,,,False,1.0,0.0,25.0,2.0,0.0,1.0,1.0,0.92,0.1158,"LINESTRING (-116.188531 43.606669, -116.189258 43.607009)"
3739,12677636540,12677636545,0,nan,footway,77.0,43.6069,-116.188,0.0284,1.0,8.8527,0,0,0,,,,,,False,1.0,0.0,25.0,2.0,0.0,1.0,5.0,0.92,0.1377,"LINESTRING (-116.187801 43.607151, -116.188283 43.606553)"
3740,12677636543,12677636545,0,nan,footway,82.5,43.6073,-116.1882,0.0057,1.0,7.2307,0,0,0,,,,,,False,1.0,0.0,25.0,2.0,0.0,1.0,3.0,0.92,0.11,"LINESTRING (-116.187801 43.607151, -116.18868 43.607531)"
3741,12677636551,12677636553,0,nan,footway,32.7,43.6047,-116.1905,0.0,1.0,0.0,1,0,1,,,,,,False,1.0,0.0,25.0,2.0,0.0,1.0,1.0,0.92,0.0,"LINESTRING (-116.190308 43.604587, -116.190626 43.60477)"
3742,12677636566,12677636567,0,nan,footway,94.9,43.6115,-116.1911,0.0244,1.0,5.0047,6,0,4,0.0106,0.1244,0.2314,0.1547,0.011,True,1.0,0.0,25.0,2.0,0.0,1.0,9.0,0.92,0.1604,"LINESTRING (-116.190579 43.611225, -116.191543 43.611717)"
3743,12799049319,12799049319,0,nan,path,121.5,43.616,-116.1852,0.0,0.4286,0.0,1,0,0,,,,,,False,1.0,0.0,25.0,2.0,0.0,1.0,1.0,0.92,0.0247,"LINESTRING (-116.185228 43.616023, -116.185286 43.616027, -116.185347 43.616025, -116.185374 43.616016, -116.185385 43.616006, -116.185416 43.615895, -116.185416 43.615881, -116.18541 43.615866, -116.185396 43.615857, -116.18538 43.615852, -116.185361 43.615855, -116.185351 43.615867, -116.18532 43.615968, -116.185308 43.615978, -116.185285 43.615988, -116.185226 43.615989, -116.18518 43.615985, -116.185166 43.615979, -116.185163 43.615973, -116.185163 43.615962, -116.185171 43.615951, -116.185232 43.615931, -116.185288 43.61591, -116.185309 43.615898, -116.185312 43.615891, -116.185312 43.61588, -116.185303 43.61587, -116.185287 43.615865, -116.185255 43.615872, -116.185087 43.615939, -116.185064 43.615953, -116.185048 43.615967, -116.185047 43.615983, -116.18505 43.615992, -116.185076 43.616008, -116.185129 43.616016, -116.185212 43.616022, -116.185228 43.616023)"
3744,13680630680,13680630682,0,nan,footway,33.2,43.6071,-116.1908,0.0216,1.0,0.0,3,0,2,0.0003,0.1628,0.0,0.0,0.0042,True,1.0,0.0,25.0,2.0,0.0,1.0,2.0,0.92,0.0,"LINESTRING (-116.190659 43.606938, -116.190791 43.607048, -116.19065 43.607162)"
3745,13879774715,13879774720,0,nan,footway,98.3,43.6079,-116.2038,0.0,0.0,0.0,5,1,2,,,,,,False,1.0,0.0,25.0,2.0,0.0,1.0,1.0,0.92,0.2956,"LINESTRING (-116.204033 43.607529, -116.203868 43.607789, -116.203864 43.607812, -116.203547 43.608339)"
3746,13879774720,13879774753,0,nan,footway,52.7,43.6076,-116.2043,0.0,0.0,0.0,2,0,2,,,,,,False,1.0,0.0,25.0,2.0,0.0,1.0,0.0,0.92,0.2429,"LINESTRING (-116.204529 43.607772, -116.20451 43.607765, -116.20447 43.607752, -116.204457 43.607738, -116.204457 43.607715, -116.204458 43.607684, -116.20444 43.607654, -116.204419 43.607635, -116.204387 43.607622, -116.204033 43.607529)"
